,,Mid-2010 to Mid-2011,,,,,Mid-2011 to Mid-2012,,,,,Mid-2012 to Mid-2013,,,,,Mid-2013 to Mid-2014,,,,,Mid-2014 to Mid-2015,,,,,Mid-2015 to Mid-2016,,,,,Mid-2016 to Mid-2017,,,,,Mid-2017 to Mid-2018,,,,,Mid-2018 to Mid-2019,,,,,Mid-2019 to Mid-2020,,,,
,,Mid-2011 Population Estimate,Long-Term International Migration,,"Internal Migration
 (within UK)",,Mid-2012 Population Estimate,Long-Term International Migration,,"Internal Migration
 (within UK)",,Mid-2013 Population Estimate,Long-Term International Migration,,"Internal Migration
 (within UK)",,Mid-2014 Population Estimate,Long-Term International Migration,,"Internal Migration
 (within UK)",,Mid-2015 Population Estimate,Long-Term International Migration,,"Internal Migration
 (within UK)",,Mid-2016 Population Estimate,Long-Term International Migration,,"Internal Migration
 (within UK)",,Mid-2017 Population Estimate,Long-Term International Migration,,"Internal Migration
 (within UK)",,Mid-2018 Population Estimate,Long-Term International Migration,,"Internal Migration
 (within UK)",,Mid-2019 Population Estimate,Long-Term International Migration,,"Internal Migration
 (within UK)",,Mid-2020 Population Estimate,Long-Term International Migration,,"Internal Migration
 (within UK)",
Area Code,Area Name,,Inflow,Outflow,Inflow,Outflow,,Inflow,Outflow,Inflow,Outflow,,Inflow,Outflow,Inflow,Outflow,,Inflow,Outflow,Inflow,Outflow,,Inflow,Outflow,Inflow,Outflow,,Inflow,Outflow,Inflow,Outflow,,Inflow,Outflow,Inflow,Outflow,,Inflow,Outflow,Inflow,Outflow,,Inflow,Outflow,Inflow,Outflow,,Inflow,Outflow,Inflow,Outflow
E92000001,England,53107169,536020,301012,98198,102795,53493729,455219,300881,100441,106185,53865817,449062,274226,98692,104433,54316618,520941,277380,100164,109231,54786327,568685,261367,98455,106891,55268067,579326,277709,95356,107541,55619430,512075,301505,99676,118100,55977178,562457,308960,100459,119485,56286961,537699,338890,102419,122237,56550138,553116,322002,90650,110943
N92000002,Northern Ireland,1814318,13401,14097,10323,11121,1823634,12922,12480,10333,12090,1829725,12736,13623,10364,11815,1840498,13300,11063,11081,11747,1851621,13093,10298,10473,11236,1862137,12998,11540,10806,10806,1870834,11310,10727,10759,10167,1881641,13100,9182,10450,10235,1893667,14191,10478,11447,10333,1895510,11181,12932,10044,11570
S92000003,Scotland,5299900,44200,16900,43686,40777,5313600,35900,26200,45116,42078,5327700,28200,26100,47685,39823,5347600,33200,25200,49242,39657,5373000,37800,18200,47154,38786,5404700,40400,17500,46305,37512,5424800,32900,19500,47568,37113,5438100,32900,22000,47700,37700,5463300,39910,19730,47500,37400,5466000,39200,31300,41800,32800
W92000004,Wales,3063758,13241,11232,57122,54590,3074067,13713,12579,59233,54753,3082412,13725,6414,55014,55679,3092036,15180,9283,57484,57319,3099086,16699,10777,57518,56678,3113150,16826,7150,58654,55275,3125165,15230,10140,67690,60304,3138631,17470,10792,69115,60282,3152879,17518,9706,70963,62278,3169586,18644,8698,65897,53029
,,,,,,,,,,,,,,,,,,,,,,,,,,,,,,,,,,,,,,,,,,,,,,,,,,,
E12000001,North East,2596441,16493,8473,42285,45009,2602387,12251,8916,41919,44423,2610563,13082,6524,41470,42900,2618736,14430,10108,44037,43777,2624579,15132,8821,43405,43555,2636589,15292,6001,43090,42072,2644727,13837,8678,51593,48659,2657909,15874,4601,52852,49440,2669941,16636,6900,54949,51798,2680763,17881,5469,51587,46959
E12000002,North West,7055961,48677,30939,109088,116160,7084470,40655,26578,110583,118784,7103488,40349,30631,106617,115123,7133026,46003,32388,113907,118325,7175178,51633,28038,116779,113139,7223961,55689,30039,117264,111647,7258627,47712,36148,136226,125542,7292093,53391,36854,137812,129164,7341196,51512,23713,143606,133554,7367456,52198,32792,129836,120946
E12000003,Yorkshire and The Humber,5288212,38664,16106,101809,107485,5316897,32096,21060,106016,108225,5337940,32282,19634,100091,106900,5360117,36407,24706,105663,110331,5390211,39571,19051,104994,107256,5425370,40702,21196,105286,104157,5450130,36667,22132,122905,123569,5479615,39846,19821,126337,124166,5502967,38879,24919,130705,129224,5526350,40788,18139,118089,118116
E12000004,East Midlands,4537448,32042,18069,112265,108376,4567798,27744,18496,118269,111970,4598548,30240,17588,114982,109354,4637369,33159,13841,120509,114357,4677425,37107,14814,120895,111450,4725390,38712,14965,122500,109739,4771666,33431,14119,150974,131161,4804149,38035,27166,150938,133916,4835928,35209,20521,153627,141563,4865583,35539,13703,140942,132181
E12000005,West Midlands,5608667,45305,24519,102066,109248,5642763,36192,20422,104977,111238,5675030,36422,22421,104244,107245,5713439,42317,22645,109152,112103,5755032,50357,22140,108992,111040,5810773,54885,19608,110942,109246,5860706,45319,17095,135324,129636,5900757,50823,24906,135723,133000,5934037,49997,27502,137783,139653,5961929,50814,22367,124128,127420
E12000006,East,5862418,43198,25260,145352,130732,5905914,36974,29012,151679,136657,5951934,35754,23234,149489,131952,6017250,41234,19422,158743,139250,6075970,46207,18594,157996,143359,6129005,47634,26002,156946,141857,6168432,41488,26481,176465,167656,6201214,45878,33485,179464,169183,6236072,42556,31704,185894,172940,6269161,42324,27289,170971,153578
E12000007,London,8204407,205343,102326,201620,241972,8308833,176340,107159,203482,255141,8417458,170054,90237,196571,251599,8539398,200902,93495,204443,273077,8666930,212837,86447,205531,283066,8769659,208593,94368,198327,291629,8825001,190401,106913,229405,336013,8908081,201872,89079,237275,340505,8961989,192920,115511,255299,349291,9002488,200389,115844,218902,320283
E12000008,South East,8652784,71385,53739,229093,208410,8724928,62546,49177,240745,216412,8793154,60068,43989,232608,207754,8874005,71392,37464,242323,222328,8949392,77609,40764,240286,224014,9030347,79278,38103,238756,225097,9080825,69230,43573,268850,261949,9133625,78513,50302,274281,263614,9180135,73944,52855,282745,272595,9217265,76086,61701,257708,240025
E12000009,South West,5300831,34913,21581,136772,117556,5339739,30421,20061,139717,120281,5377702,30811,19968,136831,115817,5423278,35097,23311,145956,120252,5471610,38232,22698,147056,117491,5516973,38541,27427,146834,116686,5559316,33990,26366,169758,135739,5599735,38225,22746,169578,140298,5624696,36046,35265,171520,145328,5659143,37097,24698,158484,131432
,,,,,,,,,,,,,,,,,,,,,,,,,,,,,,,,,,,,,,,,,,,,,,,,,,,
E10000003,Cambridgeshire,622312,7841,4958,29039,28373,625908,7758,7553,:,:,628918,6847,5135,28677,28351,635186,7421,4691,30185,29450,641524,7864,4355,30415,30164,644575,7749,5946,29586,30416,648237,7080,5865,34819,34305,651482,8977,7440,35066,34799,653537,8169,7709,35851,35766,657204,8663,6218,32978,32071
E10000006,Cumbria,499817,1583,1273,11317,11576,499205,1336,1169,:,:,498499,1253,1128,11426,11579,498376,1378,1358,12212,12028,498581,1580,1238,12113,11463,498793,1592,1126,11882,11518,498375,1394,1529,13285,12183,498888,1625,1465,13595,11929,500012,1425,826,13783,12360,499781,1301,1040,12302,10519
E10000007,Derbyshire,770688,1609,1347,23940,22354,773726,1230,1004,:,:,776639,1305,950,24601,22533,780382,1484,656,26516,24011,783082,1597,740,26076,23554,786734,1610,822,26055,23157,791966,1508,798,32239,27182,796142,1475,1423,32438,27472,802694,1426,899,34771,27891,807183,1293,557,30581,24950
E10000008,Devon,747709,4690,2782,30288,26964,753102,3803,1990,:,:,757930,3992,2070,30225,26446,764702,4360,2337,33270,27861,772406,4582,2097,33745,26776,778831,4474,2901,33399,26958,787171,4019,2673,39717,30779,795286,4641,2183,39583,31495,802375,4459,3435,40372,32365,810716,4845,2480,37067,28546
E10000011,East Sussex,527209,2358,2197,19901,16095,531088,2295,2048,:,:,534904,2012,1548,20598,16153,540503,2297,1230,22380,17115,545021,2382,1229,21547,16714,549557,2641,1100,21122,16830,552259,2287,1193,21809,18667,554590,2665,1471,21709,18749,557229,2420,1397,22120,18761,558852,2367,1582,20107,16936
E10000012,Essex,1396599,6667,4519,44181,40407,1407084,5457,3893,:,:,1417596,5357,3374,46206,40676,1433282,6424,2978,51101,42685,1445323,7458,2655,50024,44941,1457910,7489,3866,50301,43853,1468177,6531,3679,56289,50841,1477764,7065,4483,57150,51468,1489189,6631,4232,59524,52435,1497759,6643,3748,52719,47058
E10000013,Gloucestershire,598289,3273,1805,21606,19790,602216,3136,2247,:,:,605959,2689,2050,22096,19805,611739,3277,2347,23975,20126,617527,3396,2321,23963,19804,623094,3433,2578,23765,19890,628139,3098,2407,27249,23127,633558,3510,2289,27041,23216,637070,3171,3338,27689,24139,640650,3093,2089,24877,21647
E11000001,Greater Manchester (Met County),2685386,25899,16016,62767,66954,2701377,21659,14457,:,:,2713572,21051,16244,62013,67919,2730123,24061,16691,65098,69844,2754017,27688,14207,66781,68300,2780844,30298,15240,67422,68871,2798799,25093,17371,78405,80040,2812569,26499,18372,78220,82378,2835686,26808,12156,83395,85835,2848286,27269,16777,74237,78763
E10000014,Hampshire,1322118,6028,5130,49196,44991,1331394,4902,4090,:,:,1340180,4555,4020,50424,45384,1349627,5440,3070,51623,47637,1356994,5543,3417,51671,48483,1365103,5741,3118,50715,48262,1370728,5094,3543,58179,55202,1376316,5620,4252,58366,53893,1382542,4927,4175,59865,55157,1389206,4687,4670,53602,47268
E10000015,Hertfordshire,1119824,7199,5439,45648,41538,1129291,6017,6300,:,:,1140618,6238,4857,48583,43835,1154195,7627,3626,50919,47428,1165332,8372,3539,50351,48983,1176386,8967,4329,50400,49591,1180934,7700,4897,54955,57892,1184365,8351,5919,55035,58239,1189519,7780,5689,57849,58874,1195672,7574,5244,52252,51041
E10000016,Kent,1466466,9400,6602,48505,42308,1480151,8623,6074,:,:,1493114,7821,5247,50808,43764,1509301,9591,4600,54437,46621,1523100,10402,4503,53407,47467,1540438,10610,4215,54097,46135,1554636,9384,4861,58675,51477,1568623,9660,5673,59565,51556,1581555,9073,5812,62066,53962,1589057,8922,7636,53861,47592
E10000017,Lancashire,1171558,6767,3393,36294,35681,1175370,5527,3208,:,:,1178594,5415,3777,37668,37699,1182605,6036,3973,39771,39125,1188875,6492,3336,39303,37487,1195418,6835,3871,39409,37263,1201855,6112,4408,45385,40801,1210053,8133,3547,45066,40515,1219799,7378,2182,46737,42250,1227076,7664,3401,43199,37939
E10000018,Leicestershire,651179,3589,1707,26635,24697,656182,2806,1935,:,:,660917,2514,1614,28102,25385,666682,2905,1394,30123,26827,673410,3005,1567,30393,26015,680466,3072,1536,30298,25843,690212,2774,1321,37099,29139,698268,3248,2328,37809,31291,706155,3264,1713,38527,32700,713085,3528,1188,34068,29284
E10000019,Lincolnshire,714768,3901,2149,25262,23190,719184,3759,2008,:,:,724523,4341,1901,26716,23928,731886,4732,1339,28402,25253,737350,5156,1452,27086,25130,744811,5350,1514,27695,24482,751171,4537,1714,32949,28619,755833,4758,3449,32965,28152,761224,4225,2330,33787,29081,766333,4018,1374,31022,26584
E11000002,Merseyside (Met County),1380770,9110,5285,28545,31465,1386444,7744,4138,:,:,1388143,7958,5122,29980,32219,1393548,9219,5825,32330,32754,1401516,10161,4970,33524,31752,1411155,10633,5675,34814,31682,1416825,9462,7603,39986,37135,1423065,11109,8355,41954,38724,1429910,10594,5462,42135,41001,1434256,10978,7372,41610,38520
E10000020,Norfolk,859426,5643,2109,24836,22220,864847,4976,2921,:,:,870296,5189,2674,25553,22459,877388,5657,2124,26734,23848,884748,6207,1933,26893,23167,891731,6097,3114,27414,22538,898390,5383,3265,31566,26131,903680,5433,4179,32508,26450,907760,5315,3804,33007,28299,914039,5422,3126,31891,24710
E10000023,North Yorkshire,601206,2428,1806,21602,20766,603508,2254,2245,:,:,604724,2069,1613,23174,21668,604730,2384,1862,23992,22919,606017,2296,1475,24054,22430,609538,2515,1415,24184,21889,611633,2342,1589,27838,25546,614505,2661,1453,27837,24677,618054,2368,1969,28771,25392,620610,2303,1337,25602,21963
E10000024,Nottinghamshire,786796,3001,1964,26895,26275,790167,2611,1777,:,:,796423,2647,1639,30415,26615,801616,2806,1260,30862,28697,806217,3178,1327,30708,28265,811483,3503,1421,30314,28030,817851,3023,1469,35733,31354,823126,3063,2593,36381,31300,828224,2885,1719,37032,32975,833377,2789,1192,34481,29701
E10000025,Oxfordshire,654791,8538,5450,31370,32157,660009,7683,6216,:,:,663998,7307,5551,30932,31250,669377,8862,4791,32208,32961,673590,9303,5659,31331,33520,678484,9372,5297,31068,33086,682444,8377,6201,37157,37531,687524,10218,7233,38483,37939,691667,9741,8138,40218,39586,696880,10454,9187,38034,35166
E10000027,Somerset,531581,2377,1381,19585,17351,535197,2124,1371,:,:,538370,1987,1414,20241,17326,542203,2360,1367,21166,18451,546466,2652,1411,21451,18147,551446,2763,1576,21808,17912,555195,2357,1610,23420,20016,559399,2776,1478,23816,19927,562225,2449,2241,23853,20305,563851,2338,1548,19846,17653
E11000003,South Yorkshire (Met County),1343805,10342,3747,33579,34880,1352382,9169,4797,:,:,1358520,9458,4444,32975,35532,1366088,10166,5342,35304,36412,1375457,11877,4109,35205,36199,1385413,11786,4931,35386,35474,1393445,10644,4966,42198,42463,1402918,11003,4903,44092,42607,1409020,11405,6020,44545,45114,1415054,11956,4594,40058,40803
E10000028,Staffordshire,849546,2971,1486,27172,26506,852039,2490,1411,:,:,856837,2530,1535,28903,26954,859870,2981,1439,29108,28594,862166,3334,1497,28344,27923,866430,3446,1457,28537,27395,870825,2986,1197,34453,32477,875219,2967,1665,34709,31013,879560,2749,1447,36267,32690,883172,2583,976,32018,28236
E10000029,Suffolk,730133,3083,3022,32791,29942,732802,2932,2566,34639,32504,735844,2583,2321,34108,30807,742499,3086,1794,35734,32951,747734,3665,1848,36320,33273,751175,3807,2461,36321,33313,756978,3326,2473,40271,36816,758556,3822,3827,38424,35918,761350,3320,3251,26969,23500,761246,3038,2926,24484,21135
E10000030,Surrey,1135367,10455,8206,52832,48959,1144046,9021,8050,:,:,1154136,8341,6338,54138,50175,1164095,9528,5650,57212,54710,1172382,10480,6129,55019,55138,1180956,10902,5476,54718,55422,1185321,9398,6115,62051,63331,1189934,11182,6524,62097,64573,1196236,10818,7000,65209,65674,1199870,11296,8938,60458,59058
E11000007,Tyne and Wear (Met County),1104141,9791,4469,27109,29465,1107684,7691,5500,:,:,1112559,8344,4031,28507,29416,1117332,8879,6154,30341,30140,1120521,9271,5434,29518,30435,1126417,8990,3723,29203,29848,1129538,8013,5373,34205,34260,1136371,8979,2905,35727,34850,1141469,9470,4437,36581,36793,1146624,10479,3485,33628,33721
E10000031,Warwickshire,546554,2757,2575,21628,20963,548320,2517,2249,:,:,549517,2488,1986,21147,21635,552450,3476,2240,22629,22196,555154,3467,2221,22498,21532,558991,3870,2102,22726,21388,564562,3381,1871,28728,25167,571010,3495,2532,30604,25564,577933,3146,2529,32179,26411,583786,2887,1860,28459,23130
E11000005,West Midlands (Met County),2739733,32608,16276,62293,71482,2761887,24324,12980,:,:,2781753,24977,14811,66623,73119,2805891,28434,14790,69539,75781,2834490,34997,14177,70230,76514,2870551,38518,12513,70895,76312,2897303,30997,10614,84994,93169,2916458,35534,15771,85289,98310,2928592,35877,18882,86459,104138,2939927,37682,16075,78094,96139
E10000032,West Sussex,808919,4399,2966,28898,25267,815960,4472,3258,:,:,822940,4226,2761,30569,25350,830512,4864,2399,32302,27394,838525,5134,2536,32817,27276,846888,5690,2434,32033,27065,852353,4726,2923,35096,30818,858852,5436,3402,35920,30627,863980,4732,3403,35879,31638,867635,4488,3991,32088,27266
E11000006,West Yorkshire (Met County),2227371,18219,7723,54291,58778,2240388,14549,10014,:,:,2250644,14287,9666,54137,59536,2261757,16535,12500,56916,61151,2277796,17730,9599,57361,59276,2295025,18767,10544,57279,58609,2307035,16658,10666,65615,68896,2320214,18080,9048,66951,70262,2332469,17747,11500,70593,72171,2345235,18960,8562,63553,65955
E10000034,Worcestershire,566557,2300,1893,17465,16480,569301,2246,1344,:,:,572613,2251,1323,18743,16757,575993,2614,1464,19815,18226,579050,2836,1525,19813,18038,583491,3023,1303,20029,17572,588370,2584,1224,23835,20177,592057,2847,1773,23588,20373,595786,2542,1562,23923,20862,598070,2452,1237,20552,17939
,,,,,,,,,,,,,,,,,,,,,,,,,,,,,,,,,,,,,,,,,,,,,,,,,,,
,,,,,,,,,,,,,,,,,,,,,,,,,,,,,,,,,,,,,,,,,,,,,,,,,,,
S12000033,Aberdeen City,222460,5284,1154,8298,9350,224910,4414,2312,9238,9493,227070,3636,2334,10405,10043,228920,4202,2237,10004,10557,230350,4590,1401,9470,11574,229840,4157,1683,8148,11591,228800,3182,1691,8152,11059,227560,2980,1800,7710,10210,228670,3590,1570,8310,9530,229060,3780,2480,7330,8130
S12000034,Aberdeenshire,253650,1438,715,7398,6737,255560,1062,853,8000,6823,257770,978,862,8575,7027,260530,1062,938,9280,7363,261960,1080,824,8408,7678,262190,978,662,7179,7849,261800,758,547,6464,7363,261470,600,640,6530,7090,261210,760,560,6490,7080,260780,650,740,5710,5740
E07000223,Adur,61334,171,170,3166,3025,61970,177,123,3709,3088,62605,165,120,3651,3132,63266,181,97,3718,3227,63526,196,95,3609,3428,63621,226,115,3337,3324,63721,183,107,3714,3630,63869,240,125,3828,3714,64301,223,114,3887,3527,64187,231,170,3222,3213
E07000026,Allerdale,96444,263,205,2626,2529,96269,182,137,2806,2868,96269,158,120,2780,2620,96532,185,164,3052,2720,96756,218,126,3130,2766,97099,218,112,3024,2574,97213,187,181,3250,2875,97527,198,150,3510,2976,97761,188,89,3428,3020,97831,150,109,2904,2424
E07000032,Amber Valley,122521,203,172,4825,4488,122798,159,130,4906,4716,123592,173,135,5181,4563,124050,189,107,5240,4845,124188,185,115,5237,5006,124802,178,109,5295,4711,125898,171,110,6316,5215,126678,181,177,6301,5413,128147,160,122,6928,5388,128829,138,60,5923,5022
S12000041,Angus,116200,513,278,3091,3211,116220,369,358,3561,3314,116290,279,366,3666,3466,116740,340,313,3890,3272,116900,290,301,4016,3468,116520,346,273,3565,3570,116280,304,254,3484,3390,116040,220,270,3670,3430,116200,310,250,3700,3280,115820,240,330,3120,2750
N09000001,Antrim and Newtownabbey,138651,904,1130,4263,4179,139157,742,822,4845,4999,139536,617,938,4705,4662,139966,678,804,4596,4833,140467,562,549,5069,4509,141032,652,726,4653,4615,141697,557,663,4722,4436,142492,741,600,4683,4564,143504,745,543,4767,4296,143756,556,630,3923,3961
N09000011,Ards and North Down,156943,556,680,3577,3295,157637,643,607,3972,3643,157640,548,691,3780,3746,157931,468,599,4266,3753,158797,437,529,4606,3379,159593,501,455,4277,3647,160098,475,404,4213,3430,160864,523,334,4196,3547,161725,492,348,4176,3514,162056,433,563,3822,3148
S12000035,Argyll and Bute,88930,360,305,3375,3126,86910,304,475,3517,3579,88050,235,446,3696,3508,87650,239,473,3546,3587,86890,299,384,3614,3762,87130,351,313,3759,3563,86810,296,332,3885,3712,86260,300,440,3830,3780,85870,290,380,3640,3620,85430,300,570,3130,2950
N09000002,"Armagh City, Banbridge and Craigavon",200298,1604,989,4148,4105,202398,1635,945,4394,4658,203757,1505,950,4002,4510,205711,1680,810,4536,4585,207797,1899,813,4891,3876,210260,1856,907,4908,4697,211898,1442,737,5012,5031,214090,1886,740,5066,4927,216205,1829,837,5138,5066,217232,1439,1135,4680,4661
E07000224,Arun,149811,836,459,6608,5685,151556,874,549,7724,5878,153013,811,410,7337,5837,154653,847,440,7773,6031,155798,865,492,7519,6037,157287,1017,404,7528,6023,158657,840,588,8417,6654,159827,904,616,8593,6853,160758,795,466,8308,6899,161123,729,529,7217,6154
E07000170,Ashfield,119522,288,193,4728,4362,120120,184,140,5092,4939,121546,224,143,5606,4682,122490,250,99,5586,5156,123577,275,108,5829,5035,124513,340,133,5733,5232,126164,297,136,7000,5777,127151,283,274,6734,5835,127918,266,153,6760,6235,128337,240,130,5944,5545
E07000105,Ashford,118405,630,535,5563,4765,120128,497,427,5974,4962,121684,473,387,6064,5120,123159,627,315,6350,5653,124047,641,287,5949,5822,125871,689,241,6409,5469,127527,621,322,6602,5766,129281,678,397,6638,5556,130032,629,410,6522,6163,131018,565,391,5941,5339
E07000200,Babergh,87901,279,227,4481,4229,88088,242,207,4561,4370,88704,243,167,4610,3982,89413,267,151,5041,4365,89900,245,115,4982,4392,90250,252,147,4828,4464,90794,224,116,5430,4730,91401,238,168,5499,4732,92036,213,175,5662,4744,92735,206,138,4910,3987
E09000002,Barking and Dagenham,187029,3160,586,10840,11487,190663,2479,815,11975,12527,194576,2269,753,12354,12612,198650,3426,742,12928,14046,203101,3898,616,12923,14099,208182,4689,799,12687,14263,210711,4185,959,13681,17037,211998,3846,967,14258,18401,212906,3760,1284,15149,19066,214107,3387,1366,12905,15877
E09000003,Barnet,357538,8311,3329,19948,21296,363777,6748,3033,20777,21611,368301,6092,2793,20664,22396,373745,7720,3321,21984,23868,378778,8636,2969,21755,25134,384774,8257,3450,22812,24591,387803,7622,3506,25028,28885,392140,7085,2864,25364,28084,395869,7269,3792,26583,28906,399007,7395,3736,22984,25676
E08000016,Barnsley,231865,737,319,6289,5707,233762,593,284,6786,5940,235811,640,332,7134,5974,237971,1065,371,7168,6253,239855,1378,278,6797,6401,241847,1318,361,6935,6282,243341,1215,448,7692,7377,245199,1080,447,8193,7121,246866,1048,593,8771,7607,248071,913,430,7482,6639
E07000027,Barrow-in-Furness,69056,188,129,1505,1721,68471,90,95,1337,1997,67936,90,79,1450,1933,67769,111,94,1599,1804,67676,118,62,1710,1873,67532,126,72,1639,1794,67099,106,81,1651,2072,67137,136,72,1753,1751,67049,108,50,1691,1860,66726,93,83,1552,1643
E07000066,Basildon,174971,545,471,6886,6769,176538,393,288,7395,6866,178498,401,283,7601,6685,180676,591,203,8160,7326,181951,656,210,7969,7950,183768,741,318,8241,7880,184479,638,334,8782,9213,185862,710,353,9304,9041,187199,652,392,9657,9599,187558,584,412,7963,8399
E07000084,Basingstoke and Deane,168550,876,759,7754,6826,170691,809,670,7931,7107,172050,749,748,7302,7098,173374,931,489,7613,7622,174340,955,595,7497,7603,175226,986,539,6949,7463,175337,855,677,8261,9081,175729,953,838,8414,8602,176582,780,833,9032,8742,177760,732,727,8073,7352
E07000171,Bassetlaw,113003,352,168,3752,3873,113235,311,188,4075,4123,113704,344,200,4313,3985,114256,457,145,4374,4304,114689,444,149,4194,3942,115212,512,137,4130,4009,116304,435,198,5169,4402,116839,444,395,5187,4540,117459,403,246,5163,4575,118280,362,178,4905,3988
E06000022,Bath and North East Somerset,175538,2722,1526,11395,11163,177196,2177,1314,12255,11720,179460,2410,1091,12492,11738,181241,2451,1489,13066,12452,184287,2861,1339,13545,12086,186946,2867,1767,13907,12540,188678,2389,1555,15671,14753,192106,3029,1305,16746,15192,193282,3065,2069,16895,16747,196357,3577,1612,16596,15408
E06000055,Bedford,157840,1347,1014,7400,6423,159369,1079,908,7676,7203,161553,1115,747,7937,6869,163999,1419,744,8097,7216,166376,1651,753,8168,7301,168814,1816,1181,8290,7300,169912,1465,1127,9038,8916,171623,1575,1350,9239,8474,173292,1447,1212,9432,8604,174687,1322,1041,8420,7699
N09000003,Belfast,333895,4082,5428,12347,13285,333962,4107,4606,13523,14864,335133,4544,5608,14198,13949,336830,4710,4330,14115,14955,338907,4490,3868,13207,15571,339579,4253,4833,15519,16502,340220,4254,4813,15424,16519,341877,4989,4085,16756,17251,343542,5660,5040,16779,17443,342560,4584,5775,15665,16963
E09000004,Bexley,232774,1214,280,9994,9920,234308,960,429,11094,11358,236816,970,364,11435,10590,240016,1144,415,12228,10955,242387,1284,430,12355,11942,245095,1408,523,12496,11765,246124,1159,556,13393,14008,247258,1273,439,13688,14387,248287,1171,432,14245,14916,249301,1140,481,12211,12500
E08000025,Birmingham,1074283,16136,8599,38041,43555,1085198,11689,7235,42338,45503,1092190,12001,8557,40845,46487,1101521,13708,8301,42502,47639,1112950,15810,7909,42891,47420,1128077,17719,6879,43275,47764,1137123,14163,5898,51122,58764,1141374,16128,8954,50273,60690,1141816,16548,12121,51981,63541,1140525,17494,10625,46113,59469
E07000129,Blaby,94132,247,104,4208,4390,94608,165,135,4982,4794,95105,180,146,5014,4785,95836,213,119,5218,4815,96458,205,142,5322,4933,97562,220,154,5524,4724,98977,204,141,6859,5400,100421,244,257,6725,5458,101526,201,176,6449,5619,101950,175,98,5365,5152
E06000008,Blackburn with Darwen,147657,856,585,4470,5551,147854,662,503,4668,5797,147763,659,533,4499,5771,147416,659,502,4520,6055,147856,854,411,4754,5631,148462,1077,385,4617,5653,148772,790,381,5189,6022,148942,1029,417,5079,6241,149696,859,261,5733,6342,150030,780,337,5008,5624
E06000009,Blackpool,142080,513,771,7505,7744,142037,563,423,8052,8240,141603,416,373,7916,8326,140898,530,431,8109,8889,140162,536,342,7480,8241,139983,618,364,7747,7996,139870,612,477,7994,7991,139305,508,490,7608,7900,139446,420,289,7950,7763,138381,381,413,6638,7184
W06000019,Blaenau Gwent / Blaenau Gwent,69812,69,51,1560,1680,69806,85,100,1777,1758,69764,93,47,1682,1785,69653,106,60,1664,1878,69547,126,67,1727,1823,69630,119,49,1923,1857,69609,112,71,1888,1834,69713,107,79,2112,1873,69862,87,48,2082,1940,70020,80,51,1848,1529
E07000033,Bolsover,76029,198,65,3336,3317,76480,173,75,3516,3196,76774,273,61,3324,3373,77231,251,43,3620,3388,77917,348,65,3728,3321,78225,339,102,3775,3684,79098,305,99,4790,4059,79530,228,173,4699,4275,80562,239,99,5027,4135,81305,174,53,4441,3749
E08000001,Bolton,277296,1857,884,7956,8587,279084,1467,916,8824,9029,280271,1621,1100,8256,8851,280788,1703,1127,8332,9804,281828,1865,1029,8631,9544,283536,2208,1023,8666,9430,284813,1832,1096,10127,10767,285372,1892,959,9893,11272,287550,2049,558,11002,11343,288248,1829,765,9053,10195
E07000136,Boston,64615,1072,298,1997,2815,64855,1082,318,2258,2999,65831,1376,262,2332,2649,66454,1378,207,2286,2946,66876,1538,198,2132,3092,67709,1733,208,2060,2971,68488,1374,279,2753,3117,69366,1593,596,2984,3082,70173,1313,386,3094,3198,70837,1227,262,2659,2867
E06000058,"Bournemouth, Christchurch and Poole",379441,4375,2217,19136,17363,382788,4239,2555,20122,18963,385178,3644,2139,19214,18375,388358,4252,3002,20593,18919,390889,4785,2897,20000,19057,394009,4822,3422,20197,18459,395638,4272,3209,22634,21750,395784,4287,2623,22346,23265,395331,4340,3726,22092,22771,396989,4566,2369,20727,20501
E06000036,Bracknell Forest,113696,970,747,6010,5852,115089,765,514,6417,6117,116543,734,506,6647,6285,117997,875,396,6513,6379,119205,966,406,6438,6478,119730,951,428,6071,6870,120377,846,452,6527,7069,121676,1003,528,7078,6867,122549,924,536,7000,7171,124165,979,629,6731,6127
E08000032,Bradford,523115,4928,1799,13416,16507,524386,3753,2552,13551,17529,525936,3603,2147,13874,17422,527567,3860,2754,14413,17749,529879,3868,2123,14312,17173,532539,3973,2142,14352,17083,534800,3777,2092,16614,19332,537173,3511,1625,17453,19669,539776,3688,2207,18184,20020,542128,3871,1533,15555,17591
E07000067,Braintree,147514,418,314,6708,5954,148375,361,296,6689,6321,149150,348,248,6618,6329,150076,451,203,7083,6772,150530,494,219,7023,6990,151233,488,290,7128,6854,151677,439,306,7613,7491,151561,369,443,7312,7475,152604,361,339,8322,7371,153091,323,219,7010,6573
E07000143,Breckland,131009,831,329,5956,5410,131857,889,331,6038,5647,132995,748,303,6412,5714,134287,808,217,6580,6015,135698,858,263,6926,6010,137123,800,377,6956,5684,138602,757,443,7726,6476,139329,698,572,7612,6568,139968,635,537,7609,6611,141255,582,444,7088,5450
E09000005,Brent,312245,8829,3110,16855,21200,314593,8027,5230,17621,21812,317112,8323,4394,17319,22241,320101,11257,5041,17393,24325,323443,11727,3997,17595,25334,326427,11598,4193,18066,26022,329102,10765,4740,22152,28954,330795,9182,3816,23410,30207,329771,8801,5608,24533,31882,327753,8367,5030,21392,29427
E07000068,Brentwood,73841,288,253,3946,3550,74142,236,228,4038,3813,74734,226,119,4017,3687,75914,302,169,4805,3843,76403,358,148,4325,4126,76769,336,206,4285,4154,76575,309,185,4383,4785,76550,298,198,4532,4674,77021,280,162,4994,4787,77242,257,89,4116,4087
W06000013,Bridgend / Pen-y-bont ar Ogwr,139410,204,230,3704,3475,139769,237,261,3886,3717,140536,225,121,4214,3564,141287,366,217,4198,3722,142259,310,188,4319,3653,143408,427,156,4656,3803,144288,404,202,4741,4006,144876,274,198,4815,4055,147049,258,175,5796,3498,147539,276,143,4024,3258
E06000043,Brighton and Hove,272952,5463,3940,17682,18111,275724,5851,3257,18843,19756,277991,5583,2955,17710,19040,280650,6019,2681,18356,20079,284073,6220,2820,19195,20030,287173,5806,2865,19601,20288,288155,5309,3405,21242,22633,290395,6039,3845,22218,22617,290885,5891,4097,22453,24061,291738,6661,4471,20682,22224
E06000023,"Bristol, City of",428074,5982,3997,25190,24938,433043,5121,4007,27281,27077,438386,5789,3856,26857,26724,443791,6419,4774,28539,27874,450640,7280,4795,29347,28045,455966,7240,6153,29474,28380,459252,6389,6106,33834,33625,463405,7523,5411,34685,35098,463377,7071,8646,36391,37107,465866,7380,6628,33092,33282
E07000144,Broadland,124740,254,99,5823,5565,125173,215,152,6342,5809,125499,202,141,6200,5683,125956,216,80,6539,5942,126626,224,104,6572,5643,127402,232,156,6595,5514,128535,199,143,7873,6467,129464,225,159,7684,6417,130783,193,89,7910,6373,131931,173,83,7088,5563
E09000006,Bromley,310554,1599,732,14851,14284,314039,1446,973,16692,15225,318167,1338,736,17034,14988,321602,1694,904,18140,16971,325303,1815,898,18177,16835,327580,1936,936,17371,17827,329391,1640,1059,18726,19061,331096,1797,887,18616,19276,332336,1540,1011,19250,19884,332752,1448,1031,17032,17993
E07000234,Bromsgrove,93732,229,252,4431,4010,94281,170,132,4886,4144,94806,175,86,4862,4075,95519,178,123,5268,4631,95800,188,93,5190,4727,96770,174,86,5479,4485,97594,154,92,6192,5214,98662,254,104,6407,5304,99881,232,109,6460,5140,100569,235,82,5292,4287
E07000095,Broxbourne,93702,383,292,4074,4256,94595,314,292,4730,4462,95107,364,254,4477,4582,95837,412,226,4901,4916,96311,455,172,4901,5260,96881,535,319,4822,4981,96762,448,344,5329,6033,96876,447,451,5598,5960,97279,426,358,5978,6047,97592,377,278,5115,5137
E07000172,Broxtowe,109749,854,419,6339,6254,110568,679,489,6941,6630,111077,646,405,6731,6708,111534,594,343,7219,7215,111837,642,340,7177,7191,112116,635,341,6799,7024,112718,571,308,8047,7686,113272,669,535,8347,7860,114033,666,341,8724,8172,114627,750,242,7824,7502
E06000060,Buckinghamshire,506550,3810,3404,21272,20303,510983,2894,3057,:,:,515533,2823,2603,23977,21761,520900,3406,2214,25007,22920,527114,3966,2484,25781,22856,533056,4047,2324,24682,22843,535918,3482,2459,27602,27394,540059,4264,2663,28057,27061,543973,3949,3062,29075,27458,547060,4094,3402,26119,24657
E07000117,Burnley,87032,268,237,3058,3329,87091,186,166,3352,3577,86829,182,197,3174,3686,87194,289,211,3644,3681,87262,262,146,3311,3538,87496,389,211,3274,3544,87705,288,268,3803,3890,88527,800,228,3660,3603,88920,492,138,3844,4018,89344,427,286,3615,3437
E08000002,Bury,185422,921,672,6752,6951,186150,727,551,7100,7411,186468,667,580,6908,7316,187287,818,638,7318,7395,187788,896,601,7386,7741,188503,1117,640,7189,7478,189628,898,621,8679,8265,190108,865,639,8415,8584,190990,957,302,8746,9113,190708,775,411,6790,7665
W06000018,Caerphilly / Caerffili,178782,122,192,3916,4261,179014,143,197,4542,4640,179230,148,115,4507,4599,179933,184,129,4808,4570,180168,178,126,4734,4763,180453,179,93,4636,4782,180795,171,152,4922,4687,181019,166,163,5167,5100,181075,135,122,5058,4986,181731,120,100,4935,4068
E08000033,Calderdale,204170,765,511,6577,6302,205200,693,457,6792,6812,206136,644,450,6820,6819,207042,768,488,6848,6921,207832,659,348,6732,6847,209069,744,333,7127,6812,209454,765,340,7800,8264,210082,740,255,7973,8154,211455,745,282,8872,8258,211439,691,207,6866,7495
E07000008,Cambridge,122725,4583,3418,12771,13684,122601,4749,5260,12997,13233,123024,3986,3340,12575,13257,123735,4209,3293,12862,13774,125105,4455,2978,13758,14369,124635,4404,3930,13448,14928,124919,4019,3593,15622,16285,125758,5764,4566,16241,17105,124798,5354,5147,16358,18070,125063,6046,4215,14772,16740
E09000007,Camden,220087,13788,6346,20005,21907,224809,11946,6918,20400,22698,230486,11010,5346,20254,21990,236022,12531,5829,20976,23766,243837,14501,5393,20770,23687,249162,12775,5947,20300,23452,253361,11815,6140,22189,25132,262226,16404,5475,22670,26066,270029,16514,7265,24141,27036,279516,20044,7827,21052,24804
E07000192,Cannock Chase,97582,166,110,3381,3404,97932,100,64,3490,3490,98106,99,80,3424,3653,98508,147,73,3632,3641,98490,172,71,3350,3623,98513,225,77,3512,3784,99126,169,58,4457,4106,100109,207,81,4663,3913,100762,181,93,4698,4287,101484,183,53,4059,3560
E07000106,Canterbury,150600,2696,1340,11373,10491,153223,2459,1125,12267,10982,154941,1727,1024,12535,11031,157044,2245,1035,12939,11749,159663,2736,890,12797,11650,162502,2716,875,12634,11460,164100,2284,887,13936,13410,164553,2345,1079,13545,13993,165394,2609,1083,14136,14436,166762,2953,1763,13196,12560
W06000015,Cardiff / Caerdydd,345442,4699,4175,19765,18793,348724,4256,4466,20837,19492,352146,4723,2284,19488,20249,354829,5248,3345,19849,21102,357496,5760,4026,20267,20986,361168,5343,2591,20099,21019,362756,4987,3501,21626,22913,364248,5903,3994,21838,23334,366903,6384,3731,22910,24012,369202,7196,3613,20962,22958
E07000028,Carlisle,107475,353,271,3596,3542,107925,305,353,3856,3598,107992,299,275,3573,3575,108059,333,410,3808,3909,108109,362,416,3673,3618,108388,374,368,3638,3536,108274,343,497,4013,3871,108387,422,450,4176,3881,108678,386,283,4103,3868,108524,357,330,3504,3313
W06000010,Carmarthenshire / Sir Gaerfyrddin,183961,331,259,6023,5196,184332,470,437,6473,6001,184669,517,209,6220,5881,184968,602,320,6286,6078,185247,539,363,6318,5768,185754,487,231,6702,6080,186452,525,362,6931,6047,187568,500,330,7241,5672,188771,431,265,7409,5919,190073,394,207,6609,4847
E07000069,Castle Point,87964,143,130,3583,3547,88219,110,72,3958,3593,88594,94,64,3935,3442,88912,143,47,4151,3801,89184,142,55,4028,3641,89752,161,75,4267,3612,89814,130,50,4333,4156,90070,128,53,4558,4172,90376,111,49,4471,3986,90524,101,34,3968,3562
N09000004,Causeway Coast and Glens,140907,738,805,3964,3912,141434,682,753,3965,4030,141699,639,775,4393,4517,142303,632,678,4478,4506,143148,640,708,4351,4335,143525,650,907,4661,4679,143920,510,678,4682,4726,144246,379,453,4557,4681,144838,414,493,4618,4318,144943,385,543,3867,4257
E06000056,Central Bedfordshire,255644,2150,772,12518,11203,259591,1496,938,14022,12033,263793,1601,927,14144,11913,267846,1718,815,14773,12941,272421,1983,847,14968,12621,276731,1765,1192,15116,12748,280030,1657,1165,16374,14845,283606,1879,1276,16944,14906,288648,1905,1203,17659,14588,294096,2145,981,15667,12147
W06000008,Ceredigion / Ceredigeon,75293,620,553,5685,5538,75932,628,546,6467,5799,75789,618,247,5676,6040,75133,563,445,5342,6076,74211,593,450,5068,5952,73665,553,261,4969,5641,73076,533,434,5503,5964,72992,843,343,5274,5632,72695,721,346,5318,5695,72895,817,310,4728,4678
E07000130,Charnwood,165876,2026,817,10539,10097,168370,1607,892,11376,10059,169993,1444,737,10652,10117,172548,1641,644,11738,10515,175167,1632,743,11298,10005,177378,1592,731,11401,10511,180387,1469,590,14236,12373,182643,1791,1018,14268,13136,185851,1892,771,15749,13881,188416,2248,581,13568,12808
E07000070,Chelmsford,168491,838,731,7709,7485,169379,851,544,7701,7777,170311,707,501,7820,7531,171590,825,449,8217,8103,172719,1058,422,8321,8284,174197,1012,610,8686,8223,176194,885,643,10596,9352,177079,1001,778,9715,9371,178388,918,625,10759,10091,179549,909,518,9636,8877
E07000078,Cheltenham,115645,1175,612,6975,7242,116058,1033,916,7280,7403,115788,816,899,6996,7531,116379,999,1012,7667,7473,116592,1007,899,7468,7573,117217,1028,975,7727,7308,117128,904,907,8742,8927,117090,1096,947,8612,8868,116306,1036,1411,8629,9110,116043,1068,778,7758,8190
E07000177,Cherwell,142252,821,391,6462,6778,142936,794,672,6949,7212,143822,816,614,6822,6967,144520,1019,605,7388,7393,145554,1126,699,7273,7518,146635,1256,693,7068,7360,147602,1054,936,8681,8397,149161,1284,1011,8967,8201,150503,1097,1229,9178,8181,151846,1004,1347,8310,6962
E06000049,Cheshire East,370736,1438,1199,13603,12720,372383,1191,985,14506,13600,373006,1295,1292,13643,13239,374606,1415,1475,14817,13458,375722,1637,1484,14873,13840,377303,1749,1434,14810,13687,378846,1515,1652,16818,15036,380790,1540,1662,17278,14829,384152,1392,1001,18034,14703,386667,1240,1267,16066,12537
E06000050,Cheshire West and Chester,329526,1301,1560,12018,12246,330224,971,986,13064,12863,331069,1192,1198,12924,12384,332272,1475,1257,13942,13555,333949,1496,1231,14322,13097,335724,1370,1049,14332,13002,337986,1402,1473,16610,14281,340502,1501,1385,17405,15043,343071,1362,779,17308,15290,343823,1351,1085,14549,13564
E07000034,Chesterfield,103788,214,132,3528,3518,103788,146,124,3389,3568,104066,146,102,3600,3384,104331,199,73,3557,3534,104463,215,100,3630,3516,104527,227,83,3586,3589,104579,217,72,4556,4525,104628,190,135,4661,4423,104900,180,97,4791,4471,104930,186,76,4141,3992
E07000225,Chichester,113995,627,568,7005,6310,114899,844,539,7423,6648,115800,735,484,7417,6558,116261,786,425,7830,7121,117784,796,408,7964,6791,119125,849,406,7903,6658,120192,766,468,9085,7836,120750,854,523,8594,7940,121129,782,575,8562,8019,121508,738,684,8014,7046
E07000118,Chorley,107591,390,267,4754,3918,109075,266,147,5179,4088,110531,266,157,5253,4138,111623,221,162,5181,4289,112963,241,155,5441,4485,114266,201,158,5429,4461,115772,212,203,6083,4676,116821,245,198,5950,4853,118216,248,88,6303,5117,118870,227,132,5357,4398
S12000036,City of Edinburgh,477940,11219,3142,18681,18714,482630,9306,5248,19531,19623,487460,7251,5298,20583,19538,492610,8462,5188,20977,20955,498810,9650,3601,21786,21574,507170,10467,3676,21920,21052,513210,8538,4030,21672,21092,518500,9000,4690,21730,21410,524930,10990,4280,21540,22340,527620,11450,7200,18670,20030
E09000001,City of London,7412,899,483,884,857,6612,698,1482,856,894,6031,624,1097,628,821,6139,698,780,906,768,6687,941,416,802,809,7246,927,323,745,809,7654,756,441,856,792,8706,1460,362,931,1011,9721,1232,388,1116,971,10938,1433,192,879,915
S12000005,Clackmannanshire,51500,104,98,1421,1435,51280,116,165,1366,1573,51280,74,108,1528,1553,51190,128,154,1605,1661,51360,98,102,1762,1616,51350,157,94,1600,1651,51450,173,134,1702,1620,51400,110,140,1630,1630,51540,140,90,1600,1490,51290,120,130,1430,1310
E07000071,Colchester,173614,2337,1317,9031,8554,176185,1790,1134,9746,8621,177993,1908,1025,9119,8972,180973,1938,994,10209,9318,184916,2519,772,10788,9407,187633,2350,1180,10555,9706,190098,1990,1045,12188,11278,192523,2303,1357,12740,11809,194706,2293,1424,12739,11931,197200,2613,1335,12039,11435
W06000003,Conwy / Conwy,115326,230,385,4714,4030,115553,300,315,4952,4339,115912,277,161,4685,4075,116420,293,220,4927,4122,116450,312,248,4650,4203,116820,270,138,4793,4167,116863,258,183,4793,4321,117181,285,195,4970,4204,117203,252,159,4835,4353,118184,235,131,4836,3372
E07000029,Copeland,70627,162,77,1706,1860,70309,95,116,1626,1947,70052,87,106,1683,1914,69866,92,96,1789,1942,69688,95,76,1792,1892,69306,73,56,1696,2083,68689,74,76,1792,1980,68424,129,77,1780,1910,68183,76,36,1889,2028,68041,85,45,1712,1680
E06000052,Cornwall,533760,2211,1441,20446,16214,538249,1740,1047,21166,17418,541738,1914,1452,20062,16975,545961,2049,1474,21455,17641,550283,2174,1671,21459,16954,555057,2179,1721,21364,16478,561349,1984,1853,25639,18547,565968,2233,1491,24842,19405,569578,1960,2513,25172,19645,573299,1927,1594,22685,17750
E07000079,Cotswold,83180,433,302,5369,4725,83624,409,363,5395,4918,84266,399,346,5491,4821,84920,432,324,5911,5319,85548,502,350,5966,5253,86121,489,408,5803,5206,87509,442,369,7204,5742,89022,526,278,6907,5451,89862,464,533,6818,5808,90264,456,328,5898,5364
E06000047,County Durham,512994,2323,1253,15772,15517,514261,1856,1129,16040,16084,515923,1862,786,16290,15697,517573,2198,1424,16926,16232,519347,2281,1373,17154,15964,521776,2168,937,17232,15935,523662,2352,1415,20289,18822,526980,2828,637,21282,19413,530094,2695,927,22711,20737,533149,3135,707,21848,19221
E08000026,Coventry,316915,9043,3837,14802,15576,322504,7050,2576,16392,17384,328423,7330,2737,15671,16267,335018,8043,3105,16912,17176,344288,10757,2845,16774,17153,353215,10416,2764,17042,17543,360149,8674,2368,20125,21139,366785,10999,3369,21097,23370,371521,11126,3549,21341,25582,379387,12782,3002,20689,23725
E07000163,Craven,55459,182,191,2488,2273,55492,162,161,2583,2463,55594,158,123,2679,2446,55750,180,175,2785,2494,55826,175,124,2789,2578,56343,163,80,2992,2346,56604,193,100,3267,2879,56832,183,75,3192,2882,57142,149,88,3388,2962,57338,146,53,2974,2569
E07000226,Crawley,107053,1036,401,4197,4093,108234,1058,746,4463,4562,108953,1024,580,4289,4887,109874,1265,513,4177,4954,110887,1375,515,4308,5081,111546,1581,565,4041,5287,111664,1212,678,4442,5657,112448,1382,826,4976,5496,112409,1125,863,4953,6078,112474,1059,1082,4524,5107
E09000008,Croydon,364815,4197,2204,18492,18351,369189,3548,1779,19442,20196,373628,3293,1586,19199,19823,377073,4236,1881,19983,22345,380070,4495,2050,20355,22960,383301,4674,2127,20656,23458,384837,4008,2385,23076,26490,385346,3790,1936,22897,27263,386710,3581,2295,24761,27542,388563,3357,2448,22865,24314
E07000096,Dacorum,145298,737,694,6621,6106,146728,594,603,7381,6624,148075,576,514,7256,6596,149515,700,356,7602,7332,151069,860,389,7541,7393,152445,975,521,7984,7757,153316,799,471,8571,8652,154280,914,615,8212,8283,154763,834,654,8445,8677,155457,800,653,7635,7484
E06000005,Darlington,105584,326,319,3484,3708,105503,252,310,3565,3943,105726,238,235,3627,3653,105877,275,335,3780,3758,105998,397,356,3743,3779,106327,335,181,3712,3652,106347,358,351,4198,4152,106566,355,186,4223,4172,106803,327,253,4562,4321,107402,350,205,4383,3694
E07000107,Dartford,97604,469,289,4974,4726,98851,402,314,5946,5438,100399,430,285,5992,5186,102010,514,214,6254,5674,103531,520,252,6506,5829,105117,613,273,6629,5961,107516,526,329,8005,6452,109709,495,379,8209,6853,112606,454,322,8985,7003,114051,414,452,7115,6328
W06000004,Denbighshire / Sir Ddinbych,93919,161,213,4206,4069,94053,197,255,4664,4422,94518,188,109,4527,4030,94837,201,143,4714,4361,94836,234,145,4340,4271,94984,217,105,4394,4201,95159,203,148,4346,4000,95330,336,178,4358,4052,95696,302,143,4577,4099,96664,292,107,4565,3379
E06000015,Derby,248943,1962,1015,9774,10254,250582,1578,1327,10877,11163,251312,1807,1297,10246,11386,252313,1994,1045,10721,12000,253875,2178,1175,10942,11577,256203,2464,1086,10827,10967,257034,2115,1066,12702,13893,257174,2520,1947,13140,14252,257302,2373,1353,13148,14814,256814,2268,844,11701,13875
E07000035,Derbyshire Dales,71104,160,195,3183,2925,71386,149,124,3007,2608,71372,135,121,2912,2750,71420,149,64,3117,2888,71301,143,66,3136,2867,71477,141,77,3192,2863,71849,146,72,3978,3438,71977,150,113,3876,3484,72325,148,72,4167,3589,72422,123,49,3620,3077
N09000005,Derry City and Strabane,148191,672,1134,2529,2892,148619,737,1048,2792,3159,148632,643,979,2913,3475,149198,683,885,3104,3600,149473,569,792,3057,3092,150142,618,693,3338,3842,150497,468,655,3656,4002,150679,441,552,3535,4029,151284,589,566,3795,3995,151109,472,583,3340,3960
E08000017,Doncaster,302468,1052,536,7014,8034,302920,957,643,7587,8590,303693,1061,644,7766,8107,304398,1397,703,7928,8677,305496,1932,586,7562,8319,307374,2166,715,8074,8132,308940,1776,879,9406,9275,310542,1756,873,9871,9366,311890,1665,1038,10403,9827,312785,1412,668,9144,8656
E06000059,Dorset,365897,1138,1037,16720,14790,366966,1140,879,16910,15147,368555,1039,796,17222,15121,369485,1267,855,18123,15813,371636,1314,739,18110,15406,373288,1235,738,17564,15373,375051,1156,693,19777,17125,376484,1366,587,19753,17001,378508,1172,937,19853,16743,379791,1114,689,17017,14278
E07000108,Dover,111718,483,365,4092,3878,111798,492,425,4479,4497,112490,461,272,4757,4354,113292,526,284,4852,4203,113446,462,248,4576,4411,114572,443,226,4893,3917,115803,435,291,5440,4102,116969,447,338,5552,4314,118131,374,289,5727,4455,118514,373,383,4649,3958
E08000027,Dudley,313261,859,514,8335,9017,313570,556,327,8933,9818,314357,497,410,9155,9227,315653,645,401,9605,9575,316331,825,447,9300,9406,317558,928,394,9328,9299,319419,764,337,12042,11258,320626,869,506,11764,11289,321596,854,472,12169,11845,322363,729,358,10055,9593
S12000006,Dumfries and Galloway,151410,358,343,3644,3282,150840,244,524,3591,3439,150280,200,535,3781,3452,149960,212,479,3835,3234,149670,281,353,3647,3245,149520,340,328,3544,3162,149200,239,356,3767,3328,148790,260,440,3760,3200,148860,270,380,3950,3110,148290,280,610,3270,2600
S12000042,Dundee City,147200,2250,674,5139,5288,147780,1583,1018,5370,5443,148100,1374,1054,5697,5708,148130,1276,1021,5581,5848,148210,1388,717,5631,6093,148270,1439,637,5433,6058,148710,1181,785,5791,5599,148750,1320,750,5610,5820,149320,1600,670,5720,5830,148820,1550,1160,4820,5290
E09000009,Ealing,339314,9626,5099,20536,24519,340332,7248,5850,21035,25236,342108,6946,4617,20260,24664,342997,8221,4658,20278,26669,344285,8549,4197,20030,26503,344802,8788,4755,20224,27026,342736,7866,5798,23651,31112,341982,7303,3740,24759,32000,341806,7334,4820,26665,32257,340341,7004,5331,22994,28332
S12000008,East Ayrshire,122690,116,182,2992,2896,122730,113,246,2966,2909,122430,78,239,3030,2989,122130,94,268,3155,3071,122060,90,181,3262,3109,122200,114,152,3272,3083,121940,106,194,3243,3137,121840,110,210,3300,2960,122010,110,190,3410,2890,121600,100,290,2670,2440
E07000009,East Cambridgeshire,84245,668,358,4279,3797,85220,592,443,4670,4208,85942,581,298,4262,4045,87045,656,249,4395,4274,87783,611,225,4375,4369,88189,625,380,4220,4240,88858,589,366,4795,4751,89362,729,574,4929,4648,89840,587,594,4991,4607,90172,578,560,4533,3924
E07000040,East Devon,133272,423,243,6412,5434,134430,383,206,7080,5615,135046,334,221,6976,5730,136518,397,268,7878,5802,138380,413,186,8243,5877,140271,428,294,8316,5848,142265,397,251,9285,6665,144317,435,192,9103,6559,146284,364,256,9210,6804,148080,336,239,8194,5769
S12000045,East Dunbartonshire,105000,160,233,2893,2925,105880,111,202,3321,2970,105840,77,199,3435,3221,106710,102,210,3945,2928,106960,105,218,4092,3430,107540,186,136,4010,3354,108130,141,155,3911,3209,108330,100,240,3870,3360,108640,130,150,3730,3290,108750,160,190,3270,2640
E07000085,East Hampshire,116010,476,383,6248,5881,116574,364,366,6573,6186,117401,366,348,6525,5669,117985,427,234,6786,6345,118694,459,248,6872,6141,118705,448,241,6777,6291,119392,407,263,7550,6881,120681,454,263,7716,6428,122308,412,271,8210,6595,123838,361,335,7207,5569
E07000242,East Hertfordshire,138155,701,486,7375,6871,139405,603,451,7685,7227,140932,651,409,7991,7168,142781,780,306,8444,7738,144488,832,189,8133,7582,146130,905,346,8096,7613,147080,778,443,8724,8708,148105,885,509,8759,8500,149748,781,502,9572,8566,151786,746,497,8559,7071
E07000137,East Lindsey,136683,361,287,6735,6109,136651,386,177,7001,6687,136799,332,190,6778,6205,137722,351,143,7442,6277,138068,387,113,7092,6380,138743,363,122,6947,5863,139718,337,135,8342,6798,140741,350,215,8333,6581,141727,308,126,8575,6956,142030,296,92,7006,5846
S12000010,East Lothian,99920,428,262,3225,2946,100860,407,291,3612,2941,101390,252,304,3523,2950,102090,341,310,3794,3113,103050,412,255,3925,3121,104090,455,166,3550,2879,104840,345,244,3812,3113,105790,420,250,4080,3100,107090,480,260,4080,3030,107900,400,400,3810,2830
S12000011,East Renfrewshire,90810,134,161,3002,2705,91040,76,234,3216,2869,91530,88,196,3577,2930,92410,125,178,3698,2755,92940,127,210,3816,3106,93810,179,128,3897,3129,94760,128,136,3893,2927,95170,100,180,3690,3090,95530,150,130,3430,3080,96060,140,180,3350,2570
E06000011,East Riding of Yorkshire,334673,1055,394,13751,12199,335901,792,494,14769,13462,336072,806,551,14093,13374,337242,971,644,15093,13792,336756,931,597,13993,13799,337804,885,653,14713,13043,338061,890,790,15977,14774,339614,923,544,16381,13876,341173,776,574,16340,13906,343201,725,373,15103,12172
E07000193,East Staffordshire,113858,614,262,4407,4389,114487,547,226,4227,4442,114940,579,341,4417,4485,115720,675,293,4431,4537,116196,940,353,4245,4684,116937,1013,373,4176,4428,117552,825,358,5163,5190,118574,968,572,5362,5035,119754,785,397,5700,5186,120923,720,278,5154,4506
E07000244,East Suffolk,239946,767,654,8972,8336,240392,760,460,9370,8811,241426,559,425,9677,8214,242179,701,345,9956,8686,243264,837,330,10035,8682,245003,790,437,10341,8402,246913,711,454,11822,9386,248249,752,592,11638,9462,249461,706,487,11503,9569,250373,678,461,10417,8331
E07000061,Eastbourne,99308,686,752,5697,4856,99901,632,630,6158,5538,100363,641,516,5804,5260,101340,701,435,6247,5448,102204,693,368,6155,5383,103003,804,338,5913,5373,103251,673,383,6228,5982,103160,741,473,6075,6009,103745,735,398,6482,5863,103324,690,378,5351,5688
E07000086,Eastleigh,125852,398,319,6202,5504,126759,274,259,6703,6388,127759,264,237,6162,5727,128867,338,209,6404,6037,128977,315,228,5941,6392,129546,350,248,6329,6308,130498,307,281,7531,7004,131819,311,264,7852,6814,133584,272,186,8451,7133,135520,262,251,7417,5741
E07000030,Eden,52502,158,148,1933,2011,52687,160,115,2290,2063,52657,143,146,2199,2158,52649,164,185,2347,2274,52576,194,158,2188,2152,52642,194,149,2265,2123,52779,185,173,2461,2181,52881,188,193,2433,2156,53253,178,93,2574,2161,53754,138,103,2392,1764
E07000207,Elmbridge,131428,969,1661,8107,7679,132184,872,1242,8450,8119,133499,817,934,8037,7324,134833,992,684,8556,8370,135398,1069,693,7826,8264,136085,1080,552,7660,8195,136379,966,740,8379,8887,136626,993,760,8502,8898,136795,942,971,8844,9055,137215,854,1234,8445,7987
E09000010,Enfield,313935,3836,1169,16443,15926,317257,3254,1409,15999,17619,320317,3037,1291,16223,17899,324409,4291,1257,17155,19047,328738,4813,1175,17473,19550,332127,5142,1317,16821,20234,332705,4524,1471,18216,23534,333869,4332,1262,18250,22888,333794,4108,1606,18388,23461,333587,3875,1759,15685,19931
E07000072,Epping Forest,124880,527,367,6647,6250,125997,450,409,7349,6723,126989,396,317,7217,6758,128451,590,310,8148,7227,129274,645,278,7746,7480,129923,744,362,7278,7381,130576,629,339,8116,8075,131137,699,369,8221,8300,131689,638,337,8386,8561,132175,621,360,7363,7215
E07000208,Epsom and Ewell,75191,465,281,4769,4434,75839,370,491,5159,4789,76906,375,314,5186,4529,77988,477,307,5616,5046,78459,521,374,5140,5141,78999,539,319,5096,5094,79451,467,348,5802,5831,79928,551,321,5658,5779,80627,523,324,5977,5756,81003,521,407,5150,5089
E07000036,Erewash,112249,222,213,4356,4266,112833,156,183,4887,4676,113246,141,156,4905,4678,114155,205,115,5488,4910,114684,205,106,5086,4806,115112,188,157,4907,4633,115314,170,133,5514,5371,115490,176,274,5620,5375,115371,160,162,5769,5807,115332,161,109,5211,5079
E07000041,Exeter,117063,2666,1434,9301,9491,119040,2037,1002,9660,9268,121030,2333,996,9694,9452,123018,2387,1206,10913,10532,125679,2538,1035,11046,10038,127522,2507,1625,10943,10320,128916,2163,1536,13176,12658,130428,2414,1277,13227,12943,131405,2645,2100,14215,13919,133333,3086,1401,12894,12635
S12000014,Falkirk,156250,502,224,3696,2953,156800,312,341,3530,3145,157160,235,363,3841,3338,157690,327,312,3846,3446,158460,377,250,4101,3494,159380,383,228,4166,3381,160130,379,278,4261,3461,160340,330,310,3960,3550,160890,300,260,4190,3510,160560,290,400,3310,2980
E07000087,Fareham,111931,344,205,5412,4854,112888,274,188,6240,5480,113873,260,139,5900,4981,114663,312,161,6169,5601,115182,306,179,5916,5521,115818,324,179,5721,5238,116219,295,191,6368,5979,116339,276,229,6312,5980,116233,264,183,6119,6124,116338,250,186,5206,5016
E07000010,Fenland,95461,887,226,4135,4471,95975,949,449,4585,4734,96617,914,256,4555,4718,97591,803,190,5107,4855,98814,991,197,5052,4661,99636,924,301,4914,4745,100776,844,396,5692,4994,101491,749,514,5536,5020,101850,690,361,5264,5107,102080,613,259,4754,4584
N09000006,Fermanagh and Omagh,113501,738,603,2447,2527,114230,734,802,2623,2587,114365,711,724,2538,2867,114992,745,549,2521,2555,115311,696,649,3013,2808,115799,688,564,2758,2801,116289,565,452,3237,3314,116835,575,362,2917,3119,117397,861,453,2901,3268,117337,514,525,2836,3172
S12000047,Fife,365300,2298,998,8876,8100,366210,1962,1603,8779,8515,366900,1510,1564,8949,8591,367250,1629,1520,9265,8724,368080,1918,1090,9371,8971,370330,2051,1009,9353,8787,371410,1680,1009,9485,8632,371910,1570,1300,9590,8620,373550,1940,1170,9920,8400,374130,2080,1830,8300,7130
W06000005,Flintshire / Sir y Fflint,152666,294,238,4429,4521,152776,373,328,4692,4937,153223,413,194,4762,4679,153819,450,287,4857,4786,154085,521,408,4940,4875,154626,651,277,4876,4850,155155,510,451,5161,4809,155593,590,511,5096,4792,156100,507,468,5200,4708,156847,447,372,5037,4140
E07000112,Folkestone and Hythe,108199,542,398,4656,4259,108611,394,302,5020,4700,108767,310,235,4853,4684,109324,388,209,5347,4890,109838,390,219,5284,4552,111024,395,195,5458,4340,111427,369,172,5070,4699,112578,394,176,5697,4467,112996,343,183,5472,4791,113320,335,179,4629,4113
E07000080,Forest of Dean,82200,227,93,3862,3504,82716,242,147,3950,3459,82953,194,127,3949,3685,83682,214,145,4466,3720,84576,242,143,4448,3551,85411,221,123,4588,3753,85957,221,128,4650,4062,86543,292,131,4691,4144,86791,244,172,4686,4308,87107,221,141,4141,3725
E07000119,Fylde,76098,276,270,4333,3613,76073,223,133,4075,3939,76548,199,168,4521,3706,77140,218,199,4798,3840,77490,207,131,4622,3902,78153,212,153,4775,3797,78863,196,138,5104,3976,79770,222,124,5236,3838,80780,188,90,5415,4036,81211,205,87,4819,3703
E08000037,Gateshead,200349,793,578,6482,6415,200272,636,654,6989,7215,200098,585,468,6792,7224,200781,741,674,7424,7074,201724,811,402,7873,7480,202628,1196,352,7612,7685,202419,929,723,8507,8863,202508,1127,449,8738,9072,202055,1240,564,8557,9601,201950,1230,418,7603,8035
E07000173,Gedling,113741,268,217,5549,5123,114061,170,185,5800,5640,114974,198,185,6152,5423,115815,212,139,6435,5868,116142,217,172,6115,5878,116746,250,172,5931,5588,117128,217,151,6840,6546,117786,231,250,6784,6084,117896,208,144,6853,6812,118239,187,105,6463,6025
S12000049,Glasgow City,593060,10256,3196,19062,20752,595070,8550,5010,19812,22206,596520,7088,5023,20920,22546,599640,8897,4901,21415,23364,606340,10409,3332,22892,24129,615070,11462,3527,23504,23476,621020,9705,4311,23478,23482,626410,9970,4670,24110,24050,633120,12320,4330,23310,25030,635640,11880,7000,20120,21740
E07000081,Gloucester,121921,713,445,6003,5811,123405,729,438,5879,5619,124535,676,361,5987,5885,125686,885,406,6224,6254,127169,919,452,6545,6175,128355,987,587,6291,6219,129083,859,528,6745,6910,129285,864,514,6590,7286,129128,768,679,7026,7638,129709,747,497,6657,6483
E07000088,Gosport,82669,221,213,3244,3445,83272,185,183,3851,3627,83542,170,194,3468,3397,84346,195,125,3712,3414,84757,216,144,3642,3535,85492,222,119,3613,3341,85509,191,113,3896,4084,85283,211,178,3702,4092,84838,190,146,3577,3986,84679,182,173,3184,3467
E07000109,Gravesham,101766,699,264,3884,4254,102559,570,605,4642,4459,103383,669,433,4537,4445,104802,659,338,5080,4600,105715,732,346,4870,4871,106215,808,320,4501,5036,106121,683,373,4835,5712,106385,653,396,5220,5641,106939,582,452,5793,5780,106890,557,484,4779,5152
E07000145,Great Yarmouth,97424,472,110,3502,3547,97555,431,223,3681,3745,97736,527,225,3509,3570,98127,613,156,3683,3773,98615,644,129,3600,3550,98992,573,194,3604,3536,99417,564,239,4286,4132,99370,494,312,4280,4282,99336,433,253,4118,4154,99198,384,238,3622,3645
E09000011,Greenwich,255483,5315,2533,15966,17265,259986,4677,2199,17408,18840,264097,3874,1891,17640,18511,268853,4575,1686,18150,19412,274542,4538,1605,19254,19661,279139,4747,1952,18487,19915,282849,4179,2123,20764,22050,286186,4165,1717,21293,23307,287942,4070,2142,22150,24813,289034,4038,2172,18848,21605
E07000209,Guildford,137580,3737,1803,9840,9818,139338,3177,1938,10449,10409,140657,2823,1409,9520,10247,142551,2865,1378,10840,10717,145056,3015,1545,10712,10783,146845,3210,1401,10228,10801,147777,2679,1582,11906,12157,147889,3415,1816,11663,13200,148998,3533,1696,12313,13692,150352,4147,2458,12138,12004
W06000002,Gwynedd / Gwynedd,121523,1002,668,5489,5589,122007,970,563,5715,5796,121653,900,327,5211,6039,121897,965,425,5395,5732,122635,1361,528,5451,5310,123323,1171,415,5654,5569,123742,991,552,5993,5820,124178,1160,554,5884,5769,124560,1246,461,6063,6116,125171,1479,346,5324,5465
E09000012,Hackney,247182,4545,2874,17253,18251,252212,4529,3026,18873,18739,257436,4861,2880,18866,19105,263112,5285,2780,19999,20225,268626,5355,2341,20034,20772,273239,5583,2752,19338,20999,275929,5054,3534,21271,23324,279665,5373,3114,22746,24597,281120,5152,4552,23806,26179,280941,5324,4719,19967,23446
E06000006,Halton,125722,271,205,3096,3414,125781,190,152,3437,3841,126074,177,226,3469,3569,126501,218,196,3758,3763,126719,270,190,3470,3646,127306,434,191,3543,3557,127595,368,233,3848,3906,128432,392,276,4443,3956,129410,348,189,4541,3935,129759,438,314,3850,3598
E07000164,Hambleton,89602,252,121,3861,3650,89794,257,210,3952,3997,89997,228,182,3902,3672,89915,277,224,4065,3931,90074,252,190,4093,3860,90591,255,130,4225,3741,90718,236,159,4650,4469,91134,278,116,4873,4441,91594,213,116,5021,4434,91932,189,82,4629,3921
E09000013,Hammersmith and Fulham,182445,5315,5168,17139,18224,182117,5116,5362,16737,18599,181421,5021,4511,15634,18577,181679,5917,4062,16336,19584,182183,5913,3526,16505,19866,181783,5565,3904,15865,19574,182998,5333,4336,19109,20488,185426,5648,3548,20065,21214,185143,4995,4881,21264,22943,183544,5045,5136,18342,20523
E07000131,Harborough,85699,235,156,4201,3543,86368,237,161,4318,3827,87426,177,152,4722,3703,87935,208,122,4781,4424,89144,216,137,5200,4121,90251,249,135,5085,4152,91461,199,105,5861,4678,92499,289,201,5977,5012,93807,266,133,5964,4730,95537,282,87,5701,4075
E09000014,Haringey,255540,6921,3554,18876,23134,257898,6817,3870,19381,23002,261033,6776,3266,19699,23191,264398,8230,3455,20626,25038,268251,8259,3053,20746,24979,272078,7840,3582,21313,24701,271224,7480,4460,22469,29113,270624,6447,3873,23359,29154,268647,6016,5300,24138,29256,266357,5669,4451,20799,26296
E07000073,Harlow,82177,614,271,3260,3478,82814,522,276,3378,3564,83438,562,317,3327,3641,84619,688,221,3855,3757,85335,641,180,3671,3983,85867,708,316,3734,4114,86191,637,359,4114,4602,86594,648,418,4468,4724,87067,558,429,4614,4724,87280,499,348,4002,4283
E07000165,Harrogate,158683,759,693,6317,5707,159396,760,912,6623,6075,159679,685,572,6482,6101,159631,810,639,6782,6653,159916,862,571,6755,6477,159768,869,604,6639,6623,160044,790,682,7563,7505,160533,997,701,7799,7346,160831,921,1061,7962,7396,161545,975,662,7287,6491
E09000015,Harrow,240499,3805,1334,13274,14776,241978,3132,1845,13944,15846,243004,2871,1688,13300,15652,245149,4526,1985,13704,16310,246818,5332,1956,13331,16975,248697,5608,1777,13277,17436,248880,4742,1707,15142,20130,250149,4631,1429,15919,19955,251160,4345,1955,16911,20369,252338,4022,2304,15499,17637
E07000089,Hart,91662,407,289,5046,5167,92224,345,344,5509,5289,92959,313,297,5306,4976,93680,367,240,5380,5253,94395,419,226,5356,5360,94882,413,154,5348,5353,95465,369,247,5956,5720,96293,432,269,6320,5740,97073,364,259,6177,5728,97608,324,290,5234,4999
E06000001,Hartlepool,92088,259,160,2040,2065,92261,161,178,2058,2119,92662,264,141,2312,2220,92606,195,151,2162,2457,92498,223,123,2137,2281,92845,276,82,2341,2257,93019,266,113,2603,2578,93242,292,58,2837,2831,93663,394,79,3059,2958,93836,406,87,2640,2660
E07000062,Hastings,90173,426,558,4315,4079,90377,395,416,4495,4479,90906,416,349,4353,4161,91360,448,241,4446,4435,91937,500,230,4502,4230,92903,607,228,4535,4045,92813,522,239,4384,4827,92855,498,331,4517,4683,92661,461,357,4470,4836,92554,423,398,4186,4286
E07000090,Havant,120783,308,202,4990,4860,121285,222,217,5718,5362,121671,211,170,5396,5020,122345,267,136,5706,5177,123122,283,152,5867,5214,123891,293,140,5793,5160,125065,252,152,6883,5801,125813,288,198,6591,5748,126220,239,159,6598,6202,126339,219,245,5501,5132
E09000016,Havering,237927,986,245,9424,8797,239742,733,466,10383,9598,242142,729,410,10930,9460,246030,1139,467,12515,10271,249375,1381,540,12350,10640,253371,1750,613,12340,10637,256039,1492,738,13712,12790,257810,1597,612,13735,13832,259552,1495,663,14757,14839,260651,1400,725,12711,12727
E06000019,"Herefordshire, County of",183619,1213,479,6203,6112,185197,1771,560,6835,6536,186389,1395,636,6399,6235,187737,1554,581,6951,6606,188522,1693,611,6631,6615,189532,1486,448,6689,6404,191041,1530,508,7653,6838,192107,1362,698,7639,6904,192801,1215,633,7490,7026,193615,1047,381,6744,5921
E07000098,Hertsmere,100379,578,603,6121,5589,100895,486,602,6319,6148,101449,418,507,6477,6220,102540,682,412,6873,6579,103157,796,388,6703,6826,103705,819,460,6743,7035,104031,729,430,7115,7468,104205,677,550,7275,7491,104919,657,611,7578,7249,105471,598,611,7166,6619
E07000037,High Peak,90982,237,270,3435,3409,91160,173,128,3361,3391,91172,168,160,3175,3261,91417,182,103,3497,3420,91523,191,133,3450,3385,91720,197,113,3414,3370,92063,188,121,4321,4045,92221,214,236,4251,4009,92666,217,166,4545,4070,92633,219,100,3762,3705
S12000017,Highland,232730,1023,599,6486,6012,232890,761,936,6390,6097,232930,619,862,6459,6123,233080,719,807,6524,6197,234110,918,589,6804,6018,234770,920,571,6717,5870,235180,730,642,6571,5846,235540,750,720,6720,5790,235830,820,640,6620,5810,235430,690,1010,5500,4780
E09000017,Hillingdon,275499,6279,1873,15789,15970,281179,5082,2165,17216,17109,285996,4364,1771,16530,16827,291368,5406,1935,16995,17795,296056,5821,2048,17061,18677,299899,5566,2230,17218,19471,302343,5000,2187,19730,22614,304824,5413,1908,20005,23196,306870,5335,2292,20746,23875,309014,5682,2717,18261,20866
E07000132,Hinckley and Bosworth,105328,301,188,4183,3878,105956,250,258,4628,4284,106527,207,185,4576,4233,107560,276,187,5169,4409,108603,279,208,5285,4459,109881,296,190,5375,4320,111370,256,183,6236,5000,112423,274,304,6129,5056,113136,262,235,6118,5458,113666,208,194,5206,4560
E07000227,Horsham,131540,542,417,6264,5793,132267,470,343,6497,6076,133173,461,320,6606,5783,134507,596,268,6978,6058,136258,625,327,7478,5871,138523,655,259,7925,6145,140142,566,343,8166,6775,142217,694,362,8703,6924,143791,645,387,8636,7306,145474,625,449,8007,6311
E09000018,Hounslow,254927,6832,3359,15715,16783,258518,4896,2607,15898,17841,261275,4692,2307,15313,18065,264030,5614,2401,15677,19355,266412,5905,2297,15671,19665,268270,6294,2427,15143,20163,269100,5523,2560,17512,22404,270782,5720,1879,17743,22402,271523,5266,2040,18491,23365,271767,4802,2060,15550,19980
E07000011,Huntingdonshire,170039,791,515,7739,7163,171206,639,715,8142,7741,172147,634,590,7959,7490,173883,800,463,8395,7756,175334,840,495,8099,8159,176095,828,651,7793,7823,176979,753,776,9249,8876,177352,741,1058,9055,8837,177963,662,892,9263,8929,178985,593,655,8481,7594
E07000120,Hyndburn,80549,252,161,2694,3260,80160,172,131,2868,3656,79953,178,178,2871,3399,80150,211,109,3271,3507,80113,202,125,3000,3343,80392,221,141,3240,3288,80410,212,145,3386,3672,80815,229,103,3620,3496,81043,256,48,3580,3748,81133,172,42,3258,3393
S12000018,Inverclyde,81220,99,124,1159,1423,80690,77,176,1248,1454,80340,71,128,1332,1435,79890,70,133,1306,1513,79500,100,86,1356,1506,79160,131,92,1399,1494,78760,100,96,1418,1412,78150,80,140,1390,1510,77800,150,90,1460,1430,77060,70,140,1180,1210
E07000202,Ipswich,133729,957,923,6188,5772,135065,896,755,6570,6287,135604,857,643,5862,6379,136429,1032,580,6208,6668,137694,1436,522,6159,6471,138515,1574,803,6146,6953,138480,1312,858,6593,7822,137532,1725,1353,6383,8265,136913,1408,1085,6440,7922,135979,1255,1155,5708,7132
W06000001,Isle of Anglesey / Ynys M�n,69913,113,95,2219,2270,70037,149,125,2327,2254,70073,123,70,2356,2305,70141,130,74,2377,2371,69936,130,85,2267,2380,69665,111,44,2197,2391,69794,124,53,2484,2291,69961,127,62,2525,2238,70043,116,53,2517,2293,70440,102,42,2350,1800
E06000046,Isle of Wight,138392,470,510,4308,3682,138826,354,368,4772,4018,138555,351,297,4268,3625,139332,373,197,4773,3885,139763,395,235,4592,3854,140264,409,182,4611,3844,140984,370,180,5318,4153,141538,429,230,5179,4174,141771,349,241,4967,4134,142296,327,277,4676,3352
E06000053,Isles of Scilly,2224,9,23,148,162,2279,36,19,213,168,2261,11,24,160,165,2292,16,24,201,174,2335,24,21,196,163,2331,26,19,178,185,2259,20,21,188,257,2242,27,21,215,233,2224,22,30,243,261,2226,22,11,163,170
E09000019,Islington,206285,10314,5104,20079,20273,211273,8446,3886,19864,21478,215855,7480,3659,19543,20669,221405,8102,3285,20749,21816,227507,8987,3254,21123,22603,232055,8506,3680,20649,22654,235000,7712,4385,22712,24959,239142,9150,3600,23020,26155,242467,9466,4472,24348,27532,248115,10913,4257,22088,24348
E09000020,Kensington and Chelsea,158251,5052,5772,10642,12692,156912,4563,4900,10304,12560,157141,4436,4041,10391,11667,157830,4882,3724,10999,12579,158589,5049,3587,11055,12796,156773,4509,3400,9934,13818,155741,4429,3410,10545,13442,156197,4775,3340,11333,13159,156129,4445,4267,12385,13545,156864,4698,2719,10424,12265
E07000146,King's Lynn and West Norfolk,147936,804,318,5255,5169,148579,658,508,5937,5333,149187,667,432,5728,5151,150214,758,333,5902,5557,151261,760,370,6110,5398,151797,871,493,5797,5382,151945,737,526,6392,6251,151811,721,744,6600,6219,151383,660,617,6651,6391,151245,585,488,6133,5395
E06000010,"Kingston upon Hull, City of",256123,2565,864,7828,10413,257012,1954,1381,8749,10066,257188,2106,1431,8324,10135,257414,2383,1724,8726,10345,258587,2350,1203,8715,9815,260035,2780,1507,8980,9936,260673,2436,1832,10748,11676,260645,2746,1859,10409,12125,259778,2442,2379,10814,12470,259126,2381,1425,10020,12078
E09000021,Kingston upon Thames,160436,4153,1392,11982,12738,163200,3394,1966,12688,12667,165657,2864,1466,12281,12334,168433,3280,1534,12850,13038,171609,3628,1477,12616,12842,173703,3486,1719,12265,13143,174609,3098,1852,13126,14653,175470,3343,1474,13374,15396,177507,3590,1692,14211,14987,179142,4068,1811,11684,13018
E08000034,Kirklees,422970,2800,1248,12391,12605,425346,2268,1411,13102,13629,427831,2350,1257,13040,13701,429998,2679,1891,13113,13675,432855,2811,1401,13512,13753,435236,2885,1460,13381,13981,437145,2641,1287,15328,16263,438727,2763,918,15377,16770,439787,2633,1071,15620,17161,441290,2970,854,13705,15123
E08000011,Knowsley,145903,324,252,4617,5267,145942,145,102,5222,5879,146091,168,150,5408,5622,146429,206,125,5880,6002,147262,220,122,5918,5601,148001,251,135,5792,5579,148560,281,216,6627,6557,149571,318,231,7151,6589,150862,299,147,7604,6830,152452,274,167,6928,5627
E09000022,Lambeth,304481,8532,5608,28959,28872,309366,7414,5565,30070,30786,312700,7472,4920,29059,31792,316637,7100,4482,30791,32699,320736,7027,4546,31838,33410,323063,6737,4967,32031,34447,324048,6358,6030,34950,37136,325917,6542,5076,36269,38527,326034,5985,6518,38612,40432,321813,5960,7159,32160,37152
E07000121,Lancaster,137823,2132,650,8085,7900,139317,1970,868,8157,8022,139835,2013,981,7638,8239,140172,1972,1094,7990,8480,140787,2134,858,7380,8182,141723,2114,1090,7673,7795,142487,1844,1222,8916,8601,144246,2424,882,9225,8865,146038,2449,624,9508,9445,148119,2885,942,8964,8564
E08000035,Leeds,750683,8406,3818,35484,36596,757566,6597,5103,39048,37651,760894,6411,5216,35829,37360,765430,7844,6750,37868,38172,773213,8828,5198,38189,37648,781087,9590,5993,38149,37749,784846,8115,6252,43102,44594,789194,9740,5608,43560,46078,793139,9545,7224,46542,47795,798786,10225,5483,42596,43384
E06000016,Leicester,329627,6710,3435,15108,17866,332067,5330,3680,16807,19118,334631,6312,3595,15842,18714,338491,6945,2925,16607,19507,344036,8149,2902,16832,19098,349513,7908,2857,17124,19359,353540,6873,2600,21043,23668,355218,7768,4746,21542,25127,354224,7287,4142,21211,27498,354036,7544,3311,18931,25037
E07000063,Lewes,97584,420,230,5026,4344,98695,332,390,5756,4722,99626,268,233,5581,4465,100428,325,200,5768,5063,100898,317,209,5428,4880,101631,353,174,5771,4972,102257,329,198,5771,5072,102744,372,248,5846,5224,103268,296,239,6020,5165,103525,290,228,5699,4983
E09000023,Lewisham,276938,5411,2736,19406,20762,280705,4697,2940,20756,22201,284956,4255,2226,21187,22382,290284,5188,2371,22542,23329,294999,5366,2357,22879,24415,298903,5123,2666,22916,24809,301307,4741,3196,24564,26959,303536,4818,2863,25064,27812,305842,4651,3246,26730,28714,305309,4785,3364,21843,26323
E07000194,Lichfield,100911,219,181,4710,4407,101175,225,159,4618,4559,101716,240,164,4970,4448,102062,291,121,5191,4938,102566,263,167,4885,4549,102831,256,127,4755,4645,103507,251,109,5763,5454,103965,241,137,5861,5218,104756,205,139,6425,5318,105637,180,67,5370,4505
E07000138,Lincoln,93085,839,664,7574,7399,94535,774,631,8719,7909,95371,926,547,8049,8117,95910,1075,370,8172,8842,96641,1105,472,8233,8417,97385,1098,507,8212,8486,98438,963,499,10356,10024,99039,1111,1037,10397,10014,99299,1013,938,10894,10781,100049,1042,462,10514,10478
N09000007,Lisburn and Castlereagh,135280,647,703,5069,4441,136311,551,582,5987,5415,136808,503,554,5260,4806,138627,476,463,5993,5110,140205,460,454,5833,5245,141181,454,687,5913,5172,142640,458,436,6030,4963,144381,532,449,6274,5182,146002,528,456,6341,5322,146452,528,609,5303,4828
E08000012,Liverpool,465656,6738,3525,19905,22017,470191,6128,2850,22461,22880,471789,6301,3492,21073,23327,474569,7296,4262,22022,24082,480873,8112,3571,23523,23098,487605,8379,4214,24309,23231,491549,7174,5631,27897,26965,494814,8454,6250,29434,29369,498042,8350,4202,29458,31610,500474,8928,5711,29819,30971
E06000032,Luton,203641,4964,1279,7469,9297,205498,3613,1757,8201,10362,207404,3108,1287,8227,10158,210173,3638,1154,8927,10849,213581,4174,1207,9019,10615,215914,4656,1743,8361,11158,214658,3828,1758,8519,13869,214109,4102,2069,8985,13229,213052,3783,1989,8782,13516,213528,3660,1743,8436,11475
E07000110,Maidstone,155764,1024,771,7702,6679,157368,929,666,8210,7502,159230,962,676,8215,7194,161510,1321,677,8805,7738,164019,1457,670,8663,7476,165719,1566,689,8195,7903,167730,1345,767,9088,8167,169955,1356,875,9687,8398,171826,1164,861,9831,8656,173132,1024,1133,8614,7409
E07000074,Maldon,61720,151,109,2634,2645,61946,125,83,2957,2717,62217,113,70,2871,2627,62801,141,67,3314,2743,62824,154,43,3092,3013,63418,143,86,3384,2792,63975,143,53,3801,3213,64425,149,75,3559,3087,64926,119,52,3614,3012,65401,114,66,3311,2660
E07000235,Malvern Hills,74706,284,210,4132,3672,75090,312,182,4544,4021,75560,279,163,4466,3729,76224,389,163,4725,3984,76136,363,167,4201,4040,76555,329,116,4439,3819,77165,305,114,5236,4371,78113,383,139,5317,4161,78698,378,143,5157,4336,79445,383,85,4594,3582
E08000003,Manchester,502902,14088,8739,36097,37389,510501,12148,7642,36461,38139,513665,11144,8761,35128,38787,518834,12998,9242,36749,39825,529809,14766,7297,37622,38578,541319,15169,8024,38378,38588,545501,12722,9247,41728,45287,547627,13601,10337,42268,47356,552858,13909,7492,45026,50077,555741,15451,10710,40877,45996
E07000174,Mansfield,104551,429,239,3648,4149,104812,440,218,3876,4179,105334,572,210,4087,4194,105972,526,154,4313,4380,106780,815,193,4446,4441,107880,926,234,4637,4432,108576,734,269,5031,4912,108841,612,519,5243,5103,109313,586,383,5378,5236,109351,492,232,4684,4787
E06000035,Medway,264885,1566,1283,10702,10333,268130,1174,1026,11823,10280,270689,1141,1165,11639,10666,273212,1454,982,12044,11600,275176,1529,1047,11996,11738,276957,1640,911,11922,12406,277616,1422,1042,12432,13571,277855,1396,1123,12392,13587,278556,1290,1035,12835,13559,279142,1209,1130,11666,12115
E07000133,Melton,50495,143,131,2146,1877,50785,129,149,2313,2136,50868,115,119,2213,2210,51012,126,89,2348,2312,50956,136,110,2182,2303,50967,136,95,2127,2216,50873,132,86,2307,2418,51100,109,158,2615,2331,51209,115,113,2655,2520,51394,88,56,2337,2156
E07000187,Mendip,109406,449,330,5629,5261,110050,430,256,5772,5510,110326,403,318,5760,5386,111091,498,295,6232,5720,112056,536,321,6275,5521,113131,552,316,6409,5528,113513,464,312,6418,6134,114881,591,248,7147,6016,115587,537,433,7072,6420,116288,543,268,6040,5369
W06000024,Merthyr Tydfil / Merthyr Tudful,58851,134,67,1349,1447,58907,187,129,1471,1661,59008,177,65,1528,1647,59056,178,85,1460,1610,59247,130,79,1593,1589,59714,243,69,1594,1436,59953,182,93,1564,1498,60183,144,116,1668,1508,60326,129,86,1682,1605,60424,132,63,1406,1336
E09000024,Merton,200543,3761,2132,14585,15451,202047,3172,3303,15191,15865,203637,2858,2095,15100,16559,204598,3622,2410,15250,17615,205965,3698,2301,15224,17284,206706,3739,2281,14818,17693,206052,3438,2458,16219,19797,206186,3061,1872,17065,20003,206548,2878,2226,18171,20223,206453,2673,2513,16143,17822
N09000008,Mid and East Antrim,135365,709,621,2845,3173,135838,607,500,3319,3415,135997,651,467,3301,3539,136642,768,479,3434,3293,137145,882,535,3350,3473,137821,948,396,3559,3515,138152,610,669,3562,3390,138773,924,428,3507,3471,139274,808,510,3634,3649,139443,545,656,3299,3177
E07000042,Mid Devon,77936,318,206,3944,3731,78382,240,133,4197,4016,78706,246,161,4106,4029,79272,293,134,4413,4152,79582,294,168,4191,4010,79880,275,183,4280,4061,80623,252,176,5031,4304,81695,339,163,5306,4386,82311,250,265,5196,4538,83290,248,140,4516,3610
E07000203,Mid Suffolk,97076,229,199,4673,4258,97789,213,157,5108,4544,98431,189,147,4963,4334,99596,212,112,5569,4515,100251,224,128,5534,4954,100720,224,131,5389,4940,101543,215,120,6063,5219,102493,221,154,6312,5175,103895,192,128,6584,5105,104857,174,112,5563,4339
E07000228,Mid Sussex,140188,667,489,6566,6299,141260,635,551,7224,6481,142983,660,547,7503,6117,144664,723,390,7844,6807,145969,758,433,7744,6876,147540,814,379,7565,6755,148345,686,390,7994,7596,149716,863,499,8309,7431,151022,727,532,8546,7571,152142,688,580,7811,6794
N09000009,Mid Ulster,139011,1597,1151,2872,2817,140357,1426,927,2956,3332,141329,1384,1086,2938,3291,142895,1317,670,2953,3131,144002,1398,769,3017,3417,145389,1200,592,3411,3485,146427,951,691,3929,4028,147392,969,506,3634,3896,148528,1141,595,3757,3951,148953,818,929,3391,3482
E06000002,Middlesbrough,138368,1924,758,5646,6360,138726,1014,619,6006,6679,138911,1054,444,6016,7094,138991,1197,723,5821,6919,139310,1274,545,6184,7071,140326,1625,391,6013,6714,140639,1096,420,6899,7779,140545,1432,247,6599,8187,140980,1570,403,7041,8168,141285,1492,358,6208,7116
S12000019,Midlothian,83450,179,106,2541,2092,84240,174,150,2678,2143,84710,88,133,2900,2279,86220,149,189,3378,2318,87390,171,191,3474,2467,88610,207,122,3424,2501,90090,159,114,3621,2395,91340,190,150,3600,2550,92460,230,160,3540,2680,93150,150,220,3080,2380
E06000042,Milton Keynes,249895,1918,1592,10072,9095,252773,1495,1355,10712,10301,256376,1564,1551,11110,9747,260225,2215,1201,11142,10516,263181,2660,1551,10675,10735,266240,2854,1279,10806,11391,267521,2440,1518,12320,13794,268607,2378,2050,12841,13724,269457,2168,2074,12925,13723,270203,1889,2419,11612,11735
E07000210,Mole Valley,85637,411,445,4724,4548,86096,338,459,4970,4432,86761,320,465,5043,4263,86871,377,316,5105,5035,86978,443,309,4804,4778,87258,451,272,4860,4704,87128,396,292,5373,5502,87253,473,310,5448,5461,87245,409,281,5388,5379,87547,388,422,5217,4571
W06000021,Monmouthshire / Sir Fynwy,91508,132,220,4067,3791,91737,197,258,4285,3908,92249,172,122,4396,3811,92540,200,162,4530,4113,92805,210,165,4409,4048,93276,263,103,4549,4096,93590,218,169,4728,4165,94142,257,170,4998,4251,94590,228,133,5017,4338,95164,225,149,4426,3529
S12000020,Moray,93470,407,502,2633,2700,92930,315,414,3097,2671,94360,227,373,3301,2559,94770,282,324,3197,2688,95510,332,454,3348,2816,96070,321,241,3242,2769,95780,200,304,2938,2831,95520,220,340,2860,2690,95820,300,260,2880,2630,95710,280,380,2440,2320
S12000013,Na h-Eileanan Siar,27690,60,57,848,828,27560,44,81,822,772,27400,28,87,833,793,27250,32,80,786,826,27070,55,53,826,833,26900,72,53,765,851,26950,64,53,925,781,26830,50,70,810,770,26720,50,60,800,740,26500,40,90,680,660
W06000012,Neath Port Talbot / Castell-nedd Port Talbot,139880,119,127,3864,3626,140081,168,175,4223,4003,139867,199,93,3898,4043,140453,181,106,4418,3913,140946,182,121,4405,3844,141678,392,92,4490,3988,142090,226,125,5289,4763,142906,406,137,5874,5062,143315,365,147,5929,5540,144386,409,152,5833,4553
E07000091,New Forest,176789,654,357,7428,6653,177480,585,338,8209,7338,178186,536,370,7718,6771,179014,620,293,8061,7131,179275,668,282,7778,7179,179529,622,269,7689,7218,179590,589,289,8541,7976,179753,647,335,8511,7798,180086,558,292,8564,7780,179649,535,315,7333,6998
E07000175,Newark and Sherwood,114982,427,302,5180,5021,115851,419,246,5839,5124,116878,373,271,5849,5158,117859,416,183,6149,5514,118695,452,182,5893,5374,119848,494,193,6164,5324,120965,459,243,6848,5923,121566,390,384,6630,5902,122421,381,327,7125,6206,123127,347,189,6262,5572
E08000021,Newcastle upon Tyne,279092,6244,2672,17260,18738,281893,4633,3378,19450,18951,285821,5414,2513,18892,18945,288340,5612,4000,20003,20139,290764,5984,3687,19326,19811,293713,5425,2442,19074,20039,295842,4846,3342,22791,22957,300196,5481,1744,23581,23607,302820,5700,2942,24006,24941,306824,6615,2376,22427,22912
E07000195,Newcastle-under-Lyme,123878,872,310,6318,6163,124104,717,299,6185,6415,125184,678,270,6833,6092,125978,830,243,6642,6564,126863,765,262,6768,6301,128126,704,299,7166,6221,128963,667,242,8266,7832,129490,484,314,8083,7545,129441,632,284,8074,8330,129610,657,190,7580,7567
E09000025,Newham,310460,16545,4344,15790,23218,316295,12391,3362,17326,25685,321465,11331,3157,17706,25713,328066,13688,3648,18678,27212,336254,14021,3143,19878,27151,344533,14521,3385,19553,27349,347996,12785,4189,21326,31175,352005,12056,3514,23626,32602,353134,11707,4957,24676,34513,355266,11443,4769,21294,29701
W06000022,Newport / Casnewydd,145785,878,777,5119,5029,146275,983,844,5490,5687,146741,766,420,5176,5533,147119,916,548,5339,5824,147958,934,626,5436,5447,149478,1173,402,5692,5421,151485,998,622,6878,5780,153302,1001,743,6912,5701,154676,1066,709,6484,6039,156447,1006,616,5959,4841
N09000010,"Newry, Mourne and Down",172276,1154,853,3420,3653,173691,1058,888,3908,3939,174829,991,851,3951,4068,175403,1143,796,4065,4406,176369,1060,632,4019,4449,177816,1178,780,4305,4347,178996,1020,529,4403,4439,180012,1141,673,4275,4518,181368,1124,637,4381,4351,181669,907,984,4064,4107
S12000021,North Ayrshire,138090,222,190,3306,3202,137570,149,376,3348,3522,136940,110,348,3385,3455,136480,136,304,3414,3383,136130,158,200,3567,3465,135890,184,224,3558,3453,135790,182,231,3623,3222,135280,160,270,3420,3260,134740,180,250,3430,3280,134250,210,360,2990,2710
E07000043,North Devon,93976,302,228,4278,3807,93845,241,162,4216,4326,93839,236,160,4247,4239,94027,275,189,4470,4411,94162,297,159,4529,4290,94643,273,183,4673,4130,95440,249,168,5325,4351,96110,314,145,5385,4561,97145,253,188,5518,4258,98170,247,179,4947,3730
E07000038,North East Derbyshire,99100,166,86,3937,3638,99347,122,66,3910,3676,99306,119,91,3862,3783,99383,140,43,4034,3936,99661,137,59,4266,3820,100450,131,59,4536,3634,100780,123,64,5364,4797,101125,127,98,5465,4807,101462,116,53,5569,4993,102216,111,27,5198,4057
E06000012,North East Lincolnshire,159735,563,196,4106,4371,159788,345,261,4219,4668,159963,344,291,4268,4403,160019,455,331,4387,4817,159971,519,182,3840,4542,159828,627,289,3862,4550,159826,526,337,4682,4855,159821,573,357,4511,4770,159563,586,430,4690,5021,159364,531,384,3970,4299
E07000099,North Hertfordshire,127494,413,426,6852,5992,128302,335,620,7288,6611,129231,338,445,7206,6524,130902,423,316,7810,6722,131611,455,265,7389,7095,132655,488,398,7356,6824,133321,427,352,7999,7653,133214,450,425,7861,8180,133570,454,395,8138,8064,133463,373,296,6755,7115
E07000139,North Kesteven,108518,296,231,5866,4760,109311,240,203,6105,5548,109935,219,189,6042,5404,111197,237,114,6278,5537,112186,281,114,6222,5556,113644,254,107,6439,5406,115230,232,107,7656,6256,115985,236,210,7234,6249,116915,226,145,7373,6509,118149,198,83,6728,5435
S12000050,North Lanarkshire,337720,633,517,5907,6081,337890,528,732,6178,6245,337780,410,752,6232,6275,338000,490,655,6430,6351,338260,623,458,6958,6983,339390,735,469,7326,6610,339960,584,534,7108,6424,340180,480,630,7330,6630,341370,560,560,7820,6610,341140,500,850,6090,5310
E06000013,North Lincolnshire,167516,675,218,4446,4723,168351,703,291,4948,4839,168716,641,272,4729,4917,169213,729,334,4973,4986,169843,905,283,5012,5018,170807,832,315,5105,4790,171294,773,385,5659,5509,172005,1028,330,5743,5635,172292,756,382,5836,5674,172748,686,264,5052,4848
E07000147,North Norfolk,101664,435,103,4709,3891,101829,460,180,4605,4225,102079,413,174,4668,4078,102872,398,173,5183,4222,103252,414,95,4926,4233,103587,382,165,4821,4100,104067,363,112,5440,4546,104552,335,166,5524,4521,104837,331,111,5638,4836,105167,312,111,5283,4219
E06000061,North Northamptonshire,317959,1558,1000,14180,13066,321483,1702,1099,15195,13851,324009,1660,901,15055,14084,327856,1995,687,15459,14404,331763,2446,831,15788,14577,336991,2904,949,16165,14075,341841,2326,920,19153,16615,345477,2721,1957,18865,16821,348228,2316,1498,18909,17916,350448,2024,1000,12105,11326
E06000024,North Somerset,203091,695,544,8263,7431,204454,628,469,8951,7904,206182,589,462,9246,7717,208185,770,495,9622,8010,209941,822,519,9387,7740,211747,844,621,9275,7575,212834,751,622,9999,8790,213919,865,495,9888,8743,215052,747,777,10147,8833,215574,698,585,8583,7708
E08000022,North Tyneside,201206,528,492,6841,6401,201444,425,522,7294,7311,202167,445,361,7369,6944,202857,450,470,7605,7262,202725,507,398,7163,7274,203575,730,310,7381,7084,204473,480,415,8437,7636,205985,579,221,8864,7637,207913,507,293,9356,7696,208871,484,209,7797,6817
E07000218,North Warwickshire,62089,136,99,2744,2801,62206,94,54,3045,2978,62119,77,68,2904,3076,62448,124,60,3248,3025,62765,157,81,3264,2927,63193,140,58,3310,2926,64069,133,56,4143,3280,64850,147,78,4370,3593,65264,121,74,4098,3642,65452,109,62,3488,3065
E07000134,North West Leicestershire,93670,272,171,3620,3586,93985,169,120,4015,3954,94716,173,141,4334,3785,95731,203,106,4904,4072,97098,262,101,5018,3923,98436,244,113,4950,3873,100109,229,109,6084,4621,102126,242,232,6580,4665,103611,203,164,6495,5225,104809,183,94,5656,4484
E06000057,Northumberland,316278,696,607,8370,7871,316489,459,479,9146,8880,316389,437,391,9005,8690,316832,568,583,9880,8911,316453,463,309,9732,9066,317444,452,220,9854,8669,319030,540,405,11426,9226,320274,548,237,11750,9763,322434,524,360,12266,9414,323820,526,293,10963,8120
E07000148,Norwich,132158,2518,1011,10304,10772,133867,2032,1273,11043,10995,135118,2364,1183,10730,11494,136587,2512,953,10766,11670,138097,2926,785,10455,11692,139865,2897,1477,11063,11318,140353,2431,1549,12763,13703,141137,2583,1927,13538,13741,140573,2748,1919,13659,15446,142177,3091,1581,13440,13546
E06000018,Nottingham,303899,6613,3540,23769,24374,308463,6006,3724,25407,25317,310657,6711,3939,24228,26831,314385,6475,3103,25602,27289,318936,6860,3114,25977,26874,324779,7019,3113,25864,26022,329209,6274,2500,30611,31786,331069,7503,5328,31019,32846,332900,7262,4391,32768,35330,337098,8042,2800,32329,34466
E07000219,Nuneaton and Bedworth,125409,379,398,4362,4316,125867,257,278,4774,4786,126118,269,298,4407,4580,126309,299,273,4470,4773,126603,420,286,4642,4729,127674,502,241,4960,4576,128659,383,256,6103,5576,128902,431,367,5730,5789,129883,404,394,6407,5654,130373,340,291,5378,4963
E07000135,Oadby and Wigston,55979,365,140,4555,4138,56110,249,220,4756,4743,56282,218,134,4559,4520,56060,238,127,4390,4705,55984,275,126,4591,4774,55991,335,118,4437,4648,57035,285,107,5369,4502,57056,299,158,5249,5367,57015,325,121,5378,5548,57313,344,78,4771,4585
E08000004,Oldham,225157,1290,634,5837,6620,225734,1089,542,6177,7438,226966,1111,628,6308,6932,228182,1174,602,6896,7529,230197,1519,548,7019,7136,232349,2219,521,6619,7375,233759,1423,512,7844,8546,235623,1598,507,7993,8378,237110,1596,364,8507,9349,237628,1425,520,6802,7935
S12000023,Orkney Islands,21420,66,43,600,524,21530,38,71,697,558,21560,49,77,712,604,21580,52,68,695,612,21670,53,50,658,561,21850,52,49,806,586,22000,48,40,733,537,22190,50,60,780,510,22270,60,60,750,600,22400,40,90,650,450
E07000178,Oxford,150245,5853,3751,15378,16694,151477,5315,4096,15165,16288,152406,4873,3374,14188,15732,154664,5763,3013,14654,16224,154716,5988,3766,14093,17168,155292,5822,3458,14236,17001,154582,5266,3931,16716,19543,154327,6752,4606,16974,20056,152457,6583,5097,17372,21448,151584,7512,5930,16606,19516
W06000009,Pembrokeshire / Sir Benfro,122613,333,343,3598,3550,123135,333,197,4080,3696,123375,251,143,3931,3633,123826,289,159,4092,3629,123671,315,216,3717,3675,124237,297,122,4410,3680,124711,289,200,4424,3669,125055,333,189,4410,3794,125818,281,213,4779,3651,126751,248,121,4174,2859
E07000122,Pendle,89576,476,169,2869,3252,89541,411,237,2964,3644,89973,410,198,3130,3396,89655,569,238,2889,3963,89925,637,191,2949,3522,90515,795,199,2943,3413,90696,663,265,3416,3913,91405,949,189,3470,3759,92112,685,134,3788,3958,92145,579,226,3080,3636
S12000048,Perth and Kinross,146850,1628,511,4831,4122,147740,1384,932,5008,4480,147770,841,851,5136,4749,148930,1241,774,5518,4578,149930,948,485,5564,4764,150680,938,518,5391,4749,151100,702,554,5469,4719,151290,680,530,5320,4810,151950,770,460,5610,4890,151910,680,710,4610,3860
E06000031,Peterborough,184457,2579,839,7204,7908,186596,2348,1010,7541,8543,188371,2368,912,7215,8572,190493,2550,667,7189,8831,193657,2758,667,7878,8587,196735,3023,1077,7979,8623,198914,2613,1203,9421,9777,201041,2659,1536,9554,10047,202259,2344,1391,9443,10331,202626,2079,1183,8005,9409
E06000026,Plymouth,256589,2421,1000,12694,12852,257744,1806,961,13589,13700,258592,1674,1044,12321,12760,260512,2093,1304,13305,13479,261386,2066,1128,12951,13808,262355,1953,1317,13031,13421,263070,1835,1159,14647,15116,263100,1615,994,14735,15171,262100,1793,1450,14110,15411,262839,1910,929,13008,13443
E06000044,Portsmouth,205433,2810,1580,12240,12023,206517,2381,1555,12617,13483,206670,2431,1583,10832,12535,208037,2801,1425,11589,12667,210538,3130,1472,12030,12147,213335,3021,1406,11950,11866,214718,2635,1637,14346,14650,215133,2925,2071,14018,15244,214905,2996,1949,14258,16411,214692,3339,2195,12588,14500
W06000023,Powys / Powys,133071,231,267,5024,4797,133015,280,334,5478,5256,132786,284,184,5105,5165,132777,340,283,5309,5133,132730,355,393,5520,5135,132337,333,183,5119,5230,132515,385,255,5798,5236,132447,354,275,5704,5415,132435,369,208,5746,5356,133030,284,149,5442,4311
E07000123,Preston,140054,1560,894,7634,7865,140456,1071,790,8348,9016,140002,1120,1060,7713,8877,139907,1351,1107,8209,9217,140685,1606,1000,8473,9009,141023,1684,1164,8247,9259,141346,1448,1308,8879,9253,141818,1850,1106,8770,9346,143135,1782,638,8908,9443,144147,1887,1127,8998,9015
E06000038,Reading,155339,3065,2753,11551,13505,156795,2637,2035,11931,12575,158621,2729,2027,12372,12877,160268,3370,1714,11847,13340,161701,3691,1731,11747,13672,162701,3727,1714,11558,14048,163075,3341,1882,12809,15187,163203,3824,2012,12971,15856,161780,3644,2432,13425,17157,160337,3787,3025,11999,15084
E09000026,Redbridge,281395,5743,2223,16396,16461,284625,4302,1928,16801,18983,288850,3848,1239,17492,18805,293853,5189,1560,18830,20452,297928,5552,1528,17949,20861,301328,6620,1733,17307,21728,301785,5732,1817,18574,25145,303858,5923,1370,20406,25749,305222,5411,1770,20548,25614,305658,4761,2256,17392,21860
E06000003,Redcar and Cleveland,135164,347,309,3476,3735,134976,156,151,3712,4179,134960,151,84,3951,4171,135102,176,105,3951,4067,135324,211,129,4214,4019,135496,353,89,4105,4080,136005,286,97,4919,4484,136718,309,45,4993,4344,137150,272,70,5082,4636,137228,306,58,4216,3967
E07000236,Redditch,84318,371,227,2516,2857,84444,334,190,2564,3148,84505,365,241,2565,3071,84505,454,207,2685,3438,84821,578,260,2827,3274,85088,610,199,2600,3181,85204,518,194,2892,3409,84989,433,320,2968,3544,85261,387,247,3199,3355,85568,376,209,2862,2911
E07000211,Reigate and Banstead,138375,722,566,7787,6709,139772,580,583,8206,7504,140928,596,581,7854,7262,142858,767,445,8740,7451,143794,795,503,8183,7944,145284,844,434,8165,7742,146383,736,470,9105,8577,147757,772,527,9581,8910,148748,658,493,9392,8968,149243,595,517,8119,7796
S12000038,Renfrewshire,174700,729,273,4052,3919,174300,428,512,3915,4226,173890,331,537,4076,4213,174230,431,439,4597,4217,174560,548,270,4862,4549,175930,804,292,5358,4256,176830,631,346,5222,4345,177790,640,450,5530,4370,179100,730,410,5480,4280,179390,650,700,4610,3710
W06000016,Rhondda Cynon Taf / Rhondda Cynon Taf,234373,751,631,5865,6411,235612,756,363,6681,6325,236166,790,193,6473,6789,236871,838,324,6667,6809,237378,993,339,6537,6811,238179,790,280,6953,6848,239127,730,388,7463,7035,240131,742,339,7662,7019,241264,814,282,7725,7175,241873,937,229,6666,6316
E07000124,Ribble Valley,57292,153,123,2684,2433,57606,133,98,2922,2556,57878,130,135,2799,2428,58105,137,124,3057,2692,58519,173,96,3067,2595,58864,151,113,3084,2660,59504,138,126,3615,2855,60057,175,81,3484,2851,60888,174,41,3713,2854,62026,167,61,3663,2486
E09000027,Richmond upon Thames,187527,2154,1931,12918,12939,188971,1832,2238,13717,13465,191138,1635,1552,13779,13283,193315,1859,1474,14219,14011,194124,1981,1403,13291,14483,195187,2106,1567,13213,14070,195680,1871,1637,14726,15791,196904,2044,1212,14806,15588,198019,1924,1421,15303,15770,198141,1869,1498,12973,13984
E07000166,Richmondshire,53287,394,350,2442,2603,53808,282,411,2666,2757,53897,239,226,2674,2766,52812,234,188,2611,3085,52565,184,151,2933,2889,53876,290,103,2704,2785,53699,230,104,3297,3322,53244,213,72,3102,3447,53730,226,85,3179,3401,53732,192,69,2677,2764
E08000005,Rochdale,211929,1030,744,6280,7030,211947,731,631,6213,7422,212137,910,669,6348,7490,212976,1000,597,6709,7310,214314,1351,641,6896,7141,216350,1694,628,7171,7218,218459,1331,616,8397,8062,220001,1406,659,8339,8264,222412,1447,421,9104,8715,223659,1115,523,7245,7193
E07000075,Rochford,83333,150,129,3468,3662,83895,91,61,4071,3601,83955,92,73,3813,3554,84809,113,47,4356,3659,85192,120,40,4099,3763,85708,123,71,4285,3744,86209,107,56,4490,3991,86981,113,65,4800,3933,87368,96,48,4562,4220,87627,84,37,3957,3604
E07000125,Rossendale,68053,146,107,2860,2878,68332,98,91,3070,3045,68698,96,106,3031,2855,69104,108,89,3296,3118,69418,108,68,3131,2966,69787,107,71,3245,3095,70365,125,52,3698,3300,70895,145,60,3641,3295,71482,165,38,3951,3533,71432,163,83,2966,3040
E07000064,Rother,90729,306,272,5184,4541,91065,310,294,5485,4599,91232,240,166,5326,4598,92370,298,120,6218,4644,93192,311,171,6086,4680,93966,320,135,5899,4706,94997,266,104,6318,4823,95656,427,134,5978,5017,96080,407,136,5881,5072,96716,436,192,5572,4488
E08000018,Rotherham,257716,803,360,6583,6969,258424,631,387,7147,7281,258817,709,374,6959,7452,260256,706,363,7967,7583,260929,739,309,7602,7529,262142,871,357,7537,7420,263375,794,389,9157,8597,264671,738,391,9409,8787,265411,810,439,9630,9368,264984,612,258,7866,8187
E07000220,Rugby,100496,601,409,4518,3878,101030,631,444,4266,4385,101819,710,393,4365,4227,103189,845,435,4822,4397,104455,941,379,4498,4122,105291,979,445,4416,4385,106350,861,432,5450,5047,107194,907,583,5347,5025,108935,768,550,6363,5133,110650,686,406,5878,4529
E07000212,Runnymede,80501,1204,739,6282,6225,81878,1330,871,6788,6173,83094,1148,500,6338,6024,83906,1262,691,6418,6496,84992,1526,767,6466,6422,86370,1537,666,6591,6340,86882,1299,711,7455,7705,88000,1668,743,7646,7609,89424,1706,917,8255,7897,90327,1967,1324,7730,7591
E07000176,Rushcliffe,111248,383,426,6314,6095,111520,408,311,6556,6528,112910,290,225,7405,6193,113690,351,197,7244,6718,114497,333,183,7185,6535,115168,346,211,6982,6483,115996,310,164,8133,7443,117671,434,236,8619,7139,119184,375,125,8949,7659,121416,411,116,8860,6743
E07000092,Rushmoor,94354,1003,1054,5652,5776,94806,656,546,5643,6299,94897,539,546,5171,5869,95228,617,384,5488,6147,95166,648,395,5425,6199,96091,762,404,5408,6402,95817,633,362,6279,7261,95142,663,508,5920,7208,94599,584,648,6123,7203,94387,529,625,5378,5910
E06000017,Rutland,37581,172,147,2253,2138,37096,130,141,2258,2405,37791,124,117,2413,2206,38263,162,65,2471,2438,38352,148,57,2640,2278,38949,147,53,2430,2210,39474,131,58,3055,2510,39697,196,108,2824,2624,39927,176,75,2886,2551,40476,203,54,2572,2264
E07000167,Ryedale,51893,164,100,2240,2085,52157,191,147,2681,2352,52334,167,151,2536,2143,52848,173,123,2883,2318,53332,205,119,2789,2290,53861,209,83,2864,2291,54311,189,117,3182,2669,54920,215,110,3235,2530,55380,180,157,3184,2675,55629,169,123,2833,2432
E08000006,Salford,234487,3105,1346,11874,12239,236946,2611,1600,12767,12630,238674,2580,1692,12301,12909,241539,3121,1799,12812,12638,245186,3540,1466,13216,12879,248121,3451,1653,13068,13532,251332,3085,2172,17078,16221,254408,3057,2333,17698,16518,258834,3000,1386,19774,18370,262697,3167,1660,17968,16572
E08000028,Sandwell,309042,2266,1180,11918,12744,311245,1835,717,12758,13998,313980,1809,841,13108,13473,316289,2234,809,12982,14021,319101,2846,812,12590,13585,322631,3447,719,12467,13606,325460,2798,584,15452,16579,327378,2787,887,15409,16897,328450,2623,848,15450,17688,329042,2305,621,13218,15217
E07000168,Scarborough,108735,436,267,3990,4291,108662,362,275,4430,4314,108330,349,275,4461,4482,108152,377,350,4496,4409,108089,357,197,4358,4233,108157,444,258,4352,4114,108370,405,257,5009,4575,108736,518,236,4904,4277,108757,436,264,4823,4611,108737,402,205,4281,3819
S12000026,Scottish Borders,113880,373,307,3718,3296,113720,383,449,3609,3498,113880,250,423,3723,3242,114040,283,456,3913,3460,114030,264,314,3866,3381,114530,315,312,4079,3392,115020,257,240,4179,3378,115270,250,380,4280,3470,115510,290,330,3980,3350,115240,250,520,3340,2800
E07000188,Sedgemoor,114919,597,317,5380,4533,116067,504,244,5602,4838,117441,476,266,5706,4634,118959,529,252,5960,4904,120141,549,210,5670,4893,121345,545,289,5737,4942,122178,494,308,6111,5430,122791,506,269,5915,5409,123178,433,396,6106,5574,123446,386,286,5200,4677
E08000014,Sefton,273969,894,525,7446,7373,273798,630,430,8423,8452,273372,621,562,8085,8086,273856,707,564,8825,8260,274089,769,524,8696,8097,274853,873,582,8868,8084,274589,838,770,9828,9357,275396,960,783,10576,9315,276410,808,431,10812,9641,275899,707,494,9060,8462
E07000169,Selby,83547,241,84,3722,3609,84199,240,129,4032,3677,84893,243,84,4021,3639,85622,333,163,4201,3860,86215,261,123,4263,4029,86942,285,157,4393,3974,87887,299,170,5144,4401,89106,257,143,5437,4459,90620,243,198,5764,4463,91697,230,143,4749,3795
E07000111,Sevenoaks,115351,435,323,6286,5813,116306,412,431,6794,6205,116889,416,377,6633,6327,117625,510,273,7054,6816,118165,509,281,7060,6973,119011,557,229,6753,6491,119429,490,256,7062,7031,120293,503,296,7326,6803,120750,471,368,7491,7258,121387,440,364,6931,6299
E08000019,Sheffield,551756,7750,2532,22987,23484,557276,6988,3483,23913,24115,560199,7048,3094,21758,24641,563463,6998,3905,23580,25238,569177,7828,2936,24559,25265,574050,7431,3498,24229,25029,577789,6859,3250,28856,30127,582506,7429,3192,30090,30804,584853,7882,3950,29748,32319,589214,9019,3238,27444,29199
S12000027,Shetland Islands,23240,101,66,607,583,23210,91,89,575,645,23200,60,92,587,644,23220,51,90,623,589,23200,93,61,612,680,23200,91,52,585,639,23080,53,71,486,601,22990,60,70,520,590,22920,80,60,520,630,22870,50,100,520,500
E06000051,Shropshire,307108,1015,785,11046,9769,308416,856,627,11473,10571,309085,789,762,11373,10057,310774,984,757,12421,10720,312227,1092,781,12074,10624,314392,1126,644,12126,10134,317459,979,559,14931,11668,320274,1363,911,14711,11439,323136,1241,937,15087,11688,325415,1242,658,13053,10167
E06000039,Slough,140713,2329,1575,5894,6410,141820,1539,1126,6160,7417,142672,1456,1131,5926,7285,144340,1903,800,6434,7742,146038,2301,917,6715,8153,147736,2309,841,6902,8502,148768,2024,992,7544,9305,149112,2048,1266,7482,9532,149539,1796,1308,7823,9450,149577,1624,1361,6664,8338
E08000029,Solihull,206856,583,569,8366,8326,207450,486,374,9212,9279,209140,483,370,9955,8627,210227,548,357,9852,9323,210834,584,353,9476,9390,212166,621,303,9708,9037,213933,535,242,11768,10488,214909,572,313,11535,10975,216374,471,284,12082,11050,217487,432,223,10266,9118
E07000246,Somerset West and Taunton,145143,648,399,6375,6077,146042,653,406,7061,6407,146597,575,395,6938,6297,147319,667,485,7112,6421,148759,786,412,7610,6217,150444,858,487,7782,6186,152288,699,468,8813,6815,153866,933,464,8552,6977,155115,830,690,8413,6904,155421,822,481,6599,6148
S12000028,South Ayrshire,112980,306,226,3175,2659,112920,241,341,3354,2897,112870,167,360,3559,2961,112530,166,332,3265,2996,112400,254,240,3495,3198,112470,256,218,3530,3022,112680,251,247,3616,2930,112550,210,260,3500,2950,112610,210,260,3590,2980,112140,220,410,2960,2420
E07000012,South Cambridgeshire,149842,912,441,9558,8712,150906,829,686,9841,9528,151188,732,651,9574,9089,152932,953,496,9954,9319,154488,967,460,9772,9247,156020,968,684,9803,9272,156705,875,734,10606,10544,157519,994,728,10700,10584,159086,876,715,11159,10237,160904,833,529,10150,8941
E07000039,South Derbyshire,94915,209,214,4911,4374,95934,152,174,5342,4720,97111,150,124,5342,4441,98395,169,108,5690,4817,99345,173,96,5566,4856,100421,209,122,5466,4789,102385,188,127,7299,5631,104493,209,217,7561,5682,107261,206,128,8422,5885,109516,181,83,7387,5371
E06000025,South Gloucestershire,263417,1400,578,12698,12012,266193,1101,646,14164,12986,268951,1515,829,14327,13058,270994,1714,1072,13936,14119,273952,1847,863,14301,13266,276677,1906,1406,14552,13373,279027,1609,1324,16373,15160,282644,1869,1056,17279,15211,285093,1835,1645,17465,16264,287816,1891,1099,16144,14671
E07000044,South Hams,83563,284,241,4831,4733,83703,288,159,5064,4673,84112,270,165,4946,4491,84435,318,186,5234,4975,84886,304,174,5163,4654,84834,291,187,4904,4759,85340,292,180,5772,4984,86221,307,117,6084,5043,87004,249,194,6142,5144,87946,236,207,5674,4387
E07000140,South Holland,88390,669,193,3216,3045,88546,610,258,3435,3620,89184,805,237,3605,3428,90382,887,185,4119,3585,91245,1023,177,3758,3606,92527,1085,215,3974,3532,93295,904,305,4279,3927,93980,818,573,4511,3927,95019,739,313,4691,3976,95857,680,214,4242,3569
E07000141,South Kesteven,134125,458,346,6174,5462,135212,469,310,6493,5700,136612,508,365,6861,5741,138339,602,261,7223,6060,139376,606,290,6912,6338,140900,609,274,7064,6044,141662,540,322,7792,7138,141853,469,691,7556,6999,142424,454,342,7723,7121,143225,416,212,6911,6102
E07000031,South Lakeland,103713,459,443,4161,4113,103544,504,353,4340,4322,103593,476,402,4500,4138,103501,493,409,4620,4382,103776,593,400,4815,4357,103826,607,369,4700,4488,104321,499,521,5405,4491,104532,552,523,5312,4624,105088,489,275,5595,4920,104905,478,370,4793,4250
S12000029,South Lanarkshire,313900,560,561,7063,6475,314330,449,770,7722,6993,314810,308,732,7899,6896,315300,371,744,7923,7039,316230,454,615,8715,7520,317100,640,507,8525,7561,318170,523,542,8606,7309,319020,450,660,8860,7350,320530,580,570,9310,7490,320820,500,860,7680,6140
E07000149,South Norfolk,124495,329,139,7132,5679,125987,291,254,7431,6121,127682,268,216,7591,6054,129345,352,212,7937,6525,131199,381,187,8047,6384,132965,342,252,7946,6372,135471,332,253,9899,7369,138017,377,299,9745,7177,140880,315,278,10220,7286,143066,295,181,8867,6522
E07000179,South Oxfordshire,134961,650,708,7048,6907,135722,569,534,7627,7415,136328,599,619,7801,7404,137477,708,478,8150,7732,138177,723,486,8074,7856,139156,783,446,8062,7892,139767,696,514,8774,8653,140504,747,589,9091,8619,142057,676,678,10104,8714,143782,608,656,9209,7544
E07000126,South Ribble,109181,301,140,4234,4361,108999,253,151,4337,4889,108964,195,192,4616,4894,109116,207,204,4690,4814,109685,208,177,4996,4669,110136,221,190,4746,4596,110400,222,208,5064,4909,110527,188,194,5227,5127,110788,196,85,5432,5325,111086,193,101,4778,4462
E07000189,South Somerset,162113,683,335,7085,6360,163038,537,465,7515,6818,164006,533,435,7402,6574,164834,666,335,7616,7160,165510,781,468,7573,7193,166526,808,484,7537,6913,167216,700,522,8203,7762,167861,746,497,8120,7443,168345,649,722,8386,7531,168696,587,513,7038,6490
E07000196,South Staffordshire,108318,174,95,4712,4364,108443,130,70,4897,4759,110323,120,106,5265,4589,110688,118,88,5420,4978,110712,139,93,5250,4922,111173,156,76,5408,4875,111890,128,61,6281,5816,112126,144,69,6001,5580,112436,131,70,6395,5828,112369,122,53,5489,4935
E08000023,South Tyneside,148164,536,189,3160,3315,148311,652,300,3287,3572,148384,286,183,3451,3414,148572,281,244,3651,3531,148495,349,219,3481,3565,149194,281,132,3777,3300,149555,311,196,4139,3725,150265,329,107,4584,3852,150976,465,151,4609,3991,151133,422,87,3831,3584
E06000045,Southampton,235870,4923,2816,15322,16285,238519,3957,2648,17084,17352,239858,4526,2643,14838,16872,242106,5299,2340,15101,17325,246054,5892,2655,16103,16913,250377,5836,2685,16210,16493,252359,4957,3103,18290,19380,252796,5913,3755,17712,20523,252520,5966,3827,17866,21404,252872,6790,3869,15531,19067
E06000033,Southend-on-Sea,174274,918,858,7680,6953,175091,663,687,7999,7742,176236,634,556,7862,7297,178367,754,457,8783,7483,179234,864,434,8014,7900,180606,879,558,8069,7424,181808,796,478,9098,8397,182463,823,620,8887,8509,183125,763,485,9541,9381,182773,743,414,7535,8119
E09000028,Southwark,288717,8557,3494,23874,26096,293440,7754,4572,24736,26926,298663,8241,4415,25267,27520,302818,8778,4456,25873,29411,308434,9081,4332,26806,29244,311655,8294,4801,25742,29214,314232,7837,5568,29296,32005,317256,8714,5628,30312,33342,318830,8290,7267,32846,35052,320017,9212,6568,27835,31683
E07000213,Spelthorne,95852,562,459,5095,4617,96737,461,390,5262,4808,97371,418,404,4941,4754,97941,542,366,5339,5452,98419,636,361,5400,5520,98869,669,353,5165,5427,99120,567,415,5930,6182,99334,621,464,5890,6235,99844,544,385,6304,6279,99873,493,477,5637,5820
E07000240,St Albans,141248,772,897,7812,7146,142137,597,938,8154,7906,143458,635,679,8198,7655,145208,769,518,8599,7981,146188,828,459,8210,8279,147025,907,412,7817,8263,147095,807,498,8446,9304,147373,799,626,8615,9060,148452,706,516,9251,8960,149317,635,543,8371,7917
E08000013,St. Helens,175405,383,270,4493,4343,176124,250,210,4923,4699,176221,256,243,4848,4956,177191,317,263,5297,4698,177592,341,240,5158,4877,178480,434,237,5353,4749,179331,416,339,6412,5745,180049,435,372,6384,5693,180585,413,218,6673,6270,181095,382,300,6167,5342
E07000197,Stafford,130895,572,291,5395,5309,131554,530,421,5851,5356,131984,576,395,5542,5254,132044,600,433,5498,5676,132220,651,363,5418,5454,133664,628,352,5908,5469,134764,574,196,6993,6234,135880,535,249,6860,5835,137280,465,232,7088,5932,137858,421,199,6031,5138
E07000198,Staffordshire Moorlands,97209,165,105,3368,3337,97239,106,70,3737,3608,97488,108,64,3753,3321,97838,122,83,3944,3433,98011,134,92,3868,3457,98176,123,74,3780,3444,98496,119,61,4373,3804,98397,118,72,4143,3947,98435,108,66,4355,4063,98427,98,44,4022,3651
E07000243,Stevenage,84247,389,309,3850,3509,84824,283,255,3779,3806,85520,293,220,3809,3719,85993,371,194,3960,4110,86579,445,97,4227,4361,87285,525,204,4231,4290,87739,419,246,4717,4843,87754,499,390,4653,5169,87845,418,383,4821,5187,88104,370,230,4301,4468
S12000030,Stirling,90330,1363,378,3798,3762,91010,1054,639,4154,3795,91230,685,738,4348,4042,91520,614,658,4519,4008,92830,1033,396,4905,4130,93750,818,377,4727,4156,94000,603,605,4473,4136,94330,630,470,4570,4220,94210,770,470,4300,4530,94080,780,730,3750,3670
E08000007,Stockport,283253,902,821,9360,9311,283766,688,704,10284,10575,284890,765,816,10326,9916,286388,748,794,11233,10559,288169,802,739,11344,10174,289821,846,776,11325,10493,291045,809,858,12879,12182,291775,928,846,12736,12494,293423,802,426,13814,12913,294197,747,618,11686,11052
E06000004,Stockton-on-Tees,191824,827,598,6180,6089,192487,662,550,6261,6629,193433,732,412,6347,6544,194423,942,633,6390,6507,195128,1012,552,6442,6659,195958,1093,378,6287,6574,196487,926,504,7134,7438,197213,1131,286,7323,7762,197348,1384,371,7435,8559,197419,1187,276,6654,7413
E06000021,Stoke-on-Trent,248719,1625,629,8563,9876,249792,1282,866,9397,10060,250194,1415,875,8879,10246,250956,1524,939,9358,10552,251746,1990,851,8959,10183,253659,2362,730,9300,10092,255378,1985,726,11255,11629,255833,2149,955,10560,11813,256375,2268,920,10581,12165,256622,2020,722,9754,11221
E07000221,Stratford-on-Avon,120824,570,459,6175,5372,120794,714,500,5873,6117,121253,583,392,5878,5562,121779,713,376,6276,5889,122438,755,381,6399,5755,123345,775,370,6470,5797,125202,687,307,8355,6630,127580,724,436,8863,6419,130098,622,428,8973,6431,132402,571,294,7933,5478
E07000082,Stroud,113074,366,229,5149,4729,113407,323,185,5003,4857,114094,254,157,5447,4694,115274,325,222,6061,4808,116774,319,261,6258,4710,117472,307,256,5781,5059,118130,305,236,6278,5471,119019,363,212,6492,5569,119964,318,258,6724,5694,120903,291,183,6126,5011
E08000024,Sunderland,275330,1690,538,6148,7367,275764,1345,646,6651,7401,276089,1614,506,6504,7390,276782,1795,766,6772,7248,276813,1620,728,6765,7395,277307,1358,487,6774,7155,277249,1447,697,7303,8051,277417,1463,384,7421,8143,277705,1558,487,7973,8484,277846,1728,395,6817,7220
E07000214,Surrey Heath,86378,474,572,4957,4676,86700,373,443,5173,5114,87134,333,365,5197,4945,87814,456,286,5489,5137,88385,483,326,5260,5146,88705,484,314,5222,5249,88765,444,269,5845,5999,88874,467,294,6001,6048,89305,436,341,6369,6089,89204,370,297,5453,5360
E09000029,Sutton,191123,1219,637,9937,8977,193476,967,835,10665,9926,195787,943,587,10330,9574,197954,1071,655,11077,10483,199870,1117,642,10972,10811,201945,1232,749,11101,10766,203243,1058,866,12337,12509,204525,1111,632,12303,12496,206349,1001,695,12771,12286,207707,915,659,11141,10911
E07000113,Swale,136324,643,534,5498,4771,137794,745,300,5780,5324,139274,681,281,5656,5162,140901,784,255,6289,5572,142465,957,264,5913,5363,144917,840,246,6470,5176,146694,819,332,6371,5595,148519,990,409,6551,5658,150082,818,550,6957,6084,151015,717,710,6073,5085
W06000011,Swansea / Abertawe,238691,1785,1006,9017,9079,239460,1752,1364,9533,9560,240108,1856,710,8998,9517,240966,2215,1135,9393,9870,242316,2560,1160,9851,9844,244462,2756,896,9792,9442,245480,2454,1187,10732,10665,246466,2682,1254,10765,10932,246993,2640,1156,11053,11827,246563,2923,1154,9724,11262
E06000030,Swindon,209709,1362,1147,7027,6434,211918,1281,756,7404,7210,214028,1334,813,7286,7141,215991,1562,937,7513,7474,217584,1824,914,7333,7841,218580,1972,1104,7115,8079,220363,1698,1058,8519,8466,221996,1792,919,8406,8614,222193,1590,1472,8149,9093,222881,1507,966,7297,7747
E08000008,Tameside,219727,707,557,6592,6601,220201,578,514,6753,7286,220545,559,567,6886,7335,220696,588,472,7118,7912,221507,698,505,7017,7042,223109,909,484,7538,7146,224119,762,557,8567,8366,225197,816,543,8793,8280,226493,859,292,9293,9156,227117,787,420,7796,7603
E07000199,Tamworth,76895,189,132,2584,2816,77105,135,102,2618,2887,77096,130,115,2692,3105,77032,198,105,2698,3175,77108,270,96,2594,2967,77010,341,79,2259,2956,76527,253,112,2689,3573,76678,270,171,3241,3445,76696,242,166,3276,3490,76864,202,92,2854,2915
E07000215,Tandridge,83178,297,249,4739,4449,83642,282,279,5057,4721,84616,275,182,5335,4513,85340,314,166,5562,5132,85914,335,216,5439,5099,86527,327,180,5540,5242,87297,289,195,6090,5513,87496,365,191,5510,5603,88129,346,226,5990,5579,88542,340,178,5263,5001
E07000045,Teignbridge,124271,377,223,6066,5552,125047,284,162,6419,5486,126088,282,178,6425,5266,127432,328,189,7280,5788,128903,338,188,7280,5608,129917,333,224,6954,5643,131437,305,171,8097,6359,132844,344,146,7961,6264,134163,291,214,8076,6465,135039,288,158,6681,5442
E06000020,Telford and Wrekin,166831,816,396,5612,5961,167811,706,385,5969,6300,168642,577,493,6224,6289,169768,750,435,6347,6444,171677,948,477,6932,6100,173727,1054,411,6817,6126,175768,877,396,8359,7395,177799,1106,601,8271,7232,179854,959,592,8590,7466,181322,901,458,7585,6798
E07000076,Tendring,138062,363,261,5603,4821,138395,278,226,6048,5190,139037,249,169,6241,4895,140395,327,131,6962,5261,141790,318,113,7162,5209,143353,322,127,7044,4802,144705,301,115,7489,5454,145803,329,157,7318,5424,146561,282,141,7071,5582,147353,264,131,6559,4816
E07000093,Test Valley,116698,460,501,5922,5468,117341,430,306,6083,5993,118805,436,397,6401,5367,119835,492,309,6492,5818,121352,504,348,6835,5888,122823,518,318,6897,6018,123957,449,402,7611,6810,125169,491,454,7641,6580,126160,426,465,7915,6927,127163,399,606,7114,6122
E07000083,Tewkesbury,82269,359,124,4831,4331,83006,400,198,5002,4625,84323,350,160,5482,4445,85798,422,238,5847,4753,86868,407,216,5646,4910,88518,401,229,5801,4571,90332,367,239,6830,5215,92599,369,207,7045,5194,95019,341,285,7506,5281,96624,310,162,6127,4704
E07000114,Thanet,134402,738,592,5212,4450,135687,745,500,5943,4966,136792,692,407,5669,4878,138526,793,335,6249,4955,139822,748,325,5970,4976,140828,744,298,5702,5057,141337,680,366,5656,5237,141819,664,411,5718,5338,141922,595,395,5602,5513,141458,555,408,4747,4887
E07000102,Three Rivers,87921,331,354,4991,4794,88804,298,466,5796,5043,89566,282,315,5605,5057,90525,337,178,6004,5592,91797,395,210,6288,5448,92676,415,273,5721,5352,92641,365,223,5914,6273,93045,396,245,6296,6201,93323,347,268,6262,6226,93966,318,326,5898,5434
E06000034,Thurrock,158268,807,451,5979,5905,159837,635,479,6545,6408,161305,714,444,6426,6464,163822,940,372,7345,6612,166040,1211,356,7219,7080,168428,1386,535,7298,7082,170394,1109,571,8898,8650,172525,1192,786,9219,8691,174341,1099,739,9471,9280,175531,1035,665,7822,7952
E07000115,Tonbridge and Malling,121087,453,508,6653,5896,122030,415,398,7225,6813,123171,393,361,7149,6540,124583,463,248,7830,7143,125779,489,279,7624,7034,127305,486,241,7750,6834,128891,437,294,7941,6949,130508,449,308,8146,7077,132153,397,342,8479,7226,132571,389,384,6787,6673
E06000027,Torbay,131193,448,423,5966,5623,131480,381,325,6287,5834,132201,403,221,6215,5409,133264,479,223,6882,5832,133791,490,249,6510,5881,134406,485,293,6358,5509,135247,457,257,7485,6324,135780,534,207,7091,6315,136264,476,317,7231,6435,136218,475,247,5857,5429
W06000020,Torfaen / Tor-faen,91190,66,89,2234,2272,91346,94,106,2537,2443,91362,84,67,2370,2412,91549,93,70,2458,2461,91767,103,82,2595,2393,91994,117,51,2532,2449,92264,96,70,2856,2597,93049,112,71,3260,2442,93961,96,67,3270,2398,94832,81,62,3061,2072
E07000046,Torridge,63973,157,82,3321,2758,64769,164,74,3777,3021,65127,153,91,3553,3144,65657,176,82,3899,3364,66312,210,114,4093,3293,67022,165,92,4038,3241,67821,166,82,4424,3488,68143,220,75,4255,3766,68267,190,108,4084,3734,68719,199,73,3817,3170
E09000030,Tower Hamlets,256012,10345,5307,20870,20891,263624,10609,4970,21047,22715,273616,12017,4901,21205,22137,284596,13117,4789,23142,24017,293828,12905,4368,22524,25322,300943,11847,5217,22197,25228,307964,11434,5906,25786,27794,317705,13476,5054,26929,29052,324745,12568,7064,29575,31378,331969,13655,6775,26042,28836
E08000009,Trafford,227091,1040,1147,9791,9631,228308,880,976,10242,9986,230146,866,882,10773,9749,232319,1061,875,10635,9686,232975,1149,882,10407,10621,234210,1166,912,10438,10435,235493,1061,954,12087,11652,236370,1028,761,12003,11971,237354,955,466,12680,12870,237579,899,618,10721,10952
E07000116,Tunbridge Wells,115246,588,683,6303,6038,115796,563,581,6590,6486,116094,607,509,6128,6223,116525,761,417,6496,6736,116610,761,442,6371,6686,117357,753,382,6758,6546,118061,695,472,7038,6726,118054,686,609,6821,7003,118724,637,557,7516,7042,118939,600,985,6721,6110
E07000077,Uttlesford,80032,293,166,4924,3939,81199,250,276,4946,4022,82680,261,188,5061,3989,84066,315,137,5407,4441,85205,353,175,5218,4513,86289,361,225,5317,4494,87684,323,194,6123,4970,89179,318,217,6198,5033,91284,323,234,6493,4729,92759,274,199,5416,4168
W06000014,Vale of Glamorgan / Bro Morgannwg,126679,206,316,4463,4480,126998,252,292,4841,4733,127436,243,149,5064,4774,128009,284,190,4931,4575,127980,307,220,4801,4893,128891,310,150,5139,4468,130690,270,210,5772,4194,132165,530,240,5946,4685,133587,415,205,5935,4692,135295,409,148,5506,3888
E07000180,Vale of White Horse,121891,853,324,7147,6984,122710,620,557,7168,7226,123497,653,548,7314,6786,124621,895,432,7655,7226,126534,921,401,8024,7039,128653,927,419,8258,7071,131227,860,484,9795,8070,133732,916,621,9931,8036,136007,912,664,10048,8368,137910,905,812,8876,7462
E08000036,Wakefield,326433,1320,347,8167,8503,327890,1238,491,8962,9222,329847,1279,596,9349,9009,331720,1384,617,9592,9552,334017,1564,529,10048,9287,337094,1575,616,10432,9146,340790,1360,695,12569,10241,345038,1326,642,13382,10385,348312,1136,716,13845,11407,351592,1203,485,12451,9982
E08000030,Walsall,269524,1021,497,8644,8792,270844,784,464,9136,9501,271955,763,541,9226,9576,273933,909,486,10151,9910,275880,1170,514,9926,9581,278887,1668,471,10305,9566,281293,1250,392,12554,12132,283378,1303,594,12630,12180,285478,1296,545,12961,12668,286716,1272,421,10664,10901
E09000031,Waltham Forest,259742,6779,2489,13280,16750,262456,6083,2922,14353,18232,265650,5832,2164,14644,18484,267801,7652,2645,15068,21120,270671,8018,2486,15272,21059,274222,7691,2625,15167,20050,275505,7140,3172,17433,23363,276700,5754,2539,18665,23850,276983,5450,3322,19547,24532,276940,4947,3917,17136,20973
E09000032,Wandsworth,307710,6605,5897,29894,30155,309497,5964,6374,30401,31868,313091,6202,4712,29762,31386,316536,7005,5431,31074,33217,319477,6618,4781,31237,33744,321497,6445,5186,30996,33670,323257,6148,6230,35594,37169,326474,6180,4298,36602,38220,329677,5818,5395,39363,39761,329735,5776,5136,33241,36271
E06000007,Warrington,202709,939,652,6575,5930,203795,812,557,6944,6800,205165,933,738,6962,6301,206681,1012,680,7195,6699,207781,919,629,7127,6650,208973,1083,704,7077,6807,209704,964,1021,8051,7492,209547,1055,885,7633,8118,210014,926,568,8430,8515,209397,796,786,7152,7473
E07000222,Warwick,137736,1071,1210,7577,8319,138423,821,973,8388,8086,138208,849,835,7521,8118,138725,1495,1096,7971,8270,138893,1194,1094,7637,7941,139488,1474,988,7749,7883,140282,1317,820,9672,9629,142484,1286,1068,11412,9856,143753,1231,1083,11507,10720,144909,1181,807,10393,9706
E07000103,Watford,90653,902,899,5943,5344,91940,703,822,6213,5624,93905,723,600,6905,5843,95553,1076,605,6760,6442,96348,1181,553,6368,6932,96577,1294,817,6162,7237,96675,1096,729,6737,7686,96767,1104,842,6810,7680,96577,958,851,7028,7990,96623,869,622,6247,6978
E07000216,Waverley,121754,745,576,7927,7307,122081,595,543,7744,7803,122783,598,532,7718,7300,123359,709,454,8056,7839,124011,785,435,7817,7528,124593,808,413,7908,7862,125010,723,503,8723,8568,125610,966,481,8717,8564,126328,864,565,9065,8688,126556,881,769,8427,8022
E07000065,Wealden,149415,520,385,8142,6726,151050,626,318,8784,7141,152777,447,284,8610,6745,155005,525,234,9324,7148,156790,561,251,8999,7164,158054,557,225,8546,7276,158941,497,269,8733,7588,160175,627,285,9096,7619,161475,521,267,9315,7873,162733,528,386,8698,6890
E07000241,Welwyn Hatfield,110727,1993,479,7738,7736,111661,1804,1251,8838,8999,113375,1958,914,8106,7918,115341,2077,515,8619,8669,117784,2125,817,9266,8482,121007,2104,579,9693,8464,122274,1832,1161,10423,10292,122746,2180,1266,9874,10633,123043,2199,1151,9640,10772,123893,2488,1188,8711,9324
E06000037,West Berkshire,154148,668,1238,7403,7532,154704,658,607,7971,8224,156031,597,529,8056,7556,156633,757,466,8150,8518,157460,885,501,8124,8194,158576,868,463,8242,8144,158473,777,583,8218,8973,158527,836,749,8230,8773,158450,770,742,8421,8923,158465,734,878,7285,7365
E07000047,West Devon,53655,163,125,3363,2688,53886,166,92,3301,3127,53982,138,98,3072,2888,54343,186,83,3462,3116,54502,188,73,3289,3095,54742,202,113,3308,2973,55329,195,109,3815,3178,55528,268,68,3680,3391,55796,217,110,3667,3239,56139,205,83,3261,2720
S12000039,West Dunbartonshire,90610,160,149,1925,2109,90340,112,170,2031,2253,89800,101,198,2069,2396,89710,116,147,2140,2207,89590,121,154,2430,2318,89860,194,108,2362,2160,89610,135,110,2193,2314,89130,100,160,2300,2450,88930,110,110,2290,2340,88340,130,170,1840,2020
E07000127,West Lancashire,110617,492,179,4421,4663,110911,442,236,5051,5055,111216,416,261,5209,5091,111845,492,274,5694,5267,112482,468,274,5812,5374,113061,509,264,6027,5468,113881,495,368,7152,6254,113949,575,284,6794,6704,114306,459,198,7233,7000,114496,448,202,6851,6493
E07000142,West Lindsey,89352,206,130,4395,4334,90074,198,111,5151,4574,90791,175,111,5283,4618,91882,202,59,5684,4808,92958,216,88,5574,4578,93903,208,81,5536,4717,94340,187,67,6142,5730,94869,181,127,6154,5504,95667,172,80,6303,5406,96186,159,49,5382,4707
S12000040,West Lothian,175300,871,326,3946,4272,176010,743,482,4163,4270,176160,500,518,4087,4456,177200,561,498,4672,4291,178550,561,365,5163,4469,180130,657,283,5005,4252,181310,523,315,4804,4226,182140,560,340,4720,4370,183100,640,310,4980,4590,183820,550,480,4500,3690
E06000062,West Northamptonshire,376008,2927,1765,18328,17978,378848,2592,1801,19442,19332,381646,2819,1635,18498,18806,385495,3661,1367,19489,19674,390404,4390,1649,20267,19896,395461,4735,1614,20277,20143,399368,3870,1673,24391,24396,402145,4783,3287,23726,23802,405050,3995,2401,24799,25018,406733,3830,1383,16584,18126
E07000181,West Oxfordshire,105442,361,276,5190,4669,107164,385,357,5221,4840,107945,366,396,5188,4742,108095,477,263,4986,5011,108609,545,307,5013,5085,108748,584,281,4739,5057,109266,501,336,5819,5496,109800,519,406,5928,5435,110643,473,470,6247,5606,111758,425,442,5924,4573
E07000245,West Suffolk,171481,851,1019,7516,6386,171468,821,987,7518,6980,171679,735,939,7735,6637,174882,874,606,7663,7420,176625,923,753,8318,7482,176687,967,943,8308,7245,179248,864,925,8917,8213,178881,886,1560,8592,8284,179045,801,1376,8908,8288,177302,725,1060,7856,7316
E09000033,Westminster,219582,14716,8982,18879,20897,223737,13416,7940,18129,21331,225306,13550,7402,16646,22984,229899,14459,7432,17127,21127,238047,16626,6735,17911,21184,241974,14590,6785,16564,21932,244796,13477,7497,17413,22071,255324,19459,6779,18632,22153,261317,17752,8873,19193,23466,269848,21282,8958,16251,21008
E08000010,Wigan,318122,959,472,7553,7925,318740,740,381,7688,8277,319810,828,549,7927,7781,321114,850,545,8341,8231,322244,1102,499,7983,8184,323526,1519,579,8252,8398,324650,1170,738,9789,9462,326088,1308,788,10129,9308,328662,1234,449,11304,9784,330712,1074,532,10393,8694
E06000054,Wiltshire,474319,1810,1680,18857,17717,476914,1708,1475,20006,18972,479911,1821,1707,20122,18313,484560,2028,1611,21203,18920,488487,2115,1734,21153,18912,492240,2342,1811,21157,18864,496043,1956,1819,23443,20741,498064,2158,1687,23008,21268,500024,1896,2669,23882,21233,504070,1754,1852,20892,18566
E07000094,Winchester,116820,881,848,8864,8129,118074,758,673,9364,8511,119037,711,574,8569,8003,120290,874,490,8926,8206,121734,770,620,9489,8398,123100,803,507,9295,8574,123879,747,566,10726,10028,124295,894,716,10675,10191,124859,838,733,10984,10622,125925,894,917,10435,9442
E06000040,Windsor and Maidenhead,145098,1168,1106,8470,8057,145742,992,1130,8783,8616,146278,976,871,8567,8737,147476,1136,685,9094,8898,148277,1286,724,8963,9155,149689,1282,692,9160,8832,150140,1139,754,9297,9683,150906,1298,763,9675,9774,151422,1136,821,9629,9628,151273,1039,1021,8519,8805
E08000015,Wirral,319837,771,713,6784,7120,320389,591,546,7722,7676,320670,612,675,7547,7209,321503,693,611,8091,7497,321700,719,513,7654,7504,322216,696,507,7757,7304,322796,753,647,8791,8080,323235,942,719,8825,8174,324011,724,464,9107,8169,324336,687,700,8682,7164
E07000217,Woking,99493,869,855,5560,5448,99779,643,811,5533,5837,100387,638,652,5573,5618,100634,767,557,5573,6117,100976,872,600,5557,6098,101421,953,572,5426,5909,101129,832,590,6181,7148,101167,891,617,6253,7038,100793,857,801,6196,7176,100008,740,855,5284,6222
E06000041,Wokingham,154943,1047,644,9738,9694,156658,853,763,10202,9555,158065,895,663,9905,9399,159414,1202,623,9760,9670,161200,1444,748,10509,9865,163087,1572,673,10306,9788,164980,1222,730,11299,10492,167979,1379,692,12304,10561,171119,1354,806,12607,10634,173945,1400,1020,11483,9367
E08000031,Wolverhampton,249852,2700,1080,8539,9844,251076,1924,1287,9141,10172,251708,2094,1355,9239,10038,253250,2347,1331,9835,10437,255106,3005,1297,9539,10245,258017,3719,983,9611,10338,259926,2813,793,11354,12232,262008,2876,1148,11752,12080,263357,2959,1063,11538,12827,264407,2668,825,10199,11226
E07000237,Worcester,98679,731,783,5090,4935,99622,733,471,5487,5374,100363,663,476,5422,5469,100739,680,533,5647,5898,100985,771,610,5500,5860,101927,869,510,5946,5777,102314,718,477,6829,6990,101891,808,673,6394,7143,101222,726,628,6380,7433,100265,725,517,5299,6539
E07000229,Worthing,104998,520,462,5435,4424,105774,414,407,5797,4935,106413,370,300,5469,4739,107287,466,266,5895,5109,108303,519,266,5984,4981,109246,548,306,5691,4830,109632,473,349,6266,5658,110025,499,451,6356,5708,110570,435,466,6503,5754,110727,418,497,5741,5089
W06000006,Wrexham / Wrecsam,135070,761,330,4047,3792,135498,903,924,3956,4000,135801,678,384,3796,4158,135953,538,556,4034,4148,135418,546,742,3753,4195,135408,624,442,3864,4236,135571,564,712,4100,4312,136126,618,651,4073,4189,135957,676,529,4047,4507,136055,552,433,3631,3717
E07000238,Wychavon,117074,478,263,5151,4863,117777,550,256,5570,5149,118906,627,239,5768,5077,120007,756,312,6231,5424,121709,739,298,6547,5140,123144,824,283,6308,5336,125378,701,264,7779,5936,127340,763,392,7528,5758,129433,650,327,7957,6160,131084,566,257,6553,4898
E07000128,Wyre,107692,321,196,5292,4835,107809,302,160,5662,5170,108167,210,144,6001,5277,108594,261,162,6229,5434,109546,246,115,6270,5051,110002,231,117,6146,5307,110426,269,105,6316,5549,111223,331,98,6259,5048,112091,284,60,6549,5260,113067,311,112,6351,4813
E07000239,Wyre Forest,98048,207,158,3180,3145,98087,147,113,3436,3475,98473,142,118,3456,3132,98999,157,126,3676,3268,99599,197,97,3779,3228,100007,217,109,3601,3318,100715,188,83,4235,3585,101062,206,145,4263,3752,101291,169,108,4224,3892,101139,167,87,3528,3298
E06000014,York,197783,2817,1158,11776,10931,199567,2330,1577,12768,12078,202113,2571,1366,12697,11641,203654,2784,1969,13487,13124,205784,2963,1603,13195,12558,206920,2510,1542,13029,13118,208163,2398,1567,15720,15382,209893,2832,1327,16136,15937,210618,2799,1665,16328,16688,211012,3246,1200,14948,16215
