,LA Code,LA Name,1968,1969,1970,1971,1972,1973,1974,1975,1976,1977,1978,1979,1980,1981,1982,1983,1984,1985,1986,1987,1988,1989,1990,1991,1992,1993,1994,1995,1996,1997,1998,1999,2000,2001,2002,2003,2004,2005,2006,2007,2008,2009,2010,2011,2012,2013,2014,2015,2016,2017,2018,2019,2020,2021,2022,2023,2024,2025
0,E06000001,Hartlepool,,,,,,,,,,,,,,,,,,,,,,,,,,,,37616.5,36888.833333333336,36701.75,37786.583333333336,37511.583333333336,40280.833333333336,40623.916666666664,45148.833333333336,57751.083333333336,75199.41666666667,92751.41666666667,106192.91666666667,116573.33333333333,113378.5,101000.5,102912.0,98022.75,93328.5,92589.33333333333,91558.75,93803.66666666667,96754.83333333333,97154.75,99194.75,100458.66666666667,99830.16666666667,114374.08333333333,123914.08333333333,124290.5,122252.25,137114.5
1,E06000002,Middlesbrough,,,,,,,,,,,,,,,,,,,,,,,,,,,,37735.0,37896.25,38692.333333333336,38395.583333333336,39939.75,40508.75,40745.166666666664,45682.5,54496.083333333336,75195.83333333333,91205.16666666667,106396.25,116101.41666666667,111676.91666666667,107769.25,103351.16666666667,98923.08333333333,101177.08333333333,96871.66666666667,99541.58333333333,100593.08333333333,102541.0,102880.16666666667,102242.66666666667,104040.0,103618.91666666667,115818.75,127224.16666666667,128701.33333333333,130183.16666666667,137560.0
2,E06000003,Redcar and Cleveland,,,,,,,,,,,,,,,,,,,,,,,,,,,,42165.583333333336,40759.083333333336,41509.25,42908.0,43013.75,45302.583333333336,46875.583333333336,52439.5,65532.916666666664,87744.66666666667,102293.08333333333,110861.33333333333,119748.08333333333,115380.33333333333,108586.66666666667,110145.16666666667,106651.25,104423.58333333333,104184.91666666667,107098.91666666667,107505.25,109269.66666666667,109755.16666666667,110678.25,110196.33333333333,113270.5,128544.25,141277.83333333334,143896.08333333334,147900.83333333334,150031.5
3,E06000004,Stockton-on-Tees,,,,,,,,,,,,,,,,,,,,,,,,,,,,44337.916666666664,44186.416666666664,45067.083333333336,45336.75,47127.083333333336,48938.5,51236.5,58681.416666666664,75724.25,99247.25,116376.08333333333,125153.75,135184.5,131729.25,119368.33333333333,122840.5,119153.58333333333,119461.66666666667,118274.33333333333,123029.08333333333,123574.75,127143.83333333333,129744.66666666667,131726.83333333334,132296.91666666666,131389.0,143847.0,154277.91666666666,160091.91666666666,161051.08333333334,164262.5
4,E06000005,Darlington,,,,,,,,,,,,,,,,,,,,,,,,,,,,42396.25,41692.75,43472.583333333336,45569.75,45536.75,47428.333333333336,51888.583333333336,59655.75,76583.83333333333,99950.83333333333,113773.0,120627.33333333333,128317.91666666667,126343.25,115456.75,118094.16666666667,113314.5,110109.16666666667,111847.75,114964.25,113731.33333333333,118554.58333333333,123476.66666666667,121821.91666666667,122016.25,121838.08333333333,134690.41666666666,145928.5,147668.83333333334,148765.33333333334,154881.5
5,E06000006,Halton,,,,,,,,,,,,,,,,,,,,,,,,,,,,39143.916666666664,39015.916666666664,40049.916666666664,40611.333333333336,42019.083333333336,46208.75,49996.166666666664,57490.166666666664,73745.58333333333,94592.0,108487.25,116174.5,123248.08333333333,120128.5,106745.08333333333,109017.41666666667,105311.41666666667,102603.25,104377.08333333333,108424.16666666667,111885.58333333333,118160.16666666667,122323.58333333333,125132.33333333333,130461.41666666667,133803.0,150614.75,167544.5,169524.83333333334,174733.75,180798.5
6,E06000007,Warrington,,,,,,,,,,,,,,,,,,,,,,,,,,,,48301.916666666664,47856.75,50339.666666666664,53066.166666666664,57180.5,63421.166666666664,71353.75,85582.33333333333,106808.75,129170.08333333333,144266.66666666666,145347.83333333334,157345.91666666666,151140.91666666666,133404.58333333334,139297.0,139270.58333333334,139708.08333333334,141119.5,149465.25,154346.58333333334,162682.83333333334,171030.66666666666,179424.0,183581.91666666666,189445.58333333334,207505.0,233799.16666666666,238686.91666666666,238156.58333333334,238815.0
7,E06000008,Blackburn with Darwen,,,,,,,,,,,,,,,,,,,,,,,,,,,,34788.416666666664,34387.916666666664,35440.75,35864.083333333336,37107.75,37945.5,39574.5,43949.166666666664,53027.25,72972.0,87707.5,99744.41666666667,111791.58333333333,111855.83333333333,100460.33333333333,100876.33333333333,96741.0,96862.0,93823.41666666667,93254.58333333333,96718.91666666667,100360.25,105379.66666666667,109034.33333333333,112410.66666666667,114388.33333333333,126371.08333333333,136995.0,140393.16666666666,145517.25,157700.5
8,E06000009,Blackpool,,,,,,,,,,,,,,,,,,,,,,,,,,,,39459.166666666664,38394.5,39834.583333333336,41010.166666666664,42949.333333333336,44291.166666666664,46327.666666666664,54583.333333333336,69009.41666666667,92495.5,105051.58333333333,113017.91666666667,118052.0,112376.16666666667,98760.33333333333,99606.83333333333,93639.0,91922.75,89949.83333333333,91756.58333333333,93534.83333333333,95626.83333333333,99614.08333333333,99941.16666666667,100794.41666666667,103860.91666666667,116815.08333333333,129280.25,127357.08333333333,128571.58333333333,134411.0
9,E06000010,City of Kingston upon Hull,,,,,,,,,,,,,,,,,,,,,,,,,,,,32404.416666666668,31547.416666666668,30768.583333333332,30238.083333333332,31336.416666666668,31319.166666666668,32307.75,36641.833333333336,46475.25,57872.583333333336,69191.33333333333,80255.58333333333,90215.66666666667,88412.16666666667,80246.16666666667,84594.08333333333,81464.83333333333,80212.41666666667,82142.91666666667,84438.25,86945.66666666667,92969.08333333333,98284.75,101632.91666666667,103139.5,105599.25,115125.08333333333,124627.58333333333,124216.0,126770.91666666667,132698.0
10,E06000011,East Riding of Yorkshire,,,,,,,,,,,,,,,,,,,,,,,,,,,,48764.416666666664,48870.666666666664,49396.833333333336,50032.916666666664,50778.25,54837.666666666664,60283.75,74581.58333333333,95087.91666666667,120648.0,134763.16666666666,143576.75,152213.25,151227.5,135415.41666666666,140058.0,137839.0,136040.33333333334,137160.33333333334,141991.75,147566.08333333334,154652.08333333334,162462.75,167559.91666666666,170852.16666666666,175274.83333333334,191696.41666666666,205527.08333333334,209847.25,209957.58333333334,220108.0
11,E06000012,North East Lincolnshire,,,,,,,,,,,,,,,,,,,,,,,,,,,,35957.666666666664,36409.833333333336,38311.0,37980.833333333336,38555.833333333336,38904.833333333336,42262.333333333336,49107.916666666664,62171.833333333336,79349.25,89980.08333333333,100282.83333333333,110134.08333333333,108154.41666666667,99027.33333333333,102729.33333333333,96372.33333333333,95100.16666666667,95088.33333333333,99709.41666666667,101905.83333333333,106585.5,111209.0,112946.83333333333,115198.33333333333,118625.83333333333,130577.0,141948.25,141580.41666666666,143897.41666666666,152156.5
12,E06000013,North Lincolnshire,,,,,,,,,,,,,,,,,,,,,,,,,,,,40733.166666666664,40754.583333333336,40885.25,42400.583333333336,43444.75,45642.916666666664,48503.083333333336,57055.416666666664,76480.0,99742.0,112542.33333333333,116994.5,124350.91666666667,122634.91666666667,112079.33333333333,116526.41666666667,111416.25,109417.33333333333,109615.16666666667,114069.0,118097.25,123181.58333333333,129586.91666666667,135132.66666666666,138118.5,142991.58333333334,156696.91666666666,169086.25,171640.33333333334,172455.08333333334,175727.5
13,E06000014,York,,,,,,,,,,,,,,,,,,,,,,,,,,,,54127.583333333336,53513.083333333336,57244.75,60106.25,64011.25,74549.41666666667,88558.83333333333,110009.16666666667,132637.0,154801.33333333334,168002.25,176421.16666666666,193590.91666666666,183766.25,169391.41666666666,179176.41666666666,179964.5,183610.08333333334,186993.25,199576.08333333334,214080.58333333334,226646.0,237276.91666666666,242171.83333333334,248339.75,253148.58333333334,276513.4166666667,302023.4166666667,305336.0833333333,308827.6666666667,301624.5
14,E06000015,City of Derby,,,,,,,,,,,,,,,,,,,,,,,,,,,,38641.583333333336,38733.916666666664,40106.166666666664,41627.916666666664,43626.5,48607.416666666664,54539.666666666664,66985.66666666667,88684.91666666667,111601.58333333333,121679.91666666667,128008.41666666667,136845.58333333334,129099.66666666667,117062.08333333333,120296.58333333333,117955.16666666667,117946.08333333333,122951.58333333333,129844.91666666667,135276.75,141955.16666666666,146999.08333333334,152802.66666666666,156438.25,160468.0,176401.83333333334,191476.25,198835.08333333334,203555.08333333334,207986.0
15,E06000016,Leicester,,,,,,,,,,,,,,,,,,,,,,,,,,,,37751.333333333336,37471.333333333336,38456.833333333336,40734.25,42990.333333333336,47082.166666666664,53840.5,69029.83333333333,89537.83333333333,109372.91666666667,117738.16666666667,121683.91666666667,130554.25,126465.08333333333,111515.16666666667,118037.08333333333,117391.16666666667,118221.08333333333,121642.16666666667,127442.5,134103.66666666666,145520.5,155001.08333333334,166635.08333333334,171744.0,182732.25,200304.91666666666,220662.75,226774.66666666666,226813.41666666666,230434.5
16,E06000017,Rutland,,,,,,,,,,,,,,,,,,,,,,,,,,,,61515.833333333336,61171.916666666664,67807.33333333333,74038.5,76242.5,91904.33333333333,102112.66666666667,122624.5,147018.08333333334,169025.16666666666,180862.08333333334,186804.16666666666,203210.41666666666,203485.91666666666,182738.0,194903.41666666666,198040.66666666666,191465.58333333334,198779.58333333334,207258.0,218761.66666666666,237209.5,247829.66666666666,266018.4166666667,271206.8333333333,280548.3333333333,294129.5833333333,318440.1666666667,337626.3333333333,331353.1666666667,340381.0
17,E06000018,City of Nottingham,,,,,,,,,,,,,,,,,,,,,,,,,,,,37899.0,37511.833333333336,39620.666666666664,40349.083333333336,42739.166666666664,45868.083333333336,51841.75,67196.25,87801.75,100696.08333333333,108416.0,111318.66666666667,112718.41666666667,106482.0,95490.66666666667,98648.58333333333,95920.83333333333,96675.33333333333,97526.91666666667,106448.33333333333,111936.91666666667,119959.33333333333,128809.08333333333,136318.5,139846.0,148791.16666666666,165417.0,183931.25,190300.41666666666,189313.33333333334,193828.0
18,E06000019,Herefordshire,,,,,,,,,,,,,,,,,,,,,,,,,,,,57019.583333333336,57161.25,61163.75,65566.75,71930.5,82159.58333333333,90914.33333333333,107885.83333333333,133675.91666666666,161142.5,170534.75,180464.91666666666,194316.0,188059.08333333334,172193.0,183219.75,179064.25,178589.25,180040.16666666666,187394.91666666666,195478.75,203464.66666666666,210191.16666666666,222724.16666666666,222211.5,232436.66666666666,246145.5,275223.5833333333,280165.4166666667,281592.0,288063.5
19,E06000020,Telford and Wrekin,,,,,,,,,,,,,,,,,,,,,,,,,,,,41949.25,43469.916666666664,45092.25,47099.083333333336,49868.166666666664,54327.166666666664,62118.416666666664,76861.41666666667,97261.0,116290.41666666667,125896.75,134256.33333333334,144180.75,142611.91666666666,128876.25,133490.66666666666,129034.33333333333,127053.0,128486.83333333333,133610.0,137376.41666666666,143930.08333333334,150493.08333333334,155273.08333333334,160179.91666666666,166500.58333333334,185535.58333333334,206612.16666666666,214376.08333333334,216224.83333333334,216336.5
20,E06000021,Stoke-on-Trent,,,,,,,,,,,,,,,,,,,,,,,,,,,,31760.083333333332,30976.083333333332,32778.5,33183.666666666664,33751.083333333336,34998.083333333336,36904.75,41339.333333333336,51941.0,71073.91666666667,83953.75,92022.41666666667,100324.58333333333,99860.91666666667,87978.33333333333,88969.16666666667,84579.75,85350.58333333333,86446.16666666667,89157.91666666667,92531.75,97706.16666666667,101404.5,105544.08333333333,108550.41666666667,110956.66666666667,123468.33333333333,133639.66666666666,136952.66666666666,141122.25,144567.0
21,E06000022,Bath and North East Somerset,,,,,,,,,,,,,,,,,,,,,,,,,,,,61999.166666666664,63135.166666666664,68423.25,75243.58333333333,84837.91666666667,107554.5,122834.58333333333,143319.83333333334,171682.5,191550.0,202781.58333333334,210856.08333333334,233643.08333333334,225736.83333333334,205656.41666666666,226897.25,226320.41666666666,233331.41666666666,240571.66666666666,255167.33333333334,273642.3333333333,299544.75,313792.0833333333,327531.0833333333,322646.3333333333,335290.8333333333,360001.5833333333,405489.75,406765.0,413800.6666666667,406845.5
22,E06000023,City of Bristol,,,,,,,,,,,,,,,,,,,,,,,,,,,,44676.833333333336,45749.666666666664,50489.416666666664,55956.416666666664,65336.416666666664,78707.08333333333,90287.83333333333,109633.5,132404.5,146609.25,154224.41666666666,166019.83333333334,187113.5,179391.0,158759.16666666666,173072.25,173100.83333333334,176352.0,182563.33333333334,202704.41666666666,221857.08333333334,252906.0,267569.9166666667,278275.0,280491.25,292056.6666666667,309361.5833333333,342279.0833333333,346370.25,347022.5833333333,360000.0
23,E06000024,North Somerset,,,,,,,,,,,,,,,,,,,,,,,,,,,,53265.75,54502.833333333336,59490.5,65079.166666666664,71296.75,84822.25,95273.25,112721.16666666667,134231.16666666666,156008.58333333334,163991.08333333334,172889.25,190590.08333333334,185376.91666666666,164321.75,176031.33333333334,175380.91666666666,175924.33333333334,180028.5,194998.0,207125.16666666666,227493.08333333334,236866.75,247887.08333333334,251156.91666666666,256081.41666666666,271534.3333333333,300940.1666666667,306901.25,304510.9166666667,308053.0
24,E06000025,South Gloucestershire,,,,,,,,,,,,,,,,,,,,,,,,,,,,52237.083333333336,53731.416666666664,58026.75,64056.666666666664,70214.83333333333,87102.16666666667,95892.58333333333,117720.25,141199.0,156551.16666666666,164427.41666666666,174610.83333333334,196171.83333333334,185042.41666666666,164363.83333333334,177244.33333333334,175315.75,179013.25,184170.5,200649.66666666666,217765.58333333334,239913.0,254893.16666666666,263480.9166666667,267257.0,272458.4166666667,288586.8333333333,320837.0833333333,325653.9166666667,324309.3333333333,340998.0
25,E06000026,City of Plymouth,,,,,,,,,,,,,,,,,,,,,,,,,,,,40465.416666666664,39404.416666666664,41956.583333333336,43713.583333333336,45904.833333333336,51547.583333333336,61014.75,76553.41666666667,94145.25,113947.75,128302.25,135425.83333333334,147784.75,141415.16666666666,127455.0,135111.0,130431.58333333333,132577.25,135488.41666666666,143042.58333333334,148348.58333333334,153468.91666666666,159638.58333333334,164236.66666666666,165583.91666666666,169584.08333333334,181899.91666666666,204111.25,205813.58333333334,207841.75,212144.0
26,E06000027,Torbay,,,,,,,,,,,,,,,,,,,,,,,,,,,,45763.333333333336,46138.166666666664,49888.916666666664,52919.833333333336,57423.583333333336,66635.25,78110.16666666667,95795.66666666667,117851.5,140394.58333333334,149305.91666666666,156115.25,167592.58333333334,162684.75,145306.83333333334,152790.16666666666,148544.08333333334,148319.91666666666,149479.91666666666,154931.58333333334,162858.08333333334,171811.5,178887.75,185730.16666666666,185045.16666666666,191721.83333333334,211672.16666666666,241147.83333333334,242893.83333333334,233488.58333333334,234848.0
27,E06000030,Swindon,,,,,,,,,,,,,,,,,,,,,,,,,,,,51994.25,52060.833333333336,55239.666666666664,63289.333333333336,72007.25,89799.66666666667,99468.41666666667,114947.33333333333,132303.58333333334,138998.25,144310.91666666666,150354.33333333334,163901.83333333334,154509.25,135746.08333333334,146344.58333333334,143316.75,144301.66666666666,149409.33333333334,159432.0,174422.83333333334,195382.16666666666,205427.0,213152.83333333334,210563.83333333334,213621.5,225462.58333333334,250575.66666666666,258962.58333333334,256290.16666666666,257579.0
28,E06000031,City of Peterborough,,,,,,,,,,,,,,,,,,,,,,,,,,,,43807.0,42926.333333333336,45709.166666666664,48043.5,50632.333333333336,57936.583333333336,66386.83333333333,83679.5,104168.33333333333,120634.83333333333,130135.08333333333,138704.41666666666,149062.33333333334,142485.75,124259.33333333333,131285.83333333334,127874.41666666667,128258.66666666667,131642.58333333334,141922.58333333334,149921.91666666666,163384.33333333334,174151.41666666666,185599.16666666666,189517.66666666666,191438.08333333334,201308.5,225096.75,232095.83333333334,228550.58333333334,230979.0
29,E06000032,Luton,,,,,,,,,,,,,,,,,,,,,,,,,,,,43792.666666666664,42844.25,47182.416666666664,51775.833333333336,58591.25,71324.5,81586.25,99286.58333333333,125579.25,139045.5,145768.08333333334,150589.5,164765.83333333334,161381.91666666666,139400.25,149487.5,145982.75,149419.25,152333.58333333334,165320.75,187502.33333333334,221593.0,241371.66666666666,244963.25,238815.83333333334,236319.58333333334,253130.66666666666,279480.0,279098.6666666667,276393.5833333333,279006.0
30,E06000033,Southend-on-Sea,,,,,,,,,,,,,,,,,,,,,,,,,,,,46522.833333333336,47096.416666666664,53115.666666666664,58525.833333333336,64987.75,76684.58333333333,86882.33333333333,107867.83333333333,133908.83333333334,154882.91666666666,163816.5,172408.5,184824.91666666666,182182.41666666666,161770.58333333334,174090.75,174319.08333333334,175550.33333333334,179319.91666666666,196737.33333333334,216417.16666666666,245504.5,266718.75,278038.0833333333,280567.75,286359.25,301341.8333333333,327124.0833333333,324065.1666666667,319579.9166666667,321753.0
31,E06000034,Thurrock,,,,,,,,,,,,,,,,,,,,,,,,,,,,49083.75,48018.75,52281.0,57310.0,62232.666666666664,75606.16666666667,88016.25,108875.25,136986.25,154372.25,162780.75,167387.41666666666,179972.91666666666,180289.08333333334,158407.16666666666,165781.83333333334,165083.58333333334,168387.66666666666,171731.91666666666,187074.91666666666,215431.0,252762.66666666666,265973.75,275976.5,274518.0,279972.6666666667,296788.6666666667,322664.0833333333,328416.5833333333,319305.5,328344.5
32,E06000035,Medway,,,,,,,,,,,,,,,,,,,,,,,,,,,,45771.416666666664,46543.5,50623.75,55508.0,60617.916666666664,71744.33333333333,82742.0,100724.75,122907.0,139813.08333333334,146348.66666666666,152490.25,164276.66666666666,159186.33333333334,139251.0,150648.75,148221.58333333334,148412.41666666666,155109.25,173087.83333333334,189865.83333333334,219292.0,237501.5,244939.91666666666,242067.41666666666,242730.08333333334,262519.4166666667,290929.0833333333,293026.5833333333,284816.0,298474.5
33,E06000036,Bracknell Forest,,,,,,,,,,,,,,,,,,,,,,,,,,,,73941.58333333333,74453.08333333333,87212.75,99727.58333333333,110730.25,135857.66666666666,147863.16666666666,169834.41666666666,188162.83333333334,199357.66666666666,208296.33333333334,217217.58333333334,240503.16666666666,235501.83333333334,208826.16666666666,230566.0,230969.0,233450.75,246601.83333333334,275781.9166666667,308013.8333333333,350456.3333333333,353493.0,353288.75,341811.3333333333,344462.5833333333,358216.0,390620.0833333333,393526.0,393204.8333333333,408584.0
34,E06000037,West Berkshire,,,,,,,,,,,,,,,,,,,,,,,,,,,,73336.0,74545.0,85191.58333333333,97044.58333333333,109816.25,134077.33333333334,149783.58333333334,170382.75,191209.58333333334,201966.83333333334,208302.5,220002.41666666666,242556.66666666666,236544.58333333334,212434.83333333334,234392.91666666666,238783.91666666666,241459.16666666666,249817.58333333334,270690.1666666667,295025.75,322934.4166666667,335237.8333333333,338754.4166666667,336307.0833333333,334380.25,350385.75,382759.4166666667,389092.75,382661.9166666667,398624.5
35,E06000038,Reading,,,,,,,,,,,,,,,,,,,,,,,,,,,,58253.333333333336,58825.75,67567.16666666667,81097.58333333333,92039.58333333333,118632.58333333333,129624.75,152418.58333333334,166520.33333333334,176322.83333333334,183967.58333333334,191875.16666666666,214868.58333333334,206631.75,186491.58333333334,200121.83333333334,200022.83333333334,206014.83333333334,214569.5,238497.83333333334,268240.0,308167.5833333333,317709.25,312559.6666666667,302380.0833333333,298515.5833333333,315067.8333333333,343708.4166666667,346611.0833333333,340236.1666666667,349185.0
36,E06000039,Slough,,,,,,,,,,,,,,,,,,,,,,,,,,,,55638.0,56293.666666666664,64283.166666666664,73719.58333333333,81376.83333333333,98950.33333333333,112922.08333333333,133136.5,152340.58333333334,165388.33333333334,173605.25,181954.08333333334,197645.25,193299.83333333334,172932.0,184964.83333333334,183601.08333333334,188294.75,198917.58333333334,217928.91666666666,251174.5,298193.9166666667,307161.75,314673.75,304635.4166666667,301808.4166666667,316246.25,333411.75,336113.75,340896.8333333333,350143.0
37,E06000040,Windsor and Maidenhead,,,,,,,,,,,,,,,,,,,,,,,,,,,,100387.91666666667,103138.66666666667,121766.91666666667,142245.0,154402.58333333334,194058.08333333334,211821.25,236001.83333333334,262085.0,275884.9166666667,287048.0833333333,303051.25,339865.6666666667,342663.5833333333,298348.25,332662.5833333333,339482.25,349354.6666666667,367110.5,411657.25,448170.1666666667,491247.5,510838.0,506445.0833333333,486907.25,490426.1666666667,521161.3333333333,574635.75,562225.5833333334,568471.4166666666,595350.5
38,E06000041,Wokingham,,,,,,,,,,,,,,,,,,,,,,,,,,,,87175.0,89043.83333333333,102761.25,118642.66666666667,132419.25,166403.91666666666,179345.58333333334,204285.58333333334,223364.41666666666,234968.83333333334,245648.33333333334,257602.5,287245.25,283166.0833333333,255331.16666666666,278500.5,279790.4166666667,282077.0,294884.3333333333,330980.6666666667,371107.75,411527.4166666667,418573.5833333333,419390.5,408332.1666666667,419529.75,434800.0,469066.9166666667,483018.6666666667,482264.9166666667,501001.0
39,E06000042,Milton Keynes,,,,,,,,,,,,,,,,,,,,,,,,,,,,50753.333333333336,51745.833333333336,55771.0,62153.583333333336,69129.0,82187.83333333333,93396.33333333333,113658.91666666667,138285.25,153807.58333333334,160679.41666666666,168088.91666666666,187486.66666666666,181816.83333333334,159780.16666666666,169516.83333333334,168524.75,175033.83333333334,180157.08333333334,200973.41666666666,224062.33333333334,251225.5,265719.6666666667,269600.0,262410.75,266291.3333333333,284273.5833333333,311032.5,313978.6666666667,314106.3333333333,330912.5
40,E06000043,Brighton and Hove,,,,,,,,,,,,,,,,,,,,,,,,,,,,50186.75,53104.916666666664,60799.25,70651.0,82630.66666666667,105471.16666666667,125797.33333333333,150433.83333333334,174584.0,189768.58333333334,200241.16666666666,213062.75,242084.66666666666,234367.83333333334,209589.16666666666,237836.25,238271.0,245940.91666666666,255772.91666666666,278610.8333333333,305743.1666666667,332909.9166666667,349625.0833333333,354702.5,356467.1666666667,363241.9166666667,387982.6666666667,425209.0833333333,425922.0,413589.9166666667,424879.5
41,E06000044,Portsmouth,,,,,,,,,,,,,,,,,,,,,,,,,,,,46385.166666666664,47703.666666666664,52509.833333333336,57090.916666666664,62181.0,73753.08333333333,83632.08333333333,102220.08333333333,122104.33333333333,138510.0,143878.41666666666,149523.0,162824.75,155703.75,139238.83333333334,150342.41666666666,146055.5,147576.83333333334,150955.83333333334,161886.25,174945.33333333334,187242.16666666666,200950.58333333334,209266.83333333334,208716.0,213137.25,225951.0,248588.41666666666,252667.83333333334,247121.83333333334,254208.0
42,E06000045,Southampton,,,,,,,,,,,,,,,,,,,,,,,,,,,,43871.583333333336,44498.333333333336,48850.583333333336,54664.833333333336,60746.25,74165.83333333333,85027.08333333333,103027.83333333333,125648.75,138364.08333333334,142894.25,146062.58333333334,156979.0,153200.41666666666,136698.83333333334,150757.91666666666,147472.41666666666,148305.08333333334,148041.83333333334,160645.75,172835.41666666666,188355.0,198203.0,202974.16666666666,201274.58333333334,203872.0,215197.08333333334,234991.75,237663.41666666666,233361.91666666666,240100.0
43,E06000046,Isle of Wight,,,,,,,,,,,,,,,,,,,,,,,,,,,,42935.416666666664,43605.333333333336,47707.916666666664,53601.75,60365.0,72905.08333333333,83960.91666666667,100487.25,121784.83333333333,142985.16666666666,155102.91666666666,161814.58333333334,174349.08333333334,171087.0,155473.66666666666,163289.16666666666,160881.41666666666,160500.5,160001.91666666666,168539.58333333334,172858.33333333334,181956.08333333334,189469.75,195394.41666666666,202761.08333333334,211482.41666666666,232977.41666666666,261106.91666666666,262347.8333333333,251347.25,256539.5
44,E06000047,County Durham,,,,,,,,,,,,,,,,,,,,,,,,,,,,37619.333333333336,38275.083333333336,39130.666666666664,40119.583333333336,41301.416666666664,43777.583333333336,44998.666666666664,50588.416666666664,63803.333333333336,84124.0,100319.75,109173.5,114812.75,113282.58333333333,101460.08333333333,102998.33333333333,97828.41666666667,96105.16666666667,94043.25,92540.75,94391.41666666667,96089.75,97922.08333333333,99043.08333333333,98855.25,99632.91666666667,114970.83333333333,122974.5,123367.16666666667,126992.5,135995.5
45,E06000049,Cheshire East,,,,,,,,,,,,,,,,,,,,,,,,,,,,56558.75,57924.416666666664,60524.166666666664,64869.333333333336,69901.08333333333,75401.83333333333,84002.25,99716.41666666667,124878.41666666667,147745.33333333334,162969.66666666666,172935.83333333334,185053.75,180959.41666666666,165376.08333333334,175026.25,170964.75,168045.91666666666,173403.16666666666,183361.66666666666,189579.41666666666,200173.83333333334,205962.5,215896.0,220538.0,226775.41666666666,244771.25,266362.25,272709.5833333333,280029.9166666667,295100.0
46,E06000050,Cheshire West and Chester,,,,,,,,,,,,,,,,,,,,,,,,,,,,52982.75,52786.666666666664,56416.833333333336,59529.833333333336,64625.75,72330.5,80699.25,93475.41666666667,114329.66666666667,141484.33333333334,155256.16666666666,162002.25,172094.75,166998.0,154847.5,161039.5,156851.83333333334,156006.58333333334,157762.5,163608.66666666666,170462.41666666666,179337.66666666666,183318.5,189954.5,194170.75,200599.08333333334,221451.25,240211.66666666666,247335.08333333334,251392.16666666666,262453.5
47,E06000051,Shropshire,,,,,,,,,,,,,,,,,,,,,,,,,,,,55041.166666666664,55351.916666666664,59712.583333333336,63401.5,68347.91666666667,77245.83333333333,87483.58333333333,103495.33333333333,129046.91666666667,153402.33333333334,164927.25,176612.91666666666,188710.66666666666,182693.0,167440.58333333334,177050.08333333334,172680.83333333334,169181.25,173045.66666666666,178151.83333333334,185062.33333333334,193695.41666666666,199785.0,207005.0,210917.75,215689.5,234738.08333333334,257739.41666666666,264621.9166666667,267208.9166666667,278638.5
48,E06000052,Cornwall,,,,,,,,,,,,,,,,,,,,,,,,,,,,46705.833333333336,47760.666666666664,52997.0,57814.75,62769.0,73334.41666666667,84075.66666666667,107136.66666666667,138782.75,165322.0,178432.83333333334,187024.08333333334,202887.5,197095.0,177484.91666666666,189588.58333333334,184897.08333333334,184627.58333333334,184836.5,191595.08333333334,199925.41666666666,203394.25,211038.33333333334,221000.91666666666,224773.66666666666,233156.16666666666,257816.41666666666,291146.0833333333,293219.9166666667,286242.3333333333,288273.0
49,E06000054,Wiltshire,,,,,,,,,,,,,,,,,,,,,,,,,,,,64096.25,64647.916666666664,71533.83333333333,80362.08333333333,90342.75,108017.5,120459.25,141148.66666666666,165158.75,184481.66666666666,191500.0,202994.58333333334,218832.5,211185.58333333334,190872.41666666666,206596.91666666666,205725.83333333334,207099.5,208361.66666666666,217139.91666666666,231823.91666666666,251576.5,265440.3333333333,274344.0833333333,271156.3333333333,274613.5833333333,290391.5,318837.0,323025.5833333333,320953.0,329445.5
50,E06000055,Bedford,,,,,,,,,,,,,,,,,,,,,,,,,,,,52537.0,52526.666666666664,58020.333333333336,64786.083333333336,71389.41666666667,84591.33333333333,96269.91666666667,115783.0,136891.66666666666,153461.25,164541.66666666666,170521.5,185089.41666666666,180348.16666666666,159008.41666666666,170063.75,169412.75,172616.08333333334,176793.75,191903.08333333334,211153.08333333334,238493.16666666666,258395.0,267481.3333333333,264933.6666666667,263884.1666666667,280233.1666666667,307999.0,313303.3333333333,312769.5,316999.5
51,E06000056,Central Bedfordshire,,,,,,,,,,,,,,,,,,,,,,,,,,,,58586.166666666664,59447.833333333336,66354.16666666667,74877.58333333333,82281.0,99461.16666666667,110698.83333333333,132191.58333333334,158341.91666666666,171180.33333333334,181535.58333333334,189619.16666666666,205763.08333333334,203169.66666666666,180534.25,191230.58333333334,188114.58333333334,191508.0,196803.08333333334,214976.33333333334,240058.41666666666,274074.5,294754.8333333333,302963.75,296288.0,298318.25,307055.0833333333,334242.5833333333,339569.75,337502.4166666667,360059.0
52,E06000057,Northumberland,,,,,,,,,,,,,,,,,,,,,,,,,,,,45821.916666666664,45993.333333333336,48487.416666666664,49996.083333333336,52572.333333333336,55514.75,59870.583333333336,70926.66666666667,93231.5,118933.0,135397.75,144934.33333333334,154769.33333333334,153169.58333333334,139158.0,144352.5,137570.83333333334,134153.25,133229.41666666666,137504.5,141144.16666666666,144251.08333333334,146921.08333333334,150489.0,147770.83333333334,154322.83333333334,169007.83333333334,182214.83333333334,187391.75,192125.5,203038.5
53,E06000058,Bournemouth Christchurch and Poole,,,,,,,,,,,,,,,,,,,,,,,,,,,,55087.916666666664,55686.166666666664,63194.0,72483.41666666667,80361.16666666667,98157.83333333333,109241.16666666667,134380.58333333334,163619.66666666666,184626.16666666666,189760.83333333334,197942.75,216143.91666666666,208124.0,186656.83333333334,200580.25,200531.08333333334,201927.58333333334,205223.5,222259.66666666666,238252.08333333334,252843.91666666666,267236.4166666667,277448.5833333333,277569.6666666667,281613.0,297814.0833333333,330048.75,328200.8333333333,321092.5833333333,320822.0
54,E06000059,Dorset,,,,,,,,,,,,,,,,,,,,,,,,,,,,59923.916666666664,61292.5,67901.25,76017.33333333333,84893.5,101088.0,113117.25,137059.5,164007.75,185527.08333333334,196167.0,206362.41666666666,226974.91666666666,220434.16666666666,197377.5,215457.75,211939.16666666666,214133.5,217409.83333333334,230402.25,240722.16666666666,255132.75,269917.75,276416.5833333333,275304.25,280877.0,301015.4166666667,338102.3333333333,337514.1666666667,329363.6666666667,335483.5
55,E06000060,Buckinghamshire,,,,,,,,,,,,,,,,,,,,,,,,,,,,87466.0,89603.58333333333,103070.0,118868.66666666667,129436.33333333333,155077.25,170546.66666666666,196757.16666666666,220561.5,240074.25,250315.41666666666,262754.0,289951.75,287038.0,256824.5,281014.6666666667,284602.5,290115.0833333333,298934.1666666667,322564.6666666667,356102.25,397525.3333333333,419149.8333333333,421150.6666666667,416279.0,416409.9166666667,431278.6666666667,465961.5,468380.0,470403.1666666667,479410.5
56,E06000061,North Northamptonshire,,,,,,,,,,,,,,,,,,,,,,,,,,,,40724.333333333336,40391.833333333336,43702.583333333336,47684.75,52156.583333333336,59484.25,66979.66666666667,81453.66666666667,101616.75,119490.66666666667,129838.66666666667,134993.66666666666,147902.0,142778.08333333334,124459.33333333333,130804.75,130977.25,130750.58333333333,135182.75,145432.08333333334,156120.25,173132.25,188129.58333333334,201184.91666666666,203384.66666666666,207862.25,223339.5,248507.33333333334,251462.75,247159.25,257124.0
57,E06000062,West Northamptonshire,,,,,,,,,,,,,,,,,,,,,,,,,,,,51255.75,52322.25,58891.25,66058.75,71934.41666666667,84205.66666666667,94559.5,110024.33333333333,134910.58333333334,152099.0,162573.58333333334,169684.75,182894.5,174084.41666666666,152995.75,164464.08333333334,161981.58333333334,164472.08333333334,169618.41666666666,183807.25,197419.5,215365.33333333334,230849.5,241155.0,239360.66666666666,242412.66666666666,256806.75,281887.75,283030.0833333333,281441.3333333333,291330.5
58,E06000063,Cumberland,,,,,,,,,,,,,,,,,,,,,,,,,,,,40703.083333333336,39659.333333333336,41794.166666666664,43198.75,44705.75,46095.333333333336,48141.083333333336,54910.083333333336,69272.75,91256.75,105964.33333333333,118050.08333333333,127184.25,124633.41666666667,117232.25,121626.58333333333,117907.91666666667,115503.58333333333,115027.75,118674.41666666667,119049.58333333333,123351.0,126455.08333333333,128958.41666666667,128737.33333333333,130450.25,140305.08333333334,152312.16666666666,154015.83333333334,159695.0,165767.5
59,E06000064,Westmorland and Furness,,,,,,,,,,,,,,,,,,,,,,,,,,,,46775.833333333336,46510.083333333336,49225.5,51951.333333333336,54181.416666666664,59895.583333333336,66314.91666666667,77921.66666666667,94832.66666666667,121521.41666666667,141261.16666666666,154704.25,167663.41666666666,167222.33333333334,154677.5,159824.75,157934.66666666666,153721.25,154458.0,158575.91666666666,163971.66666666666,168824.08333333334,175466.83333333334,180177.91666666666,184857.83333333334,187825.25,200246.5,217447.58333333334,219180.25,222739.16666666666,235214.0
60,E06000065,North Yorkshire,,,,,,,,,,,,,,,,,,,,,,,,,,,,58135.833333333336,57658.916666666664,60553.166666666664,63803.416666666664,66931.33333333333,74821.91666666667,83158.33333333333,102020.5,129266.0,156818.83333333334,172002.08333333334,182242.0,195154.41666666666,189427.0,172690.66666666666,183292.16666666666,180215.5,179397.0,180537.83333333334,186255.33333333334,195028.08333333334,202223.16666666666,208973.41666666666,215486.66666666666,217192.41666666666,222414.66666666666,238877.33333333334,261523.16666666666,264198.6666666667,264757.1666666667,271968.0
61,E06000066,Somerset,,,,,,,,,,,,,,,,,,,,,,,,,,,,52380.166666666664,52466.833333333336,57071.583333333336,62283.5,68091.58333333333,80321.16666666667,89717.33333333333,109879.83333333333,134303.08333333334,156553.91666666666,165776.58333333334,174232.41666666666,190692.5,184607.08333333334,166697.33333333334,175694.0,173718.75,172001.5,174982.41666666666,183454.25,191583.25,203025.75,214510.16666666666,223667.16666666666,226347.25,232072.66666666666,248491.16666666666,277417.75,278786.1666666667,272982.5,281183.5
62,E07000008,Cambridge,,,,,,,,,,,,,,,,,,,,,,,,,,,,77970.33333333333,79392.66666666667,89617.25,102455.5,109677.08333333333,133830.66666666666,154856.25,183446.75,203184.5,217792.5,225245.41666666666,250119.5,279030.25,261767.75,250101.66666666666,277262.25,284597.8333333333,304279.0,331937.6666666667,367231.9166666667,413526.5833333333,434749.5833333333,448578.9166666667,452979.75,446248.8333333333,453361.5833333333,451104.8333333333,497206.0833333333,493246.25,492221.8333333333,508850.5
63,E07000009,East Cambridgeshire,,,,,,,,,,,,,,,,,,,,,,,,,,,,56619.75,57142.25,62625.75,69495.0,75667.83333333333,89871.41666666667,101495.25,123290.0,139264.75,156005.16666666666,167014.75,171943.91666666666,192550.58333333334,182953.0,165731.0,179544.66666666666,179128.83333333334,184096.66666666666,190664.5,210923.75,231641.0,258175.33333333334,273277.8333333333,278877.8333333333,281679.0,283405.9166666667,291243.8333333333,315536.6666666667,321631.75,328697.5833333333,349458.5
64,E07000010,Fenland,,,,,,,,,,,,,,,,,,,,,,,,,,,,40513.083333333336,40101.333333333336,42154.75,47336.666666666664,50847.333333333336,58459.166666666664,66481.83333333333,82467.83333333333,103818.08333333333,121257.58333333333,132128.91666666666,136550.33333333334,146676.91666666666,140068.83333333334,124515.75,126734.33333333333,125546.08333333333,126386.91666666667,127000.83333333333,136801.5,148970.33333333334,162715.66666666666,174597.0,183530.66666666666,184564.83333333334,189003.5,203068.83333333334,229464.33333333334,228320.58333333334,221432.0,227896.5
65,E07000011,Huntingdonshire,,,,,,,,,,,,,,,,,,,,,,,,,,,,53253.416666666664,53192.916666666664,58076.333333333336,63400.0,68753.25,79931.91666666667,91757.41666666667,108817.75,133199.91666666666,149896.91666666666,161276.5,169227.08333333334,183131.08333333334,182657.25,160928.41666666666,171670.58333333334,168251.58333333334,170410.5,176170.16666666666,191720.75,206589.75,230349.58333333334,247644.75,254978.08333333334,255661.66666666666,255274.08333333334,270454.8333333333,299046.25,302563.4166666667,294132.0833333333,302843.5
66,E07000012,South Cambridgeshire,,,,,,,,,,,,,,,,,,,,,,,,,,,,78214.91666666667,78847.25,87718.0,100786.41666666667,107490.08333333333,128506.83333333333,144216.66666666666,168639.0,192247.33333333334,212247.0,215852.83333333334,237929.0,256026.41666666666,251477.41666666666,226090.25,249754.16666666666,253376.16666666666,260285.75,268795.8333333333,292060.8333333333,327721.0833333333,357039.25,376219.0,383075.3333333333,376572.4166666667,378930.4166666667,391673.5833333333,419226.0833333333,428192.8333333333,427855.5833333333,439580.0
67,E07000032,Amber Valley,,,,,,,,,,,,,,,,,,,,,,,,,,,,41106.416666666664,41237.5,42829.75,44547.083333333336,47938.5,52413.083333333336,59474.666666666664,70723.58333333333,93525.0,114557.16666666667,124847.25,132352.58333333334,141795.75,136193.58333333334,122650.41666666667,128143.25,124100.41666666667,125277.25,128760.66666666667,135585.0,141914.75,148560.75,155850.58333333334,163939.25,168764.58333333334,176210.16666666666,193776.91666666666,209931.16666666666,216830.91666666666,218186.33333333334,231323.0
68,E07000033,Bolsover,,,,,,,,,,,,,,,,,,,,,,,,,,,,32034.166666666668,32258.333333333332,33753.5,35017.0,35724.833333333336,36860.25,40349.916666666664,45647.583333333336,61273.416666666664,81330.66666666667,93858.33333333333,100953.41666666667,108272.25,106640.0,96298.83333333333,97498.25,92185.91666666667,92479.16666666667,90584.58333333333,98118.16666666667,99761.08333333333,106944.91666666667,113047.83333333333,119608.41666666667,122363.91666666667,126317.66666666667,146830.91666666666,161395.66666666666,169030.16666666666,170219.58333333334,177205.5
69,E07000034,Chesterfield,,,,,,,,,,,,,,,,,,,,,,,,,,,,39590.5,40454.25,42034.666666666664,43149.75,43919.333333333336,48791.916666666664,53579.416666666664,62181.0,80719.5,104166.0,117169.0,125328.5,133228.33333333334,131035.16666666667,115842.58333333333,119968.91666666667,117171.66666666667,119532.25,121126.83333333333,127773.58333333333,131867.75,138959.91666666666,146209.75,152582.33333333334,154917.16666666666,159414.5,174585.75,188637.33333333334,191626.0,189852.08333333334,201342.0
70,E07000035,Derbyshire Dales,,,,,,,,,,,,,,,,,,,,,,,,,,,,63282.916666666664,65521.583333333336,69330.16666666667,73869.75,78244.75,91805.83333333333,103326.08333333333,117862.08333333333,148705.75,180476.66666666666,196993.66666666666,205852.66666666666,218913.5,202183.83333333334,193289.83333333334,211317.0,205581.0,208442.66666666666,212209.75,220586.75,229137.25,238559.5,245593.33333333334,256636.5,264514.3333333333,270186.5833333333,293089.5,321884.0833333333,330743.1666666667,330298.8333333333,341676.5
71,E07000036,Erewash,,,,,,,,,,,,,,,,,,,,,,,,,,,,39901.666666666664,39676.5,42276.916666666664,43598.5,45437.916666666664,49422.583333333336,55763.0,68987.0,91726.58333333333,110923.5,117944.66666666667,123058.41666666667,131493.08333333334,125625.0,114501.58333333333,118528.58333333333,115343.5,117261.41666666667,117172.41666666667,128401.5,136593.66666666666,142954.08333333334,151020.33333333334,159511.25,163413.0,169602.33333333334,187324.91666666666,206051.41666666666,214364.25,211322.91666666666,217809.0
72,E07000037,High Peak,,,,,,,,,,,,,,,,,,,,,,,,,,,,49848.333333333336,48886.083333333336,52407.0,55123.666666666664,58892.0,63726.0,74938.91666666667,84776.0,105890.33333333333,129208.58333333333,141093.25,151840.91666666666,159785.91666666666,156172.58333333334,139805.08333333334,143236.41666666666,142046.83333333334,142805.66666666666,142673.91666666666,149907.0,154613.08333333334,165112.33333333334,171923.33333333334,178895.16666666666,183547.0,190333.08333333334,209409.25,233407.5,239992.91666666666,244456.91666666666,258233.0
73,E07000038,North East Derbyshire,,,,,,,,,,,,,,,,,,,,,,,,,,,,49152.25,48630.75,50740.166666666664,53610.25,56157.666666666664,59875.25,65631.83333333333,73869.91666666667,95504.75,117944.75,138030.5,144944.33333333334,154606.91666666666,152250.16666666666,144906.75,145546.33333333334,141587.58333333334,142642.66666666666,141786.58333333334,153570.66666666666,157945.0,164691.33333333334,173410.75,181629.91666666666,186644.25,193806.33333333334,202717.08333333334,221990.41666666666,225238.0,230304.16666666666,255031.0
74,E07000039,South Derbyshire,,,,,,,,,,,,,,,,,,,,,,,,,,,,48243.916666666664,49551.416666666664,52228.5,54363.916666666664,60069.083333333336,66328.41666666667,74341.08333333333,90409.91666666667,119411.33333333333,135763.0,150639.0,159911.41666666666,168661.91666666666,160200.83333333334,143112.66666666666,150140.25,147685.16666666666,150857.58333333334,149935.83333333334,161103.91666666666,171640.83333333334,180828.91666666666,190524.91666666666,194782.5,196807.66666666666,200322.0,215276.08333333334,235823.33333333334,243498.83333333334,247048.75,252032.0
75,E07000040,East Devon,,,,,,,,,,,,,,,,,,,,,,,,,,,,61891.416666666664,61557.25,67452.41666666667,72922.75,79184.16666666667,95152.75,108262.41666666667,136975.25,169603.5,192080.25,202111.75,212393.58333333334,230682.75,229165.75,211187.25,227121.75,223790.58333333334,225099.5,226510.66666666666,235050.83333333334,242858.33333333334,251220.0,265636.8333333333,279169.9166666667,284653.0,286946.6666666667,302479.8333333333,331109.1666666667,340894.8333333333,339241.4166666667,349772.5
76,E07000041,Exeter,,,,,,,,,,,,,,,,,,,,,,,,,,,,50545.75,49874.083333333336,52862.916666666664,56159.583333333336,61825.583333333336,74337.83333333333,86185.5,111307.58333333333,136394.5,159416.91666666666,164744.33333333334,174134.91666666666,190050.16666666666,183990.08333333334,172278.25,185991.5,184414.0,188397.25,187741.0,199907.66666666666,211995.5,220522.0,230163.5,240020.5,243346.41666666666,247665.25,259835.75,290159.1666666667,296531.1666666667,289206.5,294306.5
77,E07000042,Mid Devon,,,,,,,,,,,,,,,,,,,,,,,,,,,,56444.75,56796.416666666664,60799.166666666664,66706.58333333333,70571.25,84147.41666666667,97496.66666666667,118562.75,146521.75,169143.0,180304.08333333334,187829.66666666666,207502.25,199048.83333333334,182923.08333333334,193687.5,190478.5,189417.0,197141.75,198759.41666666666,210273.91666666666,216931.0,228341.91666666666,238051.08333333334,238625.08333333334,245145.5,266874.0833333333,299829.6666666667,303966.25,297842.6666666667,292946.0
78,E07000043,North Devon,,,,,,,,,,,,,,,,,,,,,,,,,,,,49495.916666666664,49921.916666666664,55775.75,61234.833333333336,67103.41666666667,78222.33333333333,90772.91666666667,112084.58333333333,137497.08333333334,167834.75,181586.75,188001.08333333334,201366.75,194685.0,177728.0,188242.25,186572.66666666666,186967.41666666666,182377.91666666666,196729.33333333334,205528.5,210543.41666666666,217866.66666666666,218149.91666666666,235607.25,240251.5,258723.83333333334,293987.1666666667,297870.0,285545.9166666667,291355.0
79,E07000044,South Hams,,,,,,,,,,,,,,,,,,,,,,,,,,,,66036.5,67508.33333333333,74106.16666666667,80099.5,88677.91666666667,102537.75,121758.16666666667,149686.66666666666,182913.33333333334,211028.91666666666,228255.66666666666,242660.66666666666,268265.5833333333,256500.33333333334,228770.25,256698.16666666666,254928.5,252360.33333333334,251848.83333333334,267493.5833333333,277422.6666666667,288413.25,287365.1666666667,300676.25,308036.1666666667,318863.1666666667,348012.9166666667,388650.5,387693.5,384025.25,389104.0
80,E07000045,Teignbridge,,,,,,,,,,,,,,,,,,,,,,,,,,,,52610.583333333336,52535.083333333336,57010.583333333336,62834.166666666664,69429.83333333333,81361.41666666667,93077.91666666667,115806.25,142522.5,164502.41666666666,178752.08333333334,187058.08333333334,202497.41666666666,198294.41666666666,176059.91666666666,191169.91666666666,186704.33333333334,186610.91666666666,191270.25,199722.58333333334,206359.41666666666,217407.91666666666,226427.91666666666,234134.75,235511.33333333334,242826.33333333334,263567.5,295199.5833333333,296178.3333333333,296866.0,298368.5
81,E07000046,Torridge,,,,,,,,,,,,,,,,,,,,,,,,,,,,46845.166666666664,47428.5,52996.583333333336,57700.25,62000.25,74330.5,86135.58333333333,105641.0,129411.58333333333,158944.33333333334,170562.66666666666,179512.83333333334,189905.0,191060.75,169041.83333333334,180282.5,173485.83333333334,176215.41666666666,175471.66666666666,183113.0,196276.25,198742.58333333334,206724.75,216103.25,222350.75,225795.33333333334,247207.25,285890.0,288173.5,271777.3333333333,275654.5
82,E07000047,West Devon,,,,,,,,,,,,,,,,,,,,,,,,,,,,54523.666666666664,56238.75,60671.583333333336,66881.58333333333,72839.0,83992.08333333333,96653.33333333333,120026.41666666667,148066.33333333334,179822.83333333334,189866.75,199932.58333333334,213335.75,206980.91666666666,185546.91666666666,193528.0,191040.75,196967.83333333334,194145.91666666666,200025.83333333334,210851.83333333334,218720.91666666666,225449.16666666666,235517.08333333334,243575.5,244009.75,265733.9166666667,290473.9166666667,292166.0833333333,290169.3333333333,307631.0
83,E07000061,Eastbourne,,,,,,,,,,,,,,,,,,,,,,,,,,,,43811.583333333336,43583.75,47401.666666666664,53325.583333333336,58532.0,71091.58333333333,82823.08333333333,103096.5,125109.16666666667,137878.83333333334,146808.75,150632.0,166427.08333333334,164643.25,145337.5,158341.58333333334,152398.5,153980.91666666666,156975.91666666666,172736.91666666666,184457.5,200788.16666666666,213207.08333333334,219294.41666666666,221988.25,220975.33333333334,247546.5,278469.0,276041.25,266344.1666666667,258592.0
84,E07000062,Hastings,,,,,,,,,,,,,,,,,,,,,,,,,,,,35680.0,36146.916666666664,40396.333333333336,44342.583333333336,48908.833333333336,57358.5,66463.66666666667,84366.08333333333,107350.16666666667,121638.75,128414.16666666667,133253.0,147415.08333333334,142045.33333333334,124847.83333333333,133904.5,131032.83333333333,134248.66666666666,134206.08333333334,148121.41666666666,159316.91666666666,182112.33333333334,196623.5,204662.16666666666,209298.41666666666,213625.0,240005.41666666666,269344.6666666667,262149.75,252797.0,249004.5
85,E07000063,Lewes,,,,,,,,,,,,,,,,,,,,,,,,,,,,63711.333333333336,64043.5,69999.0,79728.33333333333,90678.91666666667,110381.5,125894.16666666667,146606.0,174495.5,194168.08333333334,207480.25,214856.66666666666,240694.25,236124.41666666666,209520.83333333334,229082.16666666666,232851.41666666666,238206.16666666666,246773.08333333334,263341.9166666667,279855.1666666667,305167.0833333333,314686.5,325226.4166666667,325959.8333333333,324554.3333333333,346909.0833333333,383485.5833333333,389457.6666666667,374869.3333333333,364775.0
86,E07000064,Rother,,,,,,,,,,,,,,,,,,,,,,,,,,,,56514.833333333336,57042.333333333336,65809.16666666667,72573.33333333333,79892.75,97223.33333333333,106406.25,128243.25,154517.5,175622.66666666666,183724.33333333334,190667.25,207536.91666666666,203205.25,180941.83333333334,198518.08333333334,197327.66666666666,197342.83333333334,200581.66666666666,213978.5,226590.83333333334,249312.91666666666,262277.5,273881.5833333333,278664.6666666667,280939.3333333333,308573.5833333333,349837.1666666667,345255.4166666667,339352.9166666667,345449.0
87,E07000065,Wealden,,,,,,,,,,,,,,,,,,,,,,,,,,,,73798.33333333333,74215.08333333333,83220.66666666667,95450.75,104047.91666666667,124699.83333333333,138251.91666666666,162393.0,195968.0,212169.75,223962.33333333334,232941.41666666666,253399.16666666666,256032.58333333334,229959.83333333334,244962.91666666666,238875.41666666666,244233.33333333334,252220.75,266057.9166666667,289211.9166666667,316406.4166666667,328911.8333333333,338432.5,339335.0833333333,344084.4166666667,366227.4166666667,403814.0,401182.3333333333,398736.0,401122.0
88,E07000066,Basildon,,,,,,,,,,,,,,,,,,,,,,,,,,,,52196.583333333336,52846.666666666664,57833.166666666664,64556.333333333336,70329.33333333333,83269.41666666667,94661.75,117397.33333333333,144176.91666666666,161699.66666666666,171681.08333333334,176922.33333333334,191682.83333333334,192819.91666666666,171483.33333333334,183567.75,183259.75,186441.75,191212.75,211192.25,235675.91666666666,272730.75,294307.8333333333,301190.3333333333,297860.6666666667,307815.4166666667,324280.5,353215.6666666667,355163.25,350821.0833333333,359146.5
89,E07000067,Braintree,,,,,,,,,,,,,,,,,,,,,,,,,,,,55934.333333333336,55712.0,59766.333333333336,65805.5,72240.16666666667,85325.25,99005.75,123000.33333333333,149687.91666666666,167450.83333333334,177752.58333333334,185061.75,200430.25,199397.83333333334,173112.91666666666,188084.0,187446.5,189274.5,191863.08333333334,212433.33333333334,230419.66666666666,256223.75,277474.8333333333,286621.5,282882.0833333333,286704.0,296201.6666666667,323595.5,327278.9166666667,321289.0833333333,330538.5
90,E07000068,Brentwood,,,,,,,,,,,,,,,,,,,,,,,,,,,,82844.5,84971.91666666667,97448.91666666667,110614.16666666667,121560.91666666667,144335.83333333334,160502.0,189468.16666666666,223450.5,238726.66666666666,252551.16666666666,265651.0833333333,291026.3333333333,287124.1666666667,265126.75,289311.75,287238.6666666667,291602.8333333333,303263.1666666667,338106.75,369819.75,422106.3333333333,448974.0833333333,454170.8333333333,452862.3333333333,455458.4166666667,472127.1666666667,504929.6666666667,496498.25,494933.4166666667,506108.5
91,E07000069,Castle Point,,,,,,,,,,,,,,,,,,,,,,,,,,,,57169.0,56969.166666666664,61697.166666666664,68714.16666666667,75264.16666666667,89914.33333333333,103215.75,124916.33333333333,155687.58333333334,174765.41666666666,178784.0,185591.16666666666,200502.5,198048.66666666666,175717.16666666666,194786.0,189559.5,189302.41666666666,192735.91666666666,211260.75,235993.0,265722.5833333333,290749.3333333333,297233.5833333333,298047.9166666667,303105.5,326967.0,359804.3333333333,362461.4166666667,352537.6666666667,350899.0
92,E07000070,Chelmsford,,,,,,,,,,,,,,,,,,,,,,,,,,,,58882.416666666664,58947.166666666664,66912.5,76289.58333333333,82623.25,100638.58333333333,112220.66666666667,136781.91666666666,166297.58333333334,184088.5,191903.33333333334,200130.91666666666,220792.16666666666,215628.66666666666,193121.41666666666,210351.91666666666,211150.0,215634.91666666666,220668.83333333334,244439.41666666666,266587.4166666667,297227.6666666667,316715.4166666667,322560.3333333333,328437.8333333333,327009.5833333333,342753.4166666667,377715.25,374821.0,369716.3333333333,372525.5
93,E07000071,Colchester,,,,,,,,,,,,,,,,,,,,,,,,,,,,54433.166666666664,53804.25,57056.75,63920.5,69868.25,83275.58333333333,94449.25,116489.58333333333,139057.91666666666,158768.08333333334,167925.41666666666,178365.83333333334,190234.75,176887.0,155848.91666666666,172894.08333333334,172150.75,173822.75,178337.75,193830.91666666666,211770.91666666666,235300.58333333334,254764.91666666666,261109.08333333334,259341.16666666666,258909.33333333334,272195.8333333333,300655.0833333333,301999.75,296090.8333333333,299984.0
94,E07000072,Epping Forest,,,,,,,,,,,,,,,,,,,,,,,,,,,,87474.5,89627.83333333333,101444.08333333333,115647.33333333333,125290.75,150236.08333333334,171857.83333333334,199815.0,237529.41666666666,257244.91666666666,261038.75,276460.0,303624.4166666667,312434.3333333333,277479.3333333333,309229.5,308216.0,315492.3333333333,328183.6666666667,364993.0833333333,403190.3333333333,455377.0,478868.8333333333,483317.4166666667,478332.4166666667,484291.0833333333,497259.6666666667,533306.5833333334,528813.6666666666,531989.0833333334,545980.5
95,E07000073,Harlow,,,,,,,,,,,,,,,,,,,,,,,,,,,,55218.5,54360.916666666664,59271.916666666664,65953.91666666667,69961.83333333333,84649.58333333333,98375.75,118921.66666666667,141245.5,156284.91666666666,162541.33333333334,170818.0,180819.75,178476.83333333334,160836.75,167423.91666666666,171131.16666666666,173534.33333333334,178487.0,194937.91666666666,224887.83333333334,259961.91666666666,277128.5,281122.4166666667,279761.8333333333,279525.9166666667,286503.25,311264.3333333333,315617.5833333333,311882.6666666667,312403.5
96,E07000074,Maldon,,,,,,,,,,,,,,,,,,,,,,,,,,,,63205.75,63994.083333333336,70385.91666666667,77893.83333333333,82719.16666666667,99576.16666666667,115019.33333333333,140553.58333333334,171741.75,193658.75,199966.0,205637.83333333334,226012.16666666666,227276.33333333334,203605.16666666666,213516.16666666666,219380.0,218596.75,227900.41666666666,238305.25,266214.3333333333,289959.25,316407.5833333333,331549.25,333174.4166666667,331505.0,349265.25,377589.4166666667,386575.8333333333,364799.0,381024.5
97,E07000075,Rochford,,,,,,,,,,,,,,,,,,,,,,,,,,,,65099.25,65463.833333333336,73002.66666666667,80831.0,86372.41666666667,106747.25,123651.5,147251.91666666666,185247.08333333334,205133.83333333334,212283.08333333334,219173.91666666666,238076.41666666666,240360.91666666666,216256.66666666666,228647.75,226005.0,227087.83333333334,232827.16666666666,250417.5,281447.3333333333,319304.5833333333,344136.5,350507.6666666667,362595.4166666667,358098.0833333333,365441.75,392603.5833333333,399766.0,389650.8333333333,401895.0
98,E07000076,Tendring,,,,,,,,,,,,,,,,,,,,,,,,,,,,47105.5,46617.5,50421.25,54881.5,60983.166666666664,73441.33333333333,84314.91666666667,105080.0,130358.25,149096.58333333334,154835.0,165222.41666666666,177056.08333333334,173812.91666666666,146963.33333333334,158147.41666666666,157006.91666666666,155857.58333333334,155256.58333333334,164180.66666666666,176092.66666666666,193068.16666666666,216558.91666666666,224613.83333333334,222532.91666666666,224767.58333333334,242779.66666666666,269364.5,271269.75,264635.4166666667,268710.0
99,E07000077,Uttlesford,,,,,,,,,,,,,,,,,,,,,,,,,,,,87400.08333333333,87922.0,101319.08333333333,114232.66666666667,120540.08333333333,144735.41666666666,163226.58333333334,191978.66666666666,216729.75,237895.66666666666,249401.33333333334,258814.33333333334,282418.0833333333,276427.8333333333,254964.25,273048.75,275600.4166666667,281384.0833333333,292169.25,322724.9166666667,352910.6666666667,382771.9166666667,400846.9166666667,410124.9166666667,401440.5833333333,412223.5,434192.8333333333,468702.8333333333,458583.9166666667,456039.6666666667,466888.5
100,E07000078,Cheltenham,,,,,,,,,,,,,,,,,,,,,,,,,,,,54932.416666666664,55335.75,61883.166666666664,68448.08333333333,77061.75,92953.75,104545.33333333333,126114.5,144835.83333333334,161982.58333333334,173278.91666666666,185874.25,198203.58333333334,187761.33333333334,168784.16666666666,189627.25,184472.41666666666,192634.33333333334,193927.25,208514.33333333334,220912.58333333334,235705.16666666666,252966.66666666666,262444.8333333333,261192.0,272039.4166666667,288106.5,319376.3333333333,322723.6666666667,327262.25,331625.5
101,E07000079,Cotswold,,,,,,,,,,,,,,,,,,,,,,,,,,,,74646.66666666667,80144.08333333333,87673.08333333333,100714.58333333333,111913.16666666667,132478.91666666666,141206.5,169914.66666666666,193927.91666666666,216562.41666666666,228276.16666666666,245400.25,260173.5,254600.08333333334,237478.83333333334,256864.91666666666,253476.25,260420.33333333334,266289.3333333333,283845.8333333333,296575.9166666667,313382.5,327225.25,335282.3333333333,348714.5833333333,360089.6666666667,382831.4166666667,429814.75,444378.25,453606.0833333333,432934.0
102,E07000080,Forest of Dean,,,,,,,,,,,,,,,,,,,,,,,,,,,,51787.916666666664,52421.25,58153.333333333336,61699.583333333336,67717.58333333333,77096.66666666667,88935.5,101724.91666666667,129163.08333333333,155552.25,166791.41666666666,177716.0,188881.5,182748.91666666666,161453.25,174135.08333333334,171082.33333333334,168208.0,168167.66666666666,176755.33333333334,183148.66666666666,195812.0,203135.75,223195.83333333334,229852.75,235124.0,250686.16666666666,278038.5833333333,283696.0,278046.3333333333,293423.5
103,E07000081,Gloucester,,,,,,,,,,,,,,,,,,,,,,,,,,,,41072.5,41110.166666666664,43983.75,47008.416666666664,52560.0,62395.083333333336,70493.08333333333,86537.91666666667,105882.0,120205.75,127279.58333333333,135021.33333333334,148363.25,138150.33333333334,119596.41666666667,127717.58333333333,126823.5,126717.08333333333,129399.25,139691.08333333334,148626.5,162176.33333333334,170854.75,180606.33333333334,185164.83333333334,187793.16666666666,204731.0,226243.41666666666,231531.25,231527.08333333334,236585.0
104,E07000082,Stroud,,,,,,,,,,,,,,,,,,,,,,,,,,,,62270.333333333336,63821.0,69312.0,76276.75,82519.41666666667,99637.33333333333,113178.08333333333,135993.75,164196.75,184720.91666666666,196733.33333333334,205277.5,224182.66666666666,214091.25,189242.83333333334,204891.66666666666,202988.0,204491.91666666666,207429.5,220237.25,233954.91666666666,250146.16666666666,269986.25,276289.1666666667,280328.8333333333,290660.75,294455.5833333333,329843.1666666667,337316.5833333333,338193.75,345201.0
105,E07000083,Tewkesbury,,,,,,,,,,,,,,,,,,,,,,,,,,,,58102.75,60285.333333333336,64756.0,70207.58333333333,76631.91666666667,87608.58333333333,102379.33333333333,120791.41666666667,145142.41666666666,164990.41666666666,174412.25,182186.41666666666,194011.83333333334,187141.0,162689.0,178256.08333333334,175283.0,182930.0,186371.5,200133.16666666666,209827.41666666666,226945.08333333334,236875.08333333334,249061.08333333334,250827.91666666666,258259.83333333334,272876.1666666667,295479.75,306242.6666666667,314389.1666666667,321097.0
106,E07000084,Basingstoke and Deane,,,,,,,,,,,,,,,,,,,,,,,,,,,,69346.08333333333,70385.5,81160.83333333333,90641.0,98473.66666666667,117376.5,131956.25,150759.75,171997.83333333334,185739.66666666666,192151.16666666666,199667.33333333334,221931.58333333334,215878.0,191912.0,207981.5,208175.83333333334,213743.66666666666,220642.25,238780.08333333334,260737.41666666666,291141.25,303396.75,306921.0,301696.25,303286.4166666667,319517.8333333333,346972.8333333333,353314.25,350664.25,360526.0
107,E07000085,East Hampshire,,,,,,,,,,,,,,,,,,,,,,,,,,,,80344.16666666667,82393.25,92682.66666666667,105110.91666666667,115410.66666666667,138854.58333333334,158823.25,182117.58333333334,210233.83333333334,225664.66666666666,236071.25,248310.08333333334,271998.25,270222.9166666667,247547.0,267642.8333333333,270879.8333333333,271824.75,274013.0833333333,303454.8333333333,326813.0,358090.8333333333,376405.4166666667,383652.1666666667,377458.4166666667,388292.3333333333,405912.4166666667,440001.5833333333,442008.8333333333,441282.9166666667,430384.0
108,E07000086,Eastleigh,,,,,,,,,,,,,,,,,,,,,,,,,,,,57166.5,58831.0,65372.0,73174.58333333333,79712.0,97666.33333333333,112026.66666666667,133973.75,158789.25,172060.66666666666,178713.83333333334,185799.5,201931.91666666666,195261.41666666666,176023.16666666666,192487.0,193179.41666666666,194812.08333333334,196951.75,214340.16666666666,230511.5,250640.33333333334,264114.4166666667,269218.1666666667,271545.5,272729.75,291470.0833333333,317615.1666666667,319496.6666666667,314578.0,314470.5
109,E07000087,Fareham,,,,,,,,,,,,,,,,,,,,,,,,,,,,60712.083333333336,62285.083333333336,69580.66666666667,76169.91666666667,81360.5,98282.83333333333,112305.91666666667,135141.08333333334,159431.41666666666,172038.41666666666,177519.08333333334,185396.08333333334,201737.33333333334,198923.41666666666,178145.25,193193.33333333334,192941.25,195351.5,196841.16666666666,213807.25,231386.58333333334,252448.91666666666,267061.75,274351.25,275894.3333333333,280054.4166666667,303021.3333333333,333649.1666666667,333083.5,326544.4166666667,332574.5
110,E07000088,Gosport,,,,,,,,,,,,,,,,,,,,,,,,,,,,45674.5,45843.166666666664,49532.666666666664,53135.75,58078.583333333336,66560.33333333333,78551.66666666667,92784.5,112997.16666666667,125227.33333333333,131258.25,133948.91666666666,143976.58333333334,140604.58333333334,130497.0,137318.16666666666,136062.0,139254.91666666666,139002.66666666666,148746.75,159035.66666666666,174439.83333333334,187875.75,195009.08333333334,196864.16666666666,198413.83333333334,213174.41666666666,236554.58333333334,238359.5,230968.41666666666,233947.5
111,E07000089,Hart,,,,,,,,,,,,,,,,,,,,,,,,,,,,88111.33333333333,90333.41666666667,103786.25,120186.5,130882.41666666667,159410.08333333334,175122.91666666666,200221.25,217466.66666666666,233721.66666666666,242721.66666666666,253693.83333333334,278189.8333333333,274170.3333333333,247797.75,277382.0,276604.0833333333,285499.8333333333,299885.5833333333,327656.5,356578.0833333333,387519.4166666667,397401.8333333333,398103.75,399139.0,403713.6666666667,421934.25,457210.75,462730.25,458125.6666666667,472964.5
112,E07000090,Havant,,,,,,,,,,,,,,,,,,,,,,,,,,,,56369.5,57472.5,63875.25,69697.58333333333,75189.0,89364.83333333333,100910.91666666667,120572.75,145759.91666666666,162746.41666666666,169138.66666666666,174819.66666666666,190192.41666666666,185999.41666666666,166982.41666666666,180677.08333333334,181107.0,182866.91666666666,185025.75,200404.91666666666,213618.16666666666,232961.5,249272.16666666666,258105.16666666666,256807.5,263246.75,284439.4166666667,311316.9166666667,313721.4166666667,303248.1666666667,314663.0
113,E07000091,New Forest,,,,,,,,,,,,,,,,,,,,,,,,,,,,71238.91666666667,72167.41666666667,82053.41666666667,91955.25,101124.83333333333,120927.5,136619.16666666666,158800.08333333334,194123.66666666666,212273.41666666666,221634.75,229517.91666666666,250883.33333333334,247100.25,223401.33333333334,244917.25,248681.25,246065.41666666666,250797.83333333334,267856.6666666667,286588.0,310035.5833333333,331723.25,340527.3333333333,333947.0833333333,340254.4166666667,366836.8333333333,409887.8333333333,403160.25,390352.75,384849.5
114,E07000092,Rushmoor,,,,,,,,,,,,,,,,,,,,,,,,,,,,58373.583333333336,59469.0,67518.58333333333,77050.91666666667,86417.5,104006.25,114448.58333333333,135176.25,154222.58333333334,166058.5,168082.91666666666,174574.33333333334,193925.83333333334,194090.08333333334,170979.0,186387.08333333334,185374.83333333334,188065.91666666666,193099.58333333334,213413.25,239704.58333333334,270394.1666666667,277572.0,280122.9166666667,275656.4166666667,276121.9166666667,290727.5,317558.75,320506.9166666667,316838.0,314248.5
115,E07000093,Test Valley,,,,,,,,,,,,,,,,,,,,,,,,,,,,69512.0,69683.33333333333,77085.41666666667,86975.41666666667,96705.58333333333,118603.25,132034.5,152063.5,179602.0,194097.83333333334,201012.66666666666,210964.16666666666,234221.25,228366.75,204412.0,226369.66666666666,223911.66666666666,223342.58333333334,226533.5,242944.75,264660.5833333333,283031.5833333333,303573.6666666667,309500.25,309982.4166666667,319076.25,332831.9166666667,372598.25,382216.8333333333,369765.5833333333,380780.0
116,E07000094,Winchester,,,,,,,,,,,,,,,,,,,,,,,,,,,,83136.0,86389.5,99402.58333333333,114076.16666666667,125754.08333333333,152034.33333333334,169250.75,201739.25,234814.66666666666,248507.91666666666,260087.83333333334,273445.1666666667,301687.5833333333,295250.5833333333,263482.5833333333,295962.25,300320.9166666667,307383.8333333333,315355.0,349629.5833333333,375561.75,398181.75,422834.6666666667,426944.8333333333,418501.75,427665.6666666667,436956.0,476725.9166666667,477091.1666666667,481030.3333333333,486602.5
117,E07000095,Broxbourne,,,,,,,,,,,,,,,,,,,,,,,,,,,,71243.5,70071.08333333333,77385.16666666667,86645.08333333333,95223.58333333333,115175.41666666667,130556.66666666667,158873.66666666666,189540.25,203503.58333333334,206924.25,212830.66666666666,229825.08333333334,229387.83333333334,210476.91666666666,220693.0,224724.33333333334,226603.16666666666,234323.41666666666,259517.08333333334,292631.1666666667,340585.6666666667,353884.3333333333,359886.0833333333,360667.6666666667,352714.0,375233.0,399149.8333333333,399718.25,399760.75,403833.5
118,E07000096,Dacorum,,,,,,,,,,,,,,,,,,,,,,,,,,,,71523.41666666667,74363.41666666667,84047.5,97320.75,107716.08333333333,130478.83333333333,145325.33333333334,165438.41666666666,196279.91666666666,208665.75,214985.58333333334,224959.83333333334,249758.41666666666,250375.0,224627.08333333334,246350.83333333334,247299.25,254401.5,260949.5,289855.0833333333,325344.5833333333,369464.75,386307.75,387979.75,381685.0833333333,389759.4166666667,411850.6666666667,435777.5833333333,441703.5,441320.5833333333,460451.5
119,E07000098,Hertsmere,,,,,,,,,,,,,,,,,,,,,,,,,,,,87725.16666666667,90371.33333333333,105000.75,119286.41666666667,130941.16666666667,160674.66666666666,182701.83333333334,215154.5,247120.16666666666,263747.75,273143.3333333333,278817.0833333333,310992.75,305577.5,279955.5833333333,306969.75,314746.6666666667,320817.3333333333,338072.9166666667,384104.25,426763.5833333333,487951.25,499530.8333333333,503912.8333333333,499857.25,503473.25,532951.75,560659.1666666666,555675.6666666666,536409.9166666666,547765.0
120,E07000099,North Hertfordshire,,,,,,,,,,,,,,,,,,,,,,,,,,,,67721.5,67368.41666666667,74378.08333333333,87566.0,93678.25,111258.16666666667,125419.75,145875.66666666666,175112.66666666666,195555.91666666666,204726.83333333334,218181.33333333334,234384.41666666666,230242.66666666666,211506.08333333334,230137.41666666666,228930.5,234828.91666666666,238250.91666666666,265266.0833333333,296026.4166666667,335860.75,349287.3333333333,365414.5833333333,350886.75,359225.0833333333,373604.0,395410.5833333333,401752.0,397603.25,406788.0
121,E07000102,Three Rivers,,,,,,,,,,,,,,,,,,,,,,,,,,,,95737.66666666667,96577.58333333333,111268.5,130411.58333333333,144914.58333333334,174705.58333333334,194151.41666666666,220715.75,251473.16666666666,274354.5833333333,283434.75,299437.25,329207.5833333333,330358.4166666667,296708.3333333333,326537.6666666667,335656.8333333333,340428.5,358815.8333333333,399691.5,454989.6666666667,517305.5,537477.4166666666,531160.25,523784.1666666667,520508.1666666667,545846.4166666666,586359.4166666666,579280.1666666666,575279.3333333334,567161.0
122,E07000103,Watford,,,,,,,,,,,,,,,,,,,,,,,,,,,,61804.166666666664,62729.083333333336,71406.16666666667,83067.83333333333,93810.41666666667,116042.08333333333,127573.66666666667,149994.83333333334,176768.91666666666,192702.66666666666,195888.5,205523.16666666666,230036.33333333334,223270.5,200909.91666666666,215304.83333333334,218893.25,225861.33333333334,235713.75,266061.9166666667,301208.0,348599.3333333333,365047.3333333333,358448.5833333333,350399.25,359918.6666666667,382024.0,407167.9166666667,402752.1666666667,392496.5,404730.5
123,E07000105,Ashford,,,,,,,,,,,,,,,,,,,,,,,,,,,,61058.416666666664,62190.0,69377.08333333333,74887.58333333333,81866.25,96374.25,108289.66666666667,129647.25,153206.5,172244.75,180701.25,193127.0,211536.25,204532.08333333334,185021.83333333334,199594.75,191749.58333333334,196618.58333333334,206153.41666666666,218649.91666666666,236509.41666666666,259262.91666666666,275322.1666666667,287920.5833333333,291048.3333333333,295106.5,313460.3333333333,338924.0,342959.5,339730.0,344201.5
124,E07000106,Canterbury,,,,,,,,,,,,,,,,,,,,,,,,,,,,56689.916666666664,57779.416666666664,63393.833333333336,68389.33333333333,75310.75,91650.58333333333,104090.5,121896.25,148741.25,172339.66666666666,178636.66666666666,187587.33333333334,207330.91666666666,206435.08333333334,186260.08333333334,202903.08333333334,201951.75,203602.0,211311.91666666666,233771.83333333334,249796.08333333334,272768.3333333333,291241.25,302086.8333333333,304372.75,310882.6666666667,323118.25,348868.75,349752.6666666667,335502.5833333333,355521.0
125,E07000107,Dartford,,,,,,,,,,,,,,,,,,,,,,,,,,,,58302.0,59820.833333333336,65026.416666666664,71862.91666666667,78398.91666666667,94501.41666666667,109927.58333333333,131518.91666666666,159309.83333333334,176179.83333333334,182505.08333333334,190078.08333333334,205693.08333333334,204830.41666666666,178935.83333333334,187627.0,184383.0,192844.16666666666,199303.33333333334,223791.5,253229.16666666666,285850.1666666667,304641.6666666667,304710.0,305951.8333333333,313972.25,324441.9166666667,345322.0833333333,350288.6666666667,345836.3333333333,351084.0
126,E07000108,Dover,,,,,,,,,,,,,,,,,,,,,,,,,,,,50075.0,50150.666666666664,54443.833333333336,59640.25,62653.333333333336,75449.25,84469.66666666667,102002.25,125119.5,147782.33333333334,156546.66666666666,164354.41666666666,179207.58333333334,173225.41666666666,154201.75,168527.58333333334,162233.91666666666,162532.25,169154.08333333334,184559.75,196189.0,214901.08333333334,229424.25,243909.0,247637.41666666666,253148.25,271092.9166666667,298941.75,303715.4166666667,280480.9166666667,294286.0
127,E07000109,Gravesham,,,,,,,,,,,,,,,,,,,,,,,,,,,,57390.75,59158.833333333336,64829.75,70021.83333333333,77827.75,91618.25,106890.58333333333,124087.0,153825.5,169662.83333333334,175448.66666666666,182423.41666666666,198669.16666666666,194590.41666666666,172349.58333333334,181834.0,182984.91666666666,184032.66666666666,191346.58333333334,208785.75,236892.66666666666,272428.3333333333,288449.5,293162.1666666667,290024.1666666667,293507.75,315973.4166666667,343540.4166666667,345787.3333333333,342233.1666666667,354777.5
128,E07000110,Maidstone,,,,,,,,,,,,,,,,,,,,,,,,,,,,67762.5,68439.83333333333,75765.33333333333,84525.41666666667,92248.25,110206.58333333333,122493.91666666667,143263.83333333334,172682.0,189655.5,200334.66666666666,211051.91666666666,228134.08333333334,221298.16666666666,197461.58333333334,213469.58333333334,208278.08333333334,211468.66666666666,216823.5,237852.16666666666,261161.41666666666,286520.1666666667,301300.0833333333,314659.4166666667,306074.0,305143.1666666667,316122.0833333333,349617.75,354494.75,348342.9166666667,364383.5
129,E07000111,Sevenoaks,,,,,,,,,,,,,,,,,,,,,,,,,,,,88897.16666666667,89886.58333333333,100231.66666666667,114470.0,127768.08333333333,152812.0,169927.08333333334,195446.91666666666,225318.66666666666,242837.25,256378.0,265261.3333333333,292256.0,295291.9166666667,260925.41666666666,283442.25,286299.5,297471.5833333333,307543.0833333333,339205.1666666667,372767.6666666667,413685.25,426020.5,436004.5833333333,436511.25,451432.75,467011.0833333333,504388.4166666667,517999.3333333333,511185.5833333333,528565.0
130,E07000112,Folkestone and Hythe,,,,,,,,,,,,,,,,,,,,,,,,,,,,46833.25,48943.833333333336,52495.916666666664,58310.666666666664,62259.166666666664,74153.75,82976.58333333333,103339.25,129568.66666666667,152144.58333333334,162080.0,170000.0,183821.41666666666,180095.75,160152.16666666666,173929.0,165646.58333333334,168856.75,171334.0,185322.66666666666,198996.66666666666,221691.33333333334,235069.58333333334,247841.08333333334,250570.91666666666,257739.41666666666,277243.3333333333,311716.9166666667,308042.0,300149.3333333333,307542.5
131,E07000113,Swale,,,,,,,,,,,,,,,,,,,,,,,,,,,,51840.583333333336,51942.25,57006.75,61581.666666666664,67827.08333333333,77522.91666666667,87600.75,106346.41666666667,130613.33333333333,148365.08333333334,157284.25,164520.66666666666,176370.08333333334,172245.0,152127.83333333334,160972.0,158307.75,159899.25,164516.58333333334,181613.58333333334,194807.33333333334,217944.33333333334,237718.41666666666,250058.25,250018.0,252298.08333333334,266361.1666666667,293922.1666666667,294855.75,287774.75,297455.5
132,E07000114,Thanet,,,,,,,,,,,,,,,,,,,,,,,,,,,,40168.916666666664,39836.916666666664,42791.25,46781.166666666664,50670.0,62031.333333333336,71083.08333333333,88679.25,110906.33333333333,132755.16666666666,142506.41666666666,149129.66666666666,161849.41666666666,159290.33333333334,137373.0,144040.83333333334,139954.25,138740.5,142072.0,158224.66666666666,170549.25,193224.16666666666,212309.66666666666,226394.58333333334,226330.91666666666,230238.33333333334,256921.75,289343.75,286183.25,271781.1666666667,273736.0
133,E07000115,Tonbridge and Malling,,,,,,,,,,,,,,,,,,,,,,,,,,,,66899.41666666667,69306.41666666667,77117.0,87783.58333333333,98623.08333333333,117113.25,128378.83333333333,151660.41666666666,176871.91666666666,194931.16666666666,199360.91666666666,217132.66666666666,232304.58333333334,231402.25,206308.91666666666,224583.58333333334,229675.83333333334,233386.0,240458.25,263186.0833333333,285971.75,320370.9166666667,330399.4166666667,346123.75,351297.0833333333,355942.5,368261.5833333333,406129.25,403642.0833333333,394498.5833333333,404995.0
134,E07000116,Tunbridge Wells,,,,,,,,,,,,,,,,,,,,,,,,,,,,73114.16666666667,75694.58333333333,84708.66666666667,99459.0,110274.33333333333,133190.58333333334,149559.16666666666,173131.83333333334,197745.83333333334,224951.91666666666,230135.75,244360.16666666666,265800.9166666667,258976.75,236958.5,262297.8333333333,266416.5,268426.1666666667,281743.75,302298.9166666667,326246.75,360638.6666666667,373207.4166666667,387450.0833333333,380632.9166666667,384632.0,413374.8333333333,447307.9166666667,440409.9166666667,441822.9166666667,457364.0
135,E07000117,Burnley,,,,,,,,,,,,,,,,,,,,,,,,,,,,29773.416666666668,29094.583333333332,29163.333333333332,31158.833333333332,31505.666666666668,32469.5,32659.833333333332,34366.833333333336,40642.083333333336,54132.833333333336,66940.58333333333,79690.25,92717.16666666667,88481.08333333333,78236.5,78366.16666666667,74494.5,71329.08333333333,67664.25,72325.83333333333,73299.75,75733.25,80945.16666666667,82338.41666666667,86090.16666666667,92500.25,104843.41666666667,117255.91666666667,113980.0,116517.83333333333,123045.5
136,E07000118,Chorley,,,,,,,,,,,,,,,,,,,,,,,,,,,,44908.25,45632.916666666664,47235.583333333336,49766.75,51690.666666666664,54516.5,57637.75,68423.08333333333,86927.83333333333,113128.75,128112.41666666667,134990.75,144508.0,139530.25,130269.5,133113.33333333334,129934.0,127071.5,128073.83333333333,132260.41666666666,137554.5,143299.41666666666,148336.25,153745.08333333334,158778.33333333334,161932.5,178241.41666666666,192523.0,198886.58333333334,204939.25,204142.5
137,E07000119,Fylde,,,,,,,,,,,,,,,,,,,,,,,,,,,,57207.5,55954.416666666664,60588.0,61326.0,65306.416666666664,70071.66666666667,74953.75,91304.25,120103.5,147507.08333333334,163211.5,174696.91666666666,184415.08333333334,179938.5,165174.25,170257.0,163181.08333333334,160106.66666666666,159475.58333333334,168108.75,170253.66666666666,173507.41666666666,178911.33333333334,182085.83333333334,182584.25,185870.5,198813.58333333334,213996.16666666666,223563.0,225974.91666666666,234068.0
138,E07000120,Hyndburn,,,,,,,,,,,,,,,,,,,,,,,,,,,,29494.333333333332,28526.333333333332,29890.333333333332,30186.0,31601.083333333332,31556.833333333332,32589.666666666668,34906.75,41313.083333333336,58862.833333333336,74094.58333333333,84989.75,98030.33333333333,97508.58333333333,86071.16666666667,86668.75,85214.25,83199.66666666667,80815.25,77775.91666666667,84286.58333333333,88824.41666666667,88603.91666666667,90951.5,92930.25,96538.33333333333,109511.91666666667,123260.25,121072.33333333333,125468.0,130581.5
139,E07000121,Lancaster,,,,,,,,,,,,,,,,,,,,,,,,,,,,44330.833333333336,42039.583333333336,42814.166666666664,44261.5,45273.916666666664,48550.083333333336,53375.5,63280.416666666664,80949.33333333333,108405.25,119263.25,127717.91666666667,139403.08333333334,136994.83333333334,122636.91666666667,129028.08333333333,123296.91666666667,127655.33333333333,126311.5,130292.66666666667,133123.75,137292.5,140196.58333333334,143222.16666666666,146794.33333333334,149755.41666666666,167000.41666666666,183478.41666666666,191969.25,195203.25,195787.0
140,E07000122,Pendle,,,,,,,,,,,,,,,,,,,,,,,,,,,,28392.583333333332,28766.583333333332,29859.916666666668,30094.083333333332,30116.916666666668,31635.333333333332,32057.416666666668,33132.25,41184.25,51590.25,66895.33333333333,83679.91666666667,98080.25,97318.5,86162.08333333333,85815.66666666667,84869.91666666667,82290.83333333333,81232.5,87034.16666666667,88068.75,90847.58333333333,95720.25,99796.25,99717.66666666667,105160.83333333333,122300.41666666667,131252.08333333334,132540.75,134063.66666666666,138707.5
141,E07000123,Preston,,,,,,,,,,,,,,,,,,,,,,,,,,,,45969.666666666664,45804.083333333336,47203.083333333336,48621.333333333336,49838.0,52262.666666666664,57035.166666666664,64758.75,81650.66666666667,106161.33333333333,124444.75,135202.91666666666,147282.66666666666,140722.83333333334,128779.25,130074.16666666667,124471.41666666667,126264.83333333333,124286.41666666667,126479.75,130126.16666666667,133090.58333333334,134134.41666666666,135749.83333333334,136031.91666666666,137372.41666666666,152095.5,164293.33333333334,169397.91666666666,175497.33333333334,182090.5
142,E07000124,Ribble Valley,,,,,,,,,,,,,,,,,,,,,,,,,,,,65037.083333333336,63511.0,66224.16666666667,70381.66666666667,74339.5,79453.91666666667,90446.91666666667,102988.58333333333,124948.16666666667,160925.25,185865.58333333334,199835.41666666666,219350.16666666666,213300.25,197287.58333333334,206508.83333333334,200966.66666666666,195087.91666666666,198641.5,202168.16666666666,204341.0,210841.25,216881.25,223687.16666666666,220358.91666666666,223282.41666666666,237506.91666666666,255022.75,263574.5,268202.75,270482.5
143,E07000125,Rossendale,,,,,,,,,,,,,,,,,,,,,,,,,,,,36527.166666666664,35707.916666666664,37681.916666666664,38773.75,39957.083333333336,43127.916666666664,45384.166666666664,50941.0,64699.416666666664,87231.83333333333,107420.08333333333,112095.0,120115.25,118355.25,105835.5,109972.91666666667,105235.75,103334.75,101416.58333333333,103254.08333333333,106947.91666666667,111212.83333333333,118283.58333333333,124983.0,129503.83333333333,137880.25,160490.66666666666,173692.58333333334,179096.91666666666,183751.66666666666,192148.5
144,E07000126,South Ribble,,,,,,,,,,,,,,,,,,,,,,,,,,,,49660.5,49401.75,51429.75,54076.166666666664,55365.416666666664,58840.25,63843.75,75344.58333333333,97136.41666666667,119889.08333333333,137239.75,143874.25,154011.5,149952.91666666666,133223.5,141985.91666666666,136463.66666666666,132613.91666666666,134739.75,138940.08333333334,140853.91666666666,147837.91666666666,152938.58333333334,156643.33333333334,157224.66666666666,161754.66666666666,174127.16666666666,189839.66666666666,196042.91666666666,197754.75,206951.0
145,E07000127,West Lancashire,,,,,,,,,,,,,,,,,,,,,,,,,,,,53176.75,52182.916666666664,55010.166666666664,55753.583333333336,59460.75,63783.833333333336,67863.83333333333,79467.0,96807.83333333333,122905.16666666667,137815.08333333334,147885.25,162175.33333333334,156390.16666666666,149288.58333333334,152768.5,154281.0,148866.08333333334,148668.66666666666,151047.5,154409.66666666666,165166.5,169021.08333333334,174621.33333333334,175990.66666666666,178129.41666666666,189322.5,203991.66666666666,215662.83333333334,226762.25,228333.5
146,E07000128,Wyre,,,,,,,,,,,,,,,,,,,,,,,,,,,,51381.916666666664,51252.583333333336,53157.166666666664,54041.583333333336,56002.166666666664,59571.583333333336,63609.0,73932.66666666667,94780.66666666667,122976.16666666667,137421.75,145939.83333333334,155638.91666666666,151634.91666666666,139063.08333333334,139258.08333333334,131794.5,129780.0,127274.25,131520.08333333334,135016.58333333334,137185.16666666666,143507.58333333334,144871.25,144730.66666666666,148299.66666666666,164293.75,181652.75,183013.91666666666,182948.75,187541.0
147,E07000129,Blaby,,,,,,,,,,,,,,,,,,,,,,,,,,,,52764.083333333336,53883.0,56984.083333333336,59866.166666666664,64933.083333333336,72435.66666666667,83460.83333333333,99282.83333333333,126517.58333333333,148048.16666666666,156658.16666666666,162037.16666666666,171369.83333333334,166696.91666666666,149898.75,160006.33333333334,158573.91666666666,157354.41666666666,158511.25,171245.58333333334,179775.33333333334,191396.33333333334,205299.83333333334,220552.16666666666,225230.5,233091.83333333334,251249.58333333334,276727.0,283272.0,284851.8333333333,287402.5
148,E07000130,Charnwood,,,,,,,,,,,,,,,,,,,,,,,,,,,,50941.0,51766.333333333336,54691.416666666664,58119.416666666664,62361.916666666664,69996.08333333333,78338.83333333333,98148.83333333333,125110.5,145050.0,152251.91666666666,157878.0,170101.33333333334,161798.58333333334,147560.58333333334,156559.91666666666,154729.16666666666,152501.0,155912.66666666666,165769.91666666666,173789.91666666666,184074.75,192105.75,203413.16666666666,209988.58333333334,215843.83333333334,231494.5,257006.5,263594.8333333333,259717.41666666666,270496.0
149,E07000131,Harborough,,,,,,,,,,,,,,,,,,,,,,,,,,,,62022.25,61105.916666666664,68033.5,73725.75,78638.91666666667,89419.75,97745.08333333333,117759.83333333333,148749.0,172051.58333333334,182792.75,190884.41666666666,206840.25,201184.91666666666,175884.16666666666,193098.66666666666,192362.5,193341.33333333334,195372.25,216383.41666666666,229710.25,239448.33333333334,252904.25,270026.4166666667,283037.9166666667,290895.4166666667,298729.9166666667,321780.9166666667,327364.5,328742.5833333333,353617.0
150,E07000132,Hinckley and Bosworth,,,,,,,,,,,,,,,,,,,,,,,,,,,,44323.583333333336,47097.583333333336,50664.166666666664,53331.083333333336,57194.583333333336,64839.583333333336,73361.08333333333,89476.08333333333,111041.5,129399.0,141637.08333333334,148392.58333333334,157381.25,149310.08333333334,133466.41666666666,139822.08333333334,136683.0,138172.25,140258.25,150132.75,157813.16666666666,165890.91666666666,182390.16666666666,193977.25,198165.08333333334,203443.08333333334,223657.0,250692.41666666666,251298.75,252155.66666666666,256993.5
151,E07000133,Melton,,,,,,,,,,,,,,,,,,,,,,,,,,,,55387.5,59397.25,60900.25,67121.0,69409.91666666667,79400.83333333333,88871.41666666667,108760.08333333333,133859.91666666666,157863.58333333334,164204.75,170388.66666666666,191189.25,178926.5,160362.91666666666,169024.0,170009.08333333334,173465.83333333334,171631.41666666666,183286.16666666666,193511.0,204941.41666666666,218693.0,226836.25,229876.91666666666,235454.83333333334,252156.75,267652.5,272000.6666666667,263265.8333333333,285873.5
152,E07000134,North West Leicestershire,,,,,,,,,,,,,,,,,,,,,,,,,,,,54627.916666666664,53759.5,58136.583333333336,61477.416666666664,65830.25,72729.25,82789.25,99458.5,127931.16666666667,148269.5,162434.66666666666,167494.75,176676.83333333334,174471.5,154805.16666666666,161619.25,160882.66666666666,158637.66666666666,162118.33333333334,173432.33333333334,181098.58333333334,191083.0,199865.75,213251.16666666666,218298.25,225998.41666666666,241281.33333333334,263666.0,266750.5,268088.3333333333,282471.5
153,E07000135,Oadby and Wigston,,,,,,,,,,,,,,,,,,,,,,,,,,,,50980.5,51912.333333333336,56529.333333333336,59635.666666666664,63378.75,71602.83333333333,80752.16666666667,97069.41666666667,123271.66666666667,143134.5,152898.58333333334,158816.83333333334,167126.25,158646.25,141416.5,152149.16666666666,154467.5,154716.66666666666,153290.58333333334,163074.16666666666,171745.75,183269.5,196648.91666666666,210770.66666666666,215716.16666666666,223148.16666666666,234018.5,257821.41666666666,261003.5,260523.83333333334,260674.5
154,E07000136,Boston,,,,,,,,,,,,,,,,,,,,,,,,,,,,36062.833333333336,37051.0,39257.833333333336,41900.916666666664,43207.833333333336,48614.75,55674.0,69840.58333333333,94523.33333333333,111010.58333333333,120538.33333333333,126630.91666666667,136326.91666666666,130587.83333333333,114170.58333333333,117975.0,117845.08333333333,113810.58333333333,115077.08333333333,124317.41666666667,132503.5,138034.66666666666,142167.58333333334,148235.83333333334,151521.58333333334,153779.0,165799.91666666666,184191.75,186217.08333333334,184379.25,185969.5
155,E07000137,East Lindsey,,,,,,,,,,,,,,,,,,,,,,,,,,,,43082.583333333336,42935.166666666664,45314.416666666664,48280.75,51093.25,56191.416666666664,62438.916666666664,78368.58333333333,100241.5,123426.0,134039.25,139620.75,148998.58333333334,139904.25,129672.25,132720.0,129462.33333333333,126747.25,129677.41666666667,136089.41666666666,142222.41666666666,149377.08333333334,160144.08333333334,166665.16666666666,172994.25,171922.33333333334,189494.75,213080.08333333334,216597.58333333334,213951.08333333334,223234.0
156,E07000138,Lincoln,,,,,,,,,,,,,,,,,,,,,,,,,,,,35372.0,36346.833333333336,37127.166666666664,38079.75,39918.166666666664,43080.5,48609.916666666664,62065.416666666664,82454.91666666667,100692.41666666667,108299.08333333333,112802.83333333333,121412.41666666667,115844.0,104962.75,107026.83333333333,106234.75,108504.33333333333,112429.33333333333,121617.66666666667,127004.33333333333,134274.91666666666,137297.16666666666,145087.33333333334,149709.41666666666,151494.5,166605.5,178795.08333333334,180049.83333333334,176592.25,180708.5
157,E07000139,North Kesteven,,,,,,,,,,,,,,,,,,,,,,,,,,,,47523.583333333336,46647.25,49333.0,51240.083333333336,53910.0,58789.583333333336,64766.833333333336,81981.08333333333,109035.58333333333,128127.91666666667,139074.91666666666,143278.58333333334,154213.91666666666,146400.08333333334,135121.16666666666,143105.66666666666,140384.66666666666,139344.41666666666,143406.58333333334,152352.16666666666,159304.16666666666,171090.33333333334,182040.58333333334,192074.0,196561.33333333334,200361.75,215765.0,238771.08333333334,235997.25,230631.58333333334,237500.0
158,E07000140,South Holland,,,,,,,,,,,,,,,,,,,,,,,,,,,,41263.166666666664,43336.916666666664,45293.666666666664,48357.833333333336,53752.166666666664,62755.833333333336,72944.66666666667,86019.16666666667,107583.0,124331.0,138540.75,147942.0,157030.66666666666,149727.83333333334,126042.91666666667,139354.83333333334,132710.41666666666,132924.16666666666,133769.16666666666,143535.66666666666,153876.25,166817.66666666666,177278.5,185418.5,187090.75,187748.66666666666,204519.33333333334,229544.08333333334,228668.0,220940.66666666666,225445.0
159,E07000141,South Kesteven,,,,,,,,,,,,,,,,,,,,,,,,,,,,47220.416666666664,47330.5,51631.833333333336,55702.75,60406.416666666664,67816.33333333333,77564.58333333333,94277.08333333333,117581.83333333333,136173.66666666666,145802.75,155789.0,166979.83333333334,161945.16666666666,142027.33333333334,149223.08333333334,148382.08333333334,149575.91666666666,152388.41666666666,158106.25,168476.66666666666,180982.08333333334,191934.66666666666,204068.41666666666,205718.75,209047.83333333334,226260.75,250999.58333333334,253275.25,251074.58333333334,257288.0
160,E07000142,West Lindsey,,,,,,,,,,,,,,,,,,,,,,,,,,,,43975.416666666664,43875.75,46557.416666666664,48162.833333333336,48203.75,52736.666666666664,58641.5,72877.91666666667,98315.66666666667,119758.91666666667,128892.66666666667,134054.16666666666,144392.41666666666,140565.83333333334,129528.41666666667,136774.0,130140.75,129314.66666666667,130738.5,136053.08333333334,140495.5,145823.91666666666,155512.5,161729.41666666666,162649.08333333334,167515.25,186106.33333333334,204822.08333333334,203559.91666666666,204808.5,209090.0
161,E07000143,Breckland,,,,,,,,,,,,,,,,,,,,,,,,,,,,47636.5,47057.25,50755.333333333336,54550.416666666664,59811.5,70494.08333333333,80058.08333333333,97730.58333333333,118015.08333333333,138726.83333333334,149475.5,156634.91666666666,170817.66666666666,165694.5,147566.25,156353.58333333334,152241.83333333334,153447.5,155523.25,169361.0,181550.33333333334,198859.5,210878.16666666666,219973.75,218374.66666666666,223337.33333333334,240417.5,267924.0833333333,267961.5833333333,260746.41666666666,270825.0
162,E07000144,Broadland,,,,,,,,,,,,,,,,,,,,,,,,,,,,54025.333333333336,53213.333333333336,57310.5,61363.583333333336,66458.91666666667,80312.66666666667,94999.83333333333,117543.16666666667,141101.08333333334,156434.33333333334,166959.83333333334,178055.25,193795.16666666666,187039.0,164668.91666666666,181309.5,175991.91666666666,182562.5,186763.16666666666,196917.33333333334,214054.16666666666,232438.08333333334,245955.58333333334,252094.91666666666,256783.41666666666,263371.6666666667,278356.6666666667,310300.0,307968.4166666667,301946.25,318046.0
163,E07000145,Great Yarmouth,,,,,,,,,,,,,,,,,,,,,,,,,,,,38972.916666666664,37442.833333333336,41137.083333333336,43646.166666666664,45859.333333333336,52302.833333333336,59429.416666666664,74429.08333333333,93833.83333333333,108615.08333333333,120000.33333333333,124527.83333333333,139848.66666666666,133418.83333333334,119386.41666666667,122678.58333333333,120818.75,124393.25,123097.41666666667,131685.91666666666,137793.5,146071.08333333334,155417.58333333334,162257.25,168756.75,168237.5,187127.5,210632.41666666666,208715.33333333334,207009.5,214392.0
164,E07000146,King's Lynn and West Norfolk ,,,,,,,,,,,,,,,,,,,,,,,,,,,,44037.916666666664,44299.916666666664,48823.583333333336,52748.083333333336,57885.916666666664,66034.66666666667,75448.33333333333,94227.66666666667,114391.91666666667,132826.16666666666,145320.33333333334,152842.16666666666,164520.91666666666,162958.83333333334,148887.16666666666,157907.16666666666,152402.25,152475.08333333334,156366.66666666666,167410.58333333334,179973.41666666666,191753.83333333334,207369.08333333334,214899.16666666666,218497.08333333334,223319.75,240016.83333333334,269237.9166666667,273027.3333333333,266864.1666666667,269426.5
165,E07000147,North Norfolk,,,,,,,,,,,,,,,,,,,,,,,,,,,,50893.333333333336,49413.916666666664,53496.916666666664,58933.75,63410.0,74397.0,87241.41666666667,108253.66666666667,130063.25,152855.5,161633.75,171992.41666666666,187691.83333333334,186936.33333333334,169001.33333333334,179755.25,175410.0,175901.66666666666,181331.83333333334,193486.66666666666,206938.66666666666,221511.0,236148.08333333334,250845.41666666666,253572.5,260009.16666666666,276566.5833333333,308787.3333333333,310641.8333333333,302653.6666666667,307547.0
166,E07000148,Norwich,,,,,,,,,,,,,,,,,,,,,,,,,,,,37960.583333333336,37627.583333333336,40686.083333333336,44225.083333333336,48258.333333333336,59924.666666666664,67968.83333333333,87352.08333333333,105183.16666666667,118453.75,125561.5,136342.16666666666,154491.41666666666,142405.83333333334,125174.0,135202.58333333334,133807.16666666666,138712.08333333334,143221.41666666666,156427.75,165860.0,179773.91666666666,188092.33333333334,194032.08333333334,195982.91666666666,197209.0,211835.0,232741.5,233831.25,231688.83333333334,232373.5
167,E07000149,South Norfolk,,,,,,,,,,,,,,,,,,,,,,,,,,,,53761.25,54187.916666666664,58765.833333333336,62334.166666666664,67986.83333333333,82735.25,96857.41666666667,116116.16666666667,139123.5,156882.33333333334,170111.58333333334,179262.5,195090.5,183488.83333333334,164579.58333333334,177249.91666666666,175457.0,176900.91666666666,183138.16666666666,199118.33333333334,208890.33333333334,228054.66666666666,240388.66666666666,250456.16666666666,253352.33333333334,263647.9166666667,279526.9166666667,306274.6666666667,308987.3333333333,300694.1666666667,320490.0
168,E07000170,Ashfield,,,,,,,,,,,,,,,,,,,,,,,,,,,,36634.083333333336,36295.833333333336,37870.666666666664,39069.5,40535.666666666664,42889.083333333336,47190.833333333336,57288.333333333336,76084.91666666667,95679.08333333333,105739.5,110067.25,115410.0,111334.91666666667,99417.58333333333,103925.91666666667,101176.75,100914.25,101693.66666666667,110704.91666666667,114200.75,122746.5,128965.75,135140.66666666666,138996.58333333334,144849.75,161763.33333333334,181500.83333333334,183472.08333333334,185525.25,187789.5
169,E07000171,Bassetlaw,,,,,,,,,,,,,,,,,,,,,,,,,,,,42571.5,41733.916666666664,43484.333333333336,44567.75,46274.416666666664,48613.166666666664,52925.333333333336,64126.416666666664,83273.75,106335.58333333333,118854.66666666667,125821.0,132945.83333333334,129186.16666666667,118010.58333333333,118657.33333333333,115676.75,116203.08333333333,118399.58333333333,122798.08333333333,127808.91666666667,136539.58333333334,142266.16666666666,148660.5,151862.08333333334,157503.16666666666,173802.25,191261.58333333334,189725.75,194021.25,205871.5
170,E07000172,Broxtowe,,,,,,,,,,,,,,,,,,,,,,,,,,,,46656.583333333336,46691.666666666664,49199.416666666664,51604.333333333336,54924.916666666664,61109.583333333336,70355.66666666667,87626.66666666667,112448.33333333333,128185.41666666667,135916.0,140455.83333333334,146641.91666666666,138061.5,125264.66666666667,133940.83333333334,131241.5,132047.41666666666,134083.08333333334,138344.83333333334,149095.08333333334,156245.25,166065.66666666666,177311.75,180746.75,190894.41666666666,208731.0,232575.83333333334,241862.41666666666,244812.08333333334,248067.0
171,E07000173,Gedling,,,,,,,,,,,,,,,,,,,,,,,,,,,,47587.833333333336,47393.083333333336,50072.666666666664,51794.416666666664,55025.5,60896.75,70860.25,87705.33333333333,110614.0,126146.41666666667,134556.91666666666,138241.25,142021.41666666666,133163.0,121953.58333333333,128474.91666666667,125975.75,126100.0,128044.5,135757.41666666666,145405.66666666666,155188.66666666666,164840.83333333334,174313.41666666666,179119.33333333334,187677.58333333334,209321.16666666666,230721.16666666666,237150.58333333334,239896.5,249538.0
172,E07000174,Mansfield,,,,,,,,,,,,,,,,,,,,,,,,,,,,35657.833333333336,35854.916666666664,36679.583333333336,38630.75,40294.5,41606.583333333336,45458.333333333336,54413.5,72547.83333333333,93186.0,104246.41666666667,109675.25,114080.08333333333,112945.16666666667,100573.41666666667,105807.83333333333,99921.91666666667,98732.25,100849.75,108153.41666666667,113320.75,117709.16666666667,123921.08333333333,129085.08333333333,135143.41666666666,140425.5,156536.66666666666,175463.16666666666,178773.41666666666,181327.58333333334,185494.0
173,E07000175,Newark and Sherwood,,,,,,,,,,,,,,,,,,,,,,,,,,,,47270.0,48518.75,50582.583333333336,53692.333333333336,55978.75,61216.583333333336,67088.91666666667,83300.75,107624.08333333333,128257.66666666667,141547.91666666666,144867.25,154684.75,147679.41666666666,137877.91666666666,141671.25,139509.5,139121.08333333334,139826.33333333334,148800.08333333334,155627.41666666666,164544.66666666666,171244.66666666666,181122.41666666666,182184.75,186428.08333333334,201774.25,220814.16666666666,226524.0,226246.58333333334,232554.5
174,E07000176,Rushcliffe,,,,,,,,,,,,,,,,,,,,,,,,,,,,60920.083333333336,61400.25,66598.0,71623.41666666667,77395.5,90821.5,104098.75,125081.08333333333,159433.08333333334,176906.08333333334,183924.83333333334,188937.0,198246.16666666666,188038.0,175994.83333333334,190096.5,186824.66666666666,190951.41666666666,196254.41666666666,203040.16666666666,219683.0,233530.75,244788.91666666666,255713.33333333334,261473.0,271564.0,290564.8333333333,316727.6666666667,319925.9166666667,318400.25,340958.5
175,E07000177,Cherwell,,,,,,,,,,,,,,,,,,,,,,,,,,,,59484.666666666664,61824.416666666664,70820.91666666667,82808.66666666667,92187.91666666667,110435.0,120931.08333333333,141310.0,167350.5,182598.5,190626.83333333334,204140.83333333334,221442.5,212365.16666666666,194425.25,212368.25,211397.75,215528.66666666666,224012.16666666666,245071.5,267439.5,287280.9166666667,291525.5,296720.1666666667,283403.0833333333,292349.6666666667,307461.1666666667,336264.5833333333,341212.4166666667,342447.1666666667,353090.0
176,E07000178,Oxford,,,,,,,,,,,,,,,,,,,,,,,,,,,,79840.41666666667,81337.25,89033.75,102836.0,116213.16666666667,145821.08333333334,162756.41666666666,187482.75,215792.41666666666,232831.16666666666,241792.91666666666,258391.66666666666,284840.9166666667,281795.9166666667,253428.83333333334,291485.8333333333,286864.0833333333,306801.1666666667,316056.8333333333,352043.6666666667,396421.25,425047.25,434759.25,429678.8333333333,429497.25,435776.5833333333,452060.1666666667,475687.5833333333,476399.1666666667,485465.5833333333,485080.5
177,E07000179,South Oxfordshire,,,,,,,,,,,,,,,,,,,,,,,,,,,,79786.33333333333,83806.41666666667,94236.91666666667,107810.0,123336.83333333333,147721.41666666666,162952.41666666666,187410.83333333334,214487.91666666666,224951.91666666666,235702.5,251885.41666666666,283375.4166666667,274350.5833333333,251777.08333333334,280652.3333333333,280775.0,284648.0833333333,299770.4166666667,317579.5833333333,346160.5,373101.1666666667,387464.0833333333,388593.0,391576.0833333333,410154.5833333333,429906.5833333333,459616.0,459517.5833333333,458807.8333333333,485153.0
178,E07000180,Vale of White Horse,,,,,,,,,,,,,,,,,,,,,,,,,,,,73407.91666666667,75216.0,85317.5,97349.25,107743.5,132692.33333333334,145985.16666666666,169798.75,191342.91666666666,204823.0,216018.66666666666,227710.16666666666,251522.91666666666,247599.41666666666,223436.33333333334,243568.5,243205.91666666666,249975.0,258006.08333333334,283917.5,301901.9166666667,324604.6666666667,329055.0833333333,336296.5,338638.5833333333,341475.0833333333,347955.25,375454.0,380321.3333333333,382328.1666666667,413218.0
179,E07000181,West Oxfordshire,,,,,,,,,,,,,,,,,,,,,,,,,,,,80443.66666666667,80525.16666666667,92954.16666666667,106872.83333333333,119444.91666666667,142270.41666666666,155403.16666666666,179739.58333333334,204558.5,222142.25,229670.91666666666,245641.33333333334,265529.9166666667,257404.33333333334,238349.75,258972.16666666666,257833.58333333334,266429.9166666667,275456.5833333333,291578.75,319037.4166666667,340733.9166666667,357771.1666666667,360491.3333333333,351013.0,363230.75,357198.75,390836.25,409548.8333333333,406402.5833333333,419824.5
180,E07000192,Cannock Chase,,,,,,,,,,,,,,,,,,,,,,,,,,,,42094.666666666664,44944.083333333336,47137.0,48720.416666666664,51855.5,56075.0,61918.916666666664,71933.5,91433.0,110488.83333333333,123512.25,131369.16666666666,137339.58333333334,133825.66666666666,119657.83333333333,122167.0,120454.91666666667,122763.91666666667,123683.41666666667,133153.0,137247.91666666666,143963.41666666666,151310.58333333334,158083.41666666666,163754.58333333334,172047.41666666666,188881.66666666666,209543.08333333334,218415.58333333334,215840.16666666666,220509.5
181,E07000193,East Staffordshire,,,,,,,,,,,,,,,,,,,,,,,,,,,,42398.5,41835.0,44802.5,47813.333333333336,50449.833333333336,56670.083333333336,61688.083333333336,75146.41666666667,98074.08333333333,116570.58333333333,130939.5,140856.16666666666,146499.33333333334,141862.0,127787.33333333333,136398.25,130986.16666666667,129671.25,136789.91666666666,141082.58333333334,148850.83333333334,154748.83333333334,162289.58333333334,169516.91666666666,170062.66666666666,176846.41666666666,188255.66666666666,206660.5,209280.5,215129.75,220659.5
182,E07000194,Lichfield,,,,,,,,,,,,,,,,,,,,,,,,,,,,61348.083333333336,62161.583333333336,66893.83333333333,75603.41666666667,79472.25,88336.91666666667,98635.83333333333,114065.16666666667,140286.66666666666,163175.75,181368.5,186360.83333333334,197621.41666666666,193913.0,171770.91666666666,187205.5,182870.75,184054.16666666666,186738.75,201747.75,212857.33333333334,222278.41666666666,230911.33333333334,245158.5,243569.58333333334,255941.75,273516.9166666667,302095.4166666667,304052.0,311462.0833333333,329151.0
183,E07000195,Newcastle-under-Lyme,,,,,,,,,,,,,,,,,,,,,,,,,,,,39308.916666666664,39053.416666666664,41883.666666666664,43823.5,44864.25,47902.083333333336,53551.333333333336,62247.0,77557.58333333333,100022.75,114419.66666666667,121376.75,130049.16666666667,128857.75,115580.33333333333,119713.33333333333,115396.91666666667,114324.16666666667,116726.41666666667,121688.66666666667,126493.75,131650.5,136425.91666666666,143584.83333333334,147990.5,151145.08333333334,163665.66666666666,180797.58333333334,186100.83333333334,188149.58333333334,195183.0
184,E07000196,South Staffordshire,,,,,,,,,,,,,,,,,,,,,,,,,,,,60261.416666666664,60840.666666666664,64825.5,68373.0,72904.75,82744.25,90285.91666666667,107907.08333333333,134536.66666666666,155592.58333333334,167700.33333333334,175395.41666666666,187808.75,185812.66666666666,173071.33333333334,180118.5,173898.66666666666,171638.16666666666,171764.91666666666,177027.16666666666,187700.66666666666,196458.08333333334,207827.08333333334,216953.41666666666,220340.16666666666,229915.33333333334,252374.66666666666,275479.3333333333,278917.25,283485.9166666667,299734.5
185,E07000197,Stafford,,,,,,,,,,,,,,,,,,,,,,,,,,,,50364.333333333336,51170.916666666664,55184.583333333336,59396.166666666664,63958.75,71349.66666666667,79291.08333333333,93710.66666666667,115056.08333333333,137420.41666666666,150451.25,157618.41666666666,168958.0,169666.25,152425.91666666666,158469.41666666666,158755.0,155529.0,158272.75,164110.83333333334,170433.66666666666,176996.33333333334,186022.58333333334,190049.75,195843.66666666666,199683.83333333334,213723.41666666666,236445.66666666666,241472.5,243154.08333333334,250242.0
186,E07000198,Staffordshire Moorlands,,,,,,,,,,,,,,,,,,,,,,,,,,,,44509.583333333336,44835.166666666664,47360.5,49053.166666666664,51155.666666666664,54417.666666666664,61316.0,74371.66666666667,91607.0,117318.58333333333,128256.91666666667,137958.08333333334,146168.16666666666,140924.5,129938.25,134930.16666666666,132757.25,130850.66666666667,132116.75,137195.58333333334,143187.75,148517.91666666666,159377.25,162462.16666666666,171178.66666666666,176647.08333333334,190930.5,206421.58333333334,206802.5,210767.83333333334,218419.0
187,E07000199,Tamworth,,,,,,,,,,,,,,,,,,,,,,,,,,,,43998.583333333336,44995.166666666664,47634.916666666664,53450.083333333336,56813.166666666664,62753.583333333336,71444.25,84581.5,103748.83333333333,123748.58333333333,135022.58333333334,137266.41666666666,143473.41666666666,140044.41666666666,126781.16666666667,128357.58333333333,126812.41666666667,130530.41666666667,130457.83333333333,137430.16666666666,145265.08333333334,158067.83333333334,168201.66666666666,176924.75,180856.16666666666,188529.16666666666,198180.16666666666,219866.33333333334,224663.58333333334,224489.08333333334,225658.0
188,E07000200,Babergh,,,,,,,,,,,,,,,,,,,,,,,,,,,,55867.166666666664,58081.0,62796.75,68502.0,73873.25,87757.0,101164.25,122709.75,147217.91666666666,166091.08333333334,180772.5,187551.66666666666,207734.58333333334,200196.83333333334,176265.75,193794.16666666666,196916.58333333334,201528.0,202149.58333333334,218088.83333333334,235915.41666666666,257463.16666666666,275877.5,286187.4166666667,286774.0,289195.8333333333,303975.0,333837.5833333333,331171.25,325102.3333333333,334856.5
189,E07000202,Ipswich,,,,,,,,,,,,,,,,,,,,,,,,,,,,40712.5,39927.833333333336,43733.0,47196.916666666664,53340.75,63660.916666666664,72550.08333333333,88186.83333333333,106726.25,123346.41666666667,129402.58333333333,136654.91666666666,149303.25,140499.33333333334,121925.5,131391.75,128626.0,131614.75,133212.83333333334,146112.0,155762.91666666666,172055.25,185726.5,192726.83333333334,192332.16666666666,192499.91666666666,207539.75,227335.25,227703.5,219013.41666666666,224254.5
190,E07000203,Mid Suffolk,,,,,,,,,,,,,,,,,,,,,,,,,,,,57379.583333333336,57786.333333333336,63024.583333333336,69941.08333333333,78287.33333333333,90301.0,100889.16666666667,127026.5,147675.08333333334,163815.5,176012.58333333334,187570.66666666666,202980.41666666666,199731.66666666666,173684.58333333334,191529.91666666666,187741.83333333334,189643.33333333334,192812.5,210262.5,226309.5,247844.5,264428.0833333333,273002.5,273282.25,274628.8333333333,289723.0,315297.4166666667,313994.9166666667,307094.3333333333,321822.5
191,E07000207,Elmbridge,,,,,,,,,,,,,,,,,,,,,,,,,,,,117178.08333333333,121119.91666666667,143310.83333333334,165397.91666666666,185078.5,222870.25,250636.75,282969.0833333333,307908.4166666667,322392.5,337244.0,364833.3333333333,419848.4166666667,413045.5833333333,366745.1666666667,423936.3333333333,420815.0,450736.0,480283.0833333333,538819.5833333334,587074.6666666666,633353.1666666666,629421.9166666666,623185.4166666666,630264.25,639219.75,678330.6666666666,729459.0833333334,724466.0833333334,720918.0833333334,724190.5
192,E07000208,Epsom and Ewell,,,,,,,,,,,,,,,,,,,,,,,,,,,,90697.5,91508.58333333333,105213.33333333333,123074.66666666667,134505.5,163785.66666666666,183223.0,211526.08333333334,237373.08333333334,256091.0,264745.6666666667,280420.1666666667,309874.0,309744.25,273136.5,306531.5833333333,307430.75,322758.6666666667,338124.5,384591.0,422883.3333333333,464124.3333333333,473091.1666666667,478375.9166666667,467347.0,485226.5833333333,509056.75,548360.6666666666,555189.9166666666,535473.9166666666,553343.0
193,E07000209,Guildford,,,,,,,,,,,,,,,,,,,,,,,,,,,,91042.83333333333,95359.0,109279.91666666667,126729.08333333333,142393.5,175317.58333333334,189403.33333333334,217522.5,245251.83333333334,260457.91666666666,266849.25,284584.5,321229.0,311611.75,282909.0833333333,316564.6666666667,320534.25,332992.0833333333,341945.3333333333,375885.25,409927.75,450286.4166666667,460188.6666666667,458103.0,460039.25,468316.5833333333,486823.0833333333,519858.4166666667,525882.3333333334,520455.5,530315.5
194,E07000210,Mole Valley,,,,,,,,,,,,,,,,,,,,,,,,,,,,103063.33333333333,106545.5,120644.41666666667,137371.83333333334,152327.41666666666,182588.83333333334,201556.25,227039.0,257666.83333333334,273912.8333333333,281828.75,303673.4166666667,332416.75,339629.0833333333,297283.5,338281.25,337128.5,347081.6666666667,359015.4166666667,403976.75,440317.5833333333,472909.9166666667,487688.0833333333,488807.5833333333,472362.0833333333,478794.9166666667,507104.9166666667,540235.0,547021.1666666666,535195.6666666666,552723.5
195,E07000211,Reigate and Banstead,,,,,,,,,,,,,,,,,,,,,,,,,,,,82775.91666666667,83577.5,95494.58333333333,110496.91666666667,122595.25,149554.0,167412.33333333334,194002.58333333334,223103.5,237384.25,247666.08333333334,256141.16666666666,286249.5833333333,283655.3333333333,251426.66666666666,279474.75,280619.5833333333,286765.8333333333,298903.3333333333,337137.0833333333,373028.5,407966.5833333333,417660.8333333333,422802.8333333333,416322.25,429836.5833333333,440862.3333333333,476855.0,479933.1666666667,478806.5,480519.0
196,E07000212,Runnymede,,,,,,,,,,,,,,,,,,,,,,,,,,,,85169.83333333333,86538.16666666667,101217.16666666667,117007.41666666667,131688.25,156435.08333333334,176215.33333333334,194115.83333333334,222278.0,236035.58333333334,241720.25,258521.58333333334,288940.1666666667,289652.5833333333,251094.91666666666,277114.25,275658.25,278558.4166666667,293569.1666666667,331342.4166666667,358912.6666666667,398260.5833333333,411698.0833333333,410295.3333333333,408434.3333333333,421035.3333333333,446491.1666666667,482565.4166666667,476862.75,476155.3333333333,495636.0
197,E07000213,Spelthorne,,,,,,,,,,,,,,,,,,,,,,,,,,,,78998.16666666667,79627.58333333333,88091.0,104416.75,115463.16666666667,141219.83333333334,154169.66666666666,178624.25,203926.91666666666,215252.5,222256.33333333334,229514.08333333334,255059.66666666666,256584.41666666666,223497.16666666666,247962.16666666666,248416.83333333334,253316.5,265503.75,295933.5833333333,332053.8333333333,370638.5833333333,380941.4166666667,383952.9166666667,378481.3333333333,378632.6666666667,378237.8333333333,413622.0833333333,427854.5833333333,424239.8333333333,443809.0
198,E07000214,Surrey Heath,,,,,,,,,,,,,,,,,,,,,,,,,,,,87201.83333333333,87830.16666666667,102287.16666666667,118055.41666666667,131707.75,162404.66666666666,176529.08333333334,201679.0,222656.25,232252.66666666666,242305.91666666666,252024.08333333334,280110.75,276066.6666666667,246528.08333333334,273063.6666666667,266621.5,275248.0,287391.25,317711.5833333333,352435.8333333333,381618.5,384996.25,388773.3333333333,387532.25,383685.0833333333,412179.3333333333,447834.6666666667,442656.0833333333,435823.0,451560.0
199,E07000215,Tandridge,,,,,,,,,,,,,,,,,,,,,,,,,,,,93383.0,95609.41666666667,105770.25,124642.91666666667,139430.16666666666,168578.58333333334,184721.5,216322.16666666666,243375.41666666666,261243.16666666666,266556.6666666667,284333.75,308018.8333333333,306118.1666666667,281057.9166666667,307655.75,307383.75,313700.4166666667,316004.5833333333,356242.5,387594.0833333333,429702.8333333333,448986.4166666667,459303.9166666667,442834.5833333333,457039.6666666667,487946.0,522945.8333333333,523022.0,514530.5,493108.0
200,E07000216,Waverley,,,,,,,,,,,,,,,,,,,,,,,,,,,,98333.83333333333,100912.33333333333,116331.58333333333,133696.25,150396.91666666666,180612.08333333334,199948.33333333334,226972.25,253496.91666666666,269812.5833333333,278991.6666666667,302250.9166666667,337873.4166666667,332193.3333333333,295917.8333333333,336684.5,339707.8333333333,347879.3333333333,359121.6666666667,389979.5,426110.9166666667,457707.3333333333,469779.5833333333,481070.4166666667,468343.0,484424.0833333333,502114.1666666667,548827.8333333334,545222.25,542051.0,556006.0
201,E07000217,Woking,,,,,,,,,,,,,,,,,,,,,,,,,,,,78549.0,81355.41666666667,91872.25,107831.33333333333,119966.16666666667,146892.25,164197.41666666666,187265.5,209331.58333333334,223818.25,231726.33333333334,241819.91666666666,273673.0833333333,273058.1666666667,241143.0,264306.0833333333,269626.8333333333,279517.1666666667,289352.3333333333,326067.3333333333,360313.25,394910.9166666667,401790.4166666667,405275.6666666667,404967.6666666667,407020.0,424265.25,453487.9166666667,455437.8333333333,449172.6666666667,463183.0
202,E07000218,North Warwickshire,,,,,,,,,,,,,,,,,,,,,,,,,,,,56995.583333333336,57692.666666666664,60996.916666666664,66463.08333333333,71528.5,80521.5,87679.66666666667,102738.91666666667,124970.75,149591.08333333334,166782.16666666666,172023.33333333334,178047.83333333334,171971.25,161567.5,164763.5,162271.0,161426.41666666666,163447.58333333334,171239.16666666666,180500.16666666666,194333.58333333334,207256.0,217829.0,221065.16666666666,225469.83333333334,236425.41666666666,256690.75,264032.0833333333,260342.5,262864.0
203,E07000219,Nuneaton and Bedworth,,,,,,,,,,,,,,,,,,,,,,,,,,,,45307.166666666664,45160.25,48433.333333333336,50619.666666666664,54254.75,59924.166666666664,67786.33333333333,77167.91666666667,95185.16666666667,117306.75,130857.75,136773.66666666666,145368.08333333334,139485.41666666666,124101.08333333333,131721.91666666666,129923.83333333333,127730.75,129988.58333333333,137474.41666666666,143272.5,155015.0,165619.25,175239.5,178783.0,185633.83333333334,195346.08333333334,216623.16666666666,221343.25,220831.5,228087.0
204,E07000220,Rugby,,,,,,,,,,,,,,,,,,,,,,,,,,,,50695.75,51120.833333333336,56596.25,62164.666666666664,67495.5,76696.25,84909.25,103085.66666666667,122067.41666666667,141215.83333333334,153098.83333333334,158472.66666666666,165771.08333333334,162570.33333333334,141682.33333333334,150323.16666666666,150793.91666666666,151610.5,156724.08333333334,169893.91666666666,179812.25,196795.0,206478.75,218944.41666666666,219227.33333333334,224924.91666666666,245440.08333333334,267839.9166666667,273205.5,271224.4166666667,288166.0
205,E07000221,Stratford-on-Avon,,,,,,,,,,,,,,,,,,,,,,,,,,,,80405.5,80472.66666666667,90349.5,101963.33333333333,110575.66666666667,124466.08333333333,138223.16666666666,160594.66666666666,191342.66666666666,215852.16666666666,227436.25,238718.08333333334,252814.91666666666,246070.0,226571.83333333334,245973.0,241613.33333333334,249121.83333333334,251324.66666666666,275339.1666666667,293349.75,300802.6666666667,310684.0,323192.5,323172.0,319476.4166666667,339134.4166666667,360559.9166666667,368615.6666666667,371116.0,389509.0
206,E07000222,Warwick,,,,,,,,,,,,,,,,,,,,,,,,,,,,66357.33333333333,67426.33333333333,74855.58333333333,84423.16666666667,92014.16666666667,106022.75,116666.41666666667,136158.83333333334,161592.91666666666,182229.58333333334,195515.83333333334,200665.16666666666,213747.66666666666,206159.58333333334,187174.41666666666,205288.08333333334,208772.0,213528.75,220309.33333333334,239531.0,259205.08333333334,280153.75,293974.6666666667,303929.5,305634.6666666667,310491.75,319989.75,340902.5,348333.0,349254.75,358904.0
207,E07000223,Adur,,,,,,,,,,,,,,,,,,,,,,,,,,,,54076.916666666664,54294.083333333336,62569.833333333336,71303.25,78580.5,96713.41666666667,111882.33333333333,132302.08333333334,156344.58333333334,175701.5,181964.83333333334,191174.75,214815.83333333334,211198.25,181976.33333333334,205320.0,202421.0,210661.75,215355.08333333334,242298.25,264932.25,294245.4166666667,308847.3333333333,317104.3333333333,314863.6666666667,318220.9166666667,342640.0833333333,373892.5,375460.9166666667,362720.25,369329.0
208,E07000224,Arun,,,,,,,,,,,,,,,,,,,,,,,,,,,,58127.916666666664,59691.416666666664,66145.91666666667,74653.25,81932.41666666667,99510.66666666667,111531.0,131375.83333333334,159002.16666666666,177366.33333333334,184673.83333333334,193452.83333333334,215451.08333333334,211235.58333333334,185257.91666666666,202942.25,195045.0,201869.58333333334,207365.0,221328.08333333334,239322.08333333334,256091.5,269114.25,280498.5833333333,278025.25,282113.8333333333,305261.0,334487.6666666667,334837.0833333333,326748.4166666667,333249.5
209,E07000225,Chichester,,,,,,,,,,,,,,,,,,,,,,,,,,,,82443.83333333333,85896.25,94708.08333333333,105869.25,116975.16666666667,141322.25,156083.5,181382.25,217552.66666666666,241337.83333333334,249510.91666666666,260285.83333333334,285466.4166666667,284890.5,254610.25,281614.8333333333,287002.75,287185.9166666667,293764.25,313839.5,339034.0,359859.3333333333,379188.3333333333,391283.25,382881.3333333333,402135.5,408889.1666666667,447729.25,449382.6666666667,447131.0,450018.5
210,E07000226,Crawley,,,,,,,,,,,,,,,,,,,,,,,,,,,,53798.75,53454.666666666664,61096.0,71432.16666666667,79580.58333333333,98025.5,109474.0,125783.91666666667,149403.41666666666,164071.5,170121.0,175040.75,191890.25,186921.75,164752.16666666666,179466.75,175545.08333333334,179350.75,189959.33333333334,214249.91666666666,239639.08333333334,263593.25,274622.3333333333,279127.8333333333,277267.25,280045.25,287511.0833333333,311697.6666666667,317557.1666666667,312500.5,327309.0
211,E07000227,Horsham,,,,,,,,,,,,,,,,,,,,,,,,,,,,80674.0,80962.08333333333,91696.16666666667,106658.83333333333,116512.25,142135.91666666666,158635.08333333334,186495.33333333334,213889.33333333334,231483.33333333334,238881.5,251749.75,280333.0833333333,278218.9166666667,245500.5,272114.3333333333,271763.0,278246.5833333333,289243.5833333333,314106.5,337732.1666666667,365243.6666666667,381375.0,385256.8333333333,379067.5833333333,379347.5833333333,391063.1666666667,424973.5,427920.6666666667,421826.9166666667,436706.0
212,E07000228,Mid Sussex,,,,,,,,,,,,,,,,,,,,,,,,,,,,75324.58333333333,76833.5,86068.91666666667,97797.83333333333,113406.58333333333,136449.41666666666,153253.16666666666,176304.5,204200.08333333334,226041.75,232730.5,240806.91666666666,264502.5833333333,267939.4166666667,232318.08333333334,260036.08333333334,256528.83333333334,261077.83333333334,270122.25,298762.0833333333,321297.9166666667,353421.4166666667,363665.4166666667,370887.75,368487.1666666667,372690.9166666667,382909.0833333333,420645.3333333333,423183.9166666667,425284.8333333333,441794.0
213,E07000229,Worthing,,,,,,,,,,,,,,,,,,,,,,,,,,,,48923.75,48398.583333333336,55293.833333333336,63157.083333333336,69405.66666666667,84759.25,97142.16666666667,117961.83333333333,141803.33333333334,157217.16666666666,162192.5,169959.66666666666,190233.16666666666,186539.25,161313.83333333334,176577.75,174640.25,178974.33333333334,184431.66666666666,203610.66666666666,222361.16666666666,244929.58333333334,256323.0,262878.75,265545.6666666667,263771.25,294782.3333333333,324876.9166666667,325895.0,311176.75,319753.0
214,E07000234,Bromsgrove,,,,,,,,,,,,,,,,,,,,,,,,,,,,67117.33333333333,68100.41666666667,75191.41666666667,81824.08333333333,87546.5,97337.25,107069.75,126325.16666666667,152437.33333333334,175978.16666666666,187486.83333333334,196624.33333333334,206305.0,200508.41666666666,184174.33333333334,195007.41666666666,193347.58333333334,193130.5,196873.16666666666,209854.91666666666,221143.91666666666,238240.33333333334,254622.0,265578.0833333333,275605.5,278840.3333333333,294324.3333333333,320922.9166666667,326530.3333333333,328074.1666666667,332006.0
215,E07000235,Malvern Hills,,,,,,,,,,,,,,,,,,,,,,,,,,,,67279.75,67858.58333333333,75872.25,82109.83333333333,91257.33333333333,104955.16666666667,115856.41666666667,143073.41666666666,168254.58333333334,196606.75,208483.83333333334,217433.91666666666,235951.16666666666,221490.41666666666,204541.5,214334.25,215168.5,211337.0,212090.16666666666,225217.33333333334,236015.75,247160.91666666666,258282.58333333334,268574.6666666667,274404.1666666667,278120.3333333333,299583.75,324756.5833333333,332347.25,333029.0833333333,345879.0
216,E07000236,Redditch,,,,,,,,,,,,,,,,,,,,,,,,,,,,49826.5,50470.083333333336,52760.916666666664,56259.333333333336,60094.583333333336,67186.91666666667,75417.58333333333,89790.75,109333.25,127054.66666666667,138460.5,143171.83333333334,150829.41666666666,145726.5,129248.58333333333,136998.16666666666,135077.25,135642.5,141126.33333333334,148756.08333333334,158949.16666666666,171311.58333333334,181534.5,189846.75,194468.33333333334,199601.91666666666,215047.41666666666,236071.83333333334,240485.25,242743.0,235892.5
217,E07000237,Worcester,,,,,,,,,,,,,,,,,,,,,,,,,,,,46019.083333333336,46928.0,51476.166666666664,55650.583333333336,60636.333333333336,72087.83333333333,81968.83333333333,99452.41666666667,119632.66666666667,139252.91666666666,149910.66666666666,157788.66666666666,170158.33333333334,162788.16666666666,142216.58333333334,150632.16666666666,150465.25,153835.16666666666,153510.08333333334,163059.58333333334,170453.83333333334,180153.08333333334,190207.75,197650.83333333334,198075.41666666666,202045.25,212971.33333333334,238598.75,242064.25,248489.5,252004.0
218,E07000238,Wychavon,,,,,,,,,,,,,,,,,,,,,,,,,,,,64822.583333333336,67282.66666666667,73364.0,79503.25,84721.75,97733.25,107572.91666666667,128679.75,157265.66666666666,180910.41666666666,193880.5,203792.0,217626.83333333334,210501.75,188671.58333333334,199120.41666666666,200505.83333333334,197602.0,201430.5,212981.41666666666,220286.0,234833.5,244643.83333333334,257652.66666666666,257697.16666666666,262155.1666666667,283253.3333333333,312502.75,314937.75,315331.0833333333,311145.5
219,E07000239,Wyre Forest,,,,,,,,,,,,,,,,,,,,,,,,,,,,49519.666666666664,50980.0,54620.916666666664,58782.833333333336,61473.0,69077.08333333333,79712.75,92586.66666666667,114623.0,132649.75,143580.0,149212.83333333334,157858.33333333334,154103.91666666666,136933.33333333334,140478.75,139637.66666666666,137289.58333333334,139322.5,144210.5,150073.33333333334,159649.16666666666,167940.08333333334,175963.66666666666,181528.83333333334,188747.41666666666,203939.0,224533.25,229260.91666666666,227082.58333333334,232085.0
220,E07000240,St Albans,,,,,,,,,,,,,,,,,,,,,,,,,,,,97140.0,99590.16666666667,116676.58333333333,133241.83333333334,148866.91666666666,181567.91666666666,200578.08333333334,233702.16666666666,261961.0,280099.0833333333,291095.4166666667,311591.0,349698.6666666667,348496.25,312159.5833333333,355668.75,365718.0,377818.25,390321.1666666667,434704.8333333333,482860.9166666667,538226.25,560430.8333333334,557360.1666666666,539838.1666666666,553141.1666666666,576419.4166666666,617128.25,608378.3333333334,621205.6666666666,638761.5
221,E07000241,Welwyn Hatfield,,,,,,,,,,,,,,,,,,,,,,,,,,,,76859.83333333333,79521.25,91287.16666666667,102073.41666666667,111883.08333333333,134992.91666666666,149131.91666666666,174729.41666666666,201771.91666666666,220610.58333333334,226726.41666666666,235575.58333333334,252955.91666666666,251752.0,230936.58333333334,257452.16666666666,258594.5,261949.83333333334,268944.5833333333,297522.3333333333,331329.1666666667,380124.75,393990.5833333333,402212.1666666667,401339.25,406140.5,421050.5,452991.5,446907.5,439415.3333333333,448827.5
222,E07000242,East Hertfordshire,,,,,,,,,,,,,,,,,,,,,,,,,,,,77527.33333333333,79378.83333333333,89295.33333333333,102408.58333333333,113526.33333333333,134695.33333333334,153859.08333333334,179758.08333333334,208259.33333333334,227356.0,232892.75,243131.0,268004.75,266018.5833333333,242683.75,259243.66666666666,263100.5833333333,265797.0,272796.5,303565.25,333637.1666666667,374526.1666666667,396373.5,402501.8333333333,395692.0,402945.4166666667,408228.5,434444.0,433069.75,434070.1666666667,443404.0
223,E07000243,Stevenage,,,,,,,,,,,,,,,,,,,,,,,,,,,,48609.166666666664,49452.5,53907.166666666664,63718.416666666664,68091.33333333333,81925.0,88541.5,109417.08333333333,136662.41666666666,148746.0,157252.33333333334,160712.58333333334,175151.33333333334,171155.25,157674.41666666666,164288.0,169664.33333333334,169268.25,173929.91666666666,194358.33333333334,216969.0,253204.0,269468.3333333333,272376.75,271302.0833333333,269259.75,288493.1666666667,316763.3333333333,318230.8333333333,310084.6666666667,315957.0
224,E07000244,East Suffolk,,,,,,,,,,,,,,,,,,,,,,,,,,,,50711.083333333336,50106.5,54121.583333333336,57792.25,62790.166666666664,73105.66666666667,86046.41666666667,103426.0,125645.75,146660.58333333334,155801.16666666666,161523.5,179447.16666666666,176707.58333333334,160561.25,174177.91666666666,171538.5,172412.16666666666,175723.08333333334,186989.0,200108.91666666666,212798.25,227356.25,236449.41666666666,237797.5,245395.83333333334,261658.33333333334,291198.0,290593.5,288453.25,289759.5
225,E07000245,West Suffolk,,,,,,,,,,,,,,,,,,,,,,,,,,,,52344.0,53564.083333333336,56478.583333333336,63036.166666666664,70976.33333333333,80991.16666666667,90834.25,114098.91666666667,133873.91666666666,153687.75,161319.91666666666,170609.25,185737.91666666666,178304.5,156698.75,172449.08333333334,171339.83333333334,176458.91666666666,180811.83333333334,195069.83333333334,211461.08333333334,228221.5,243618.66666666666,248709.16666666666,253750.16666666666,256803.16666666666,272341.75,298424.5833333333,297957.5833333333,296959.3333333333,297506.0
226,E08000001,Bolton,,,,,,,,,,,,,,,,,,,,,,,,,,,,37222.083333333336,37040.166666666664,38611.583333333336,39598.333333333336,40882.75,42922.833333333336,47083.083333333336,53290.666666666664,66014.66666666667,86777.08333333333,105242.41666666667,114480.41666666667,125480.91666666667,122456.16666666667,108045.66666666667,108572.66666666667,104549.08333333333,102889.83333333333,104787.25,107609.33333333333,111788.16666666667,116009.33333333333,122908.83333333333,127503.33333333333,132101.66666666666,138154.83333333334,157001.16666666666,175434.0,180754.33333333334,189131.33333333334,194589.5
227,E08000002,Bury,,,,,,,,,,,,,,,,,,,,,,,,,,,,40708.083333333336,41164.5,43088.5,43971.833333333336,45503.166666666664,48986.416666666664,54688.5,66164.16666666667,82823.08333333333,105060.66666666667,121331.33333333333,128732.66666666667,137247.25,133488.91666666666,120202.83333333333,124276.16666666667,119978.25,117979.16666666667,118002.83333333333,124806.0,131917.08333333334,138760.58333333334,150321.58333333334,156868.91666666666,165504.58333333334,173238.33333333334,197198.66666666666,216306.66666666666,220934.16666666666,226734.16666666666,230739.0
228,E08000003,Manchester,,,,,,,,,,,,,,,,,,,,,,,,,,,,32753.916666666668,32172.333333333332,33715.833333333336,37197.416666666664,38164.333333333336,40802.583333333336,45375.5,52561.916666666664,63897.333333333336,83650.0,100201.66666666667,117515.08333333333,129348.83333333333,125670.66666666667,111884.5,115387.66666666667,113953.08333333333,115034.08333333333,115649.0,124886.25,133624.33333333334,145299.41666666666,157843.25,167757.25,173596.75,178156.75,209653.08333333334,231674.33333333334,232979.16666666666,242661.0,246202.5
229,E08000004,Oldham,,,,,,,,,,,,,,,,,,,,,,,,,,,,37054.0,37016.416666666664,38113.166666666664,38994.75,39653.25,40598.916666666664,43913.25,50049.666666666664,59563.0,77070.5,94286.16666666667,108297.66666666667,119603.16666666667,117607.16666666667,105129.16666666667,108853.33333333333,103354.83333333333,101410.33333333333,101584.83333333333,106978.0,108236.75,113954.25,120934.75,125329.08333333333,131042.58333333333,139882.41666666666,160256.5,178333.0,183682.83333333334,189302.66666666666,203275.5
230,E08000005,Rochdale,,,,,,,,,,,,,,,,,,,,,,,,,,,,38391.666666666664,38524.916666666664,39455.166666666664,40614.916666666664,41865.916666666664,44746.416666666664,47504.166666666664,55232.25,67810.41666666667,90608.58333333333,104173.5,111713.91666666667,122667.41666666667,119649.0,107554.08333333333,107503.75,101837.58333333333,102286.66666666667,101663.66666666667,106182.91666666667,107998.25,114728.5,118128.33333333333,126080.91666666667,133545.91666666666,138156.41666666666,157720.91666666666,175956.83333333334,183363.41666666666,189903.83333333334,199650.0
231,E08000006,Salford,,,,,,,,,,,,,,,,,,,,,,,,,,,,35449.583333333336,35123.5,36203.916666666664,37458.833333333336,38213.5,42245.5,44756.25,52811.25,67305.58333333333,88725.83333333333,104378.91666666667,110958.66666666667,120627.75,115175.5,103485.25,102455.25,99973.75,99409.5,99730.25,106787.33333333333,114610.75,126859.41666666667,139542.91666666666,147083.58333333334,151798.33333333334,158147.08333333334,191448.25,212697.91666666666,211214.83333333334,217271.91666666666,221912.5
232,E08000007,Stockport,,,,,,,,,,,,,,,,,,,,,,,,,,,,53458.25,53703.666666666664,56842.333333333336,59882.0,64056.75,73569.25,82574.83333333333,96913.83333333333,117744.66666666667,142360.41666666666,156706.41666666666,163998.91666666666,175549.16666666666,171317.08333333334,154045.75,158918.5,156512.41666666666,158269.33333333334,161650.25,171828.66666666666,182019.66666666666,195692.83333333334,206879.25,219997.41666666666,227104.75,237904.75,256382.33333333334,285318.1666666667,288439.4166666667,294256.75,300335.0
233,E08000008,Tameside,,,,,,,,,,,,,,,,,,,,,,,,,,,,37350.5,37157.583333333336,38515.166666666664,39715.25,41384.5,44194.416666666664,48340.25,55623.666666666664,70431.83333333333,89551.25,106455.08333333333,115490.08333333333,124459.83333333333,120366.91666666667,104873.08333333333,105377.66666666667,103044.5,101371.5,102649.83333333333,107406.66666666667,112316.66666666667,120427.58333333333,128793.58333333333,135600.66666666666,141920.91666666666,148311.33333333334,168236.58333333334,189805.16666666666,194534.66666666666,199432.41666666666,205576.5
234,E08000009,Trafford,,,,,,,,,,,,,,,,,,,,,,,,,,,,55724.833333333336,55862.75,60952.666666666664,65326.5,71644.66666666667,82290.0,95068.41666666667,110272.75,130785.58333333333,159962.08333333334,175195.66666666666,181783.16666666666,194533.08333333334,191448.75,172987.41666666666,187769.0,183845.33333333334,185819.08333333334,189970.66666666666,204955.5,225044.5,245649.66666666666,263301.6666666667,277656.1666666667,288120.9166666667,300187.8333333333,322088.75,352814.0,358359.3333333333,367442.8333333333,386866.0
235,E08000010,Wigan,,,,,,,,,,,,,,,,,,,,,,,,,,,,38417.0,38063.166666666664,39388.333333333336,40334.416666666664,41004.833333333336,43039.166666666664,46920.833333333336,54131.916666666664,69786.83333333333,90811.16666666667,104443.91666666667,113351.91666666667,121945.25,118183.41666666667,104448.91666666667,106363.58333333333,102498.83333333333,101774.91666666667,102911.58333333333,106318.41666666667,110471.91666666667,115815.66666666667,121519.58333333333,124510.25,128307.08333333333,134273.25,151532.75,170523.5,174729.58333333334,179950.5,187378.5
236,E08000011,Knowsley,,,,,,,,,,,,,,,,,,,,,,,,,,,,40080.333333333336,40394.666666666664,41197.833333333336,41927.333333333336,43988.166666666664,46452.583333333336,49292.166666666664,57172.166666666664,68448.5,94997.41666666667,113752.5,121839.91666666667,129069.0,125851.5,108560.83333333333,110341.16666666667,106222.58333333333,105407.41666666667,104821.33333333333,107987.91666666667,109853.25,115362.08333333333,122879.41666666667,125866.33333333333,129086.66666666667,133562.41666666666,148967.08333333334,166111.16666666666,174386.41666666666,177096.0,188683.0
237,E08000012,Liverpool,,,,,,,,,,,,,,,,,,,,,,,,,,,,33149.25,34130.25,34730.083333333336,34972.083333333336,37849.5,40300.083333333336,44780.0,48966.166666666664,58285.25,84881.41666666667,99017.58333333333,109168.33333333333,115889.08333333333,112121.41666666667,102566.5,103806.66666666667,99784.33333333333,97925.0,97873.41666666667,102462.0,105855.25,108491.41666666667,114168.5,119534.41666666667,122222.66666666667,126841.75,146792.08333333334,159402.58333333334,161554.5,165776.25,174415.0
238,E08000013,St Helens,,,,,,,,,,,,,,,,,,,,,,,,,,,,38408.083333333336,38059.916666666664,38445.916666666664,38949.583333333336,41040.75,43101.25,47496.166666666664,54546.5,66459.91666666667,90762.08333333333,104213.66666666667,111804.58333333333,117876.91666666667,115976.5,102139.0,103783.33333333333,99444.16666666667,96877.83333333333,96974.83333333333,101173.5,101577.75,108225.08333333333,112951.08333333333,116535.5,119391.75,125073.0,141702.58333333334,159543.66666666666,164072.5,169043.33333333334,173321.5
239,E08000014,Sefton,,,,,,,,,,,,,,,,,,,,,,,,,,,,46956.166666666664,46690.75,48677.25,50131.083333333336,53531.416666666664,56782.25,63558.25,74525.25,91165.08333333333,116977.66666666667,133790.58333333334,142992.33333333334,150742.0,146233.58333333334,136934.91666666666,139590.75,132307.58333333334,130855.41666666667,128926.0,132508.5,134958.75,143447.75,149678.25,153868.91666666666,159575.66666666666,160892.66666666666,179128.0,196698.41666666666,200960.58333333334,206299.16666666666,216821.5
240,E08000015,Wirral,,,,,,,,,,,,,,,,,,,,,,,,,,,,41700.833333333336,41950.75,43723.5,45289.416666666664,48213.333333333336,52391.583333333336,58620.416666666664,68265.33333333333,85791.58333333333,112999.41666666667,125892.91666666667,136637.66666666666,143968.5,137936.5,125973.25,130896.58333333333,128532.83333333333,127545.91666666667,126481.91666666667,131409.25,135324.16666666666,141095.41666666666,147632.25,152583.33333333334,155039.33333333334,156972.33333333334,179814.58333333334,195836.25,199971.91666666666,203347.41666666666,207941.0
241,E08000017,Doncaster,,,,,,,,,,,,,,,,,,,,,,,,,,,,34751.25,34934.25,35936.916666666664,36736.833333333336,37936.25,39545.25,40794.5,49273.75,65482.25,90167.75,103611.5,111950.91666666667,117661.0,114110.33333333333,103054.33333333333,106199.16666666667,102144.83333333333,101268.66666666667,101230.41666666667,104771.5,107148.75,112460.41666666667,115115.0,116108.75,120456.58333333333,124871.75,141339.58333333334,154622.91666666666,156032.91666666666,159869.5,164692.5
242,E08000018,Rotherham,,,,,,,,,,,,,,,,,,,,,,,,,,,,38440.666666666664,38320.166666666664,39070.25,39508.166666666664,42411.416666666664,43896.833333333336,46220.583333333336,54535.333333333336,68944.75,87549.33333333333,104169.25,114268.0,123521.0,121753.75,109359.66666666667,111516.91666666667,109014.0,107350.33333333333,107736.25,110670.83333333333,112701.58333333333,118289.75,121841.75,127569.08333333333,131628.16666666666,135094.75,153648.91666666666,167633.66666666666,170945.16666666666,177249.58333333334,179314.5
243,E08000021,Newcastle upon Tyne,,,,,,,,,,,,,,,,,,,,,,,,,,,,46066.416666666664,46362.666666666664,48551.333333333336,52260.166666666664,55912.666666666664,58659.166666666664,64641.75,80317.08333333333,102455.66666666667,130129.91666666667,138226.66666666666,149388.91666666666,159087.0,151652.66666666666,137524.0,142640.5,135839.33333333334,135430.5,135825.83333333334,140095.58333333334,148843.83333333334,153185.5,154361.33333333334,157422.91666666666,157381.16666666666,158735.0,170473.25,181779.08333333334,185710.25,191147.25,203736.5
244,E08000022,North Tyneside,,,,,,,,,,,,,,,,,,,,,,,,,,,,39955.416666666664,39477.0,40805.083333333336,43544.75,44271.916666666664,47482.25,51831.75,64402.0,86111.25,111015.0,122649.25,131168.75,139055.58333333334,133178.58333333334,121923.33333333333,126772.5,121113.0,123056.58333333333,124626.91666666667,132338.91666666666,137162.0,141781.66666666666,144456.5,149011.33333333334,150270.83333333334,154155.25,167228.83333333334,182568.41666666666,188369.25,190443.0,199943.0
245,E08000023,South Tyneside,,,,,,,,,,,,,,,,,,,,,,,,,,,,39131.25,39159.916666666664,40488.5,42482.5,44301.916666666664,45905.333333333336,49420.083333333336,56320.666666666664,74146.25,95723.16666666667,108335.25,117935.58333333333,124844.91666666667,120944.75,106455.0,111348.66666666667,104393.41666666667,104150.08333333333,105564.16666666667,107787.58333333333,110113.08333333333,113548.33333333333,116458.5,119340.25,122989.58333333333,122687.33333333333,133483.16666666666,141490.08333333334,147556.91666666666,149709.25,154657.0
246,E08000024,Sunderland,,,,,,,,,,,,,,,,,,,,,,,,,,,,37196.166666666664,37841.666666666664,39676.75,40367.666666666664,41559.416666666664,43010.333333333336,46208.416666666664,53992.916666666664,69091.16666666667,90994.08333333333,104595.75,111633.66666666667,117863.5,114659.41666666667,105329.83333333333,105300.75,101482.16666666667,98850.16666666667,98298.75,100232.75,101568.41666666667,104855.0,106407.5,108263.16666666667,109048.41666666667,110583.08333333333,123245.08333333333,131689.0,133167.25,132531.33333333334,141009.0
247,E08000025,Birmingham,,,,,,,,,,,,,,,,,,,,,,,,,,,,44627.75,44759.0,47528.083333333336,50236.083333333336,53216.083333333336,58507.083333333336,67466.41666666667,80565.66666666667,104371.83333333333,122420.41666666667,130236.75,135386.91666666666,142214.16666666666,137178.5,123507.16666666667,130507.16666666667,126830.16666666667,127532.0,130074.33333333333,137542.25,144542.16666666666,156204.08333333334,167584.58333333334,177320.08333333334,182558.75,185537.58333333334,204331.0,223962.25,226249.25,226012.33333333334,232183.0
248,E08000026,Coventry,,,,,,,,,,,,,,,,,,,,,,,,,,,,39575.833333333336,39410.583333333336,41708.083333333336,44475.916666666664,48121.583333333336,54294.25,62096.75,73833.16666666667,92120.91666666667,111406.08333333333,120711.16666666667,128356.5,134576.16666666666,128280.83333333333,116143.25,122447.41666666667,119346.16666666667,120003.66666666667,125210.33333333333,132464.33333333334,141455.25,153818.16666666666,166055.25,177939.0,180800.0,183509.91666666666,196486.5,213697.58333333334,214165.58333333334,217142.33333333334,226376.5
249,E08000027,Dudley,,,,,,,,,,,,,,,,,,,,,,,,,,,,45756.333333333336,45434.5,47631.75,49528.333333333336,52858.083333333336,58277.166666666664,64850.5,77601.83333333333,96219.16666666667,112568.0,122391.5,129119.83333333333,135757.08333333334,132613.83333333334,122659.08333333333,127357.0,122528.16666666667,122667.66666666667,124083.5,129816.91666666667,134927.0,143090.83333333334,151414.0,159804.66666666666,166621.0,171778.5,190627.91666666666,209702.5,216654.91666666666,219036.25,225027.5
250,E08000028,Sandwell,,,,,,,,,,,,,,,,,,,,,,,,,,,,36281.75,37397.416666666664,39063.166666666664,40674.583333333336,41982.5,45682.416666666664,50414.25,60605.416666666664,76802.16666666667,95739.25,104732.66666666667,111242.41666666667,119069.58333333333,114533.25,101888.41666666667,107219.25,103517.83333333333,102595.41666666667,102714.75,106620.08333333333,112281.75,120364.0,128321.66666666667,137891.25,142645.58333333334,146924.08333333334,165058.5,184229.58333333334,192820.0,197403.75,199438.5
251,E08000029,Solihull,,,,,,,,,,,,,,,,,,,,,,,,,,,,65879.08333333333,66206.08333333333,72784.33333333333,79391.41666666667,86602.08333333333,98345.83333333333,109304.5,127946.66666666667,153540.0,174729.83333333334,183645.91666666666,190030.0,202053.5,192706.33333333334,179333.75,191665.25,186792.58333333334,187599.5,190144.58333333334,207293.91666666666,221433.16666666666,237279.25,251832.33333333334,263150.3333333333,265962.3333333333,267301.6666666667,299371.0833333333,323093.4166666667,327844.1666666667,322796.9166666667,333255.0
252,E08000030,Walsall,,,,,,,,,,,,,,,,,,,,,,,,,,,,42517.083333333336,43745.75,45547.416666666664,47201.666666666664,49694.75,54414.583333333336,60881.333333333336,71777.33333333333,89752.25,108975.0,120856.58333333333,128167.5,134554.66666666666,130929.83333333333,116815.83333333333,120929.5,116950.25,116535.0,119374.75,124933.75,127238.33333333333,137139.0,145419.83333333334,153930.58333333334,157780.08333333334,163220.41666666666,178189.0,194546.33333333334,201442.58333333334,203097.25,206921.0
253,E08000031,Wolverhampton,,,,,,,,,,,,,,,,,,,,,,,,,,,,40238.083333333336,39950.5,42212.333333333336,43319.833333333336,45633.5,50999.833333333336,55611.416666666664,68688.25,86855.58333333333,104223.08333333333,115582.75,124028.41666666667,131359.08333333334,126417.08333333333,113606.25,116050.08333333333,112733.58333333333,112724.5,114363.41666666667,116627.66666666667,119365.33333333333,128436.16666666667,135291.16666666666,142956.16666666666,148691.25,154216.16666666666,168191.25,189042.58333333334,195336.0,199345.41666666666,208365.5
254,E08000032,Bradford,,,,,,,,,,,,,,,,,,,,,,,,,,,,40143.416666666664,40271.583333333336,41209.583333333336,42098.416666666664,42161.583333333336,44234.333333333336,46268.916666666664,51713.5,62511.916666666664,82368.25,100764.58333333333,114514.58333333333,127390.16666666667,124658.91666666667,112773.25,115349.33333333333,111149.25,108069.91666666667,107747.75,112493.33333333333,116105.41666666667,122054.33333333333,126376.58333333333,127672.91666666667,128965.83333333333,132934.58333333334,148052.25,159469.08333333334,163656.5,170885.66666666666,177237.5
255,E08000033,Calderdale,,,,,,,,,,,,,,,,,,,,,,,,,,,,39228.166666666664,38891.916666666664,40501.333333333336,41303.916666666664,41198.583333333336,43534.166666666664,47316.083333333336,53682.583333333336,66783.16666666667,87092.5,103568.08333333333,112774.91666666667,122878.08333333333,117898.41666666667,106570.83333333333,112605.75,108977.5,107043.0,107589.16666666667,112120.58333333333,116691.75,122591.33333333333,124106.33333333333,130498.66666666667,135088.58333333334,138116.5,153774.0,163510.75,168277.25,173331.0,181000.0
256,E08000034,Kirklees,,,,,,,,,,,,,,,,,,,,,,,,,,,,43385.166666666664,43308.416666666664,44721.0,45344.25,46592.916666666664,49682.416666666664,52808.083333333336,62005.916666666664,79777.16666666667,101556.33333333333,117551.5,128621.83333333333,137891.33333333334,135741.08333333334,120848.25,123952.58333333333,119788.5,119037.75,117921.41666666667,123376.16666666667,128058.58333333333,133431.83333333334,137805.16666666666,142832.25,145146.66666666666,150015.16666666666,166517.66666666666,181624.33333333334,185417.08333333334,191009.25,198859.0
257,E08000035,Leeds,,,,,,,,,,,,,,,,,,,,,,,,,,,,46415.0,46172.75,47922.0,49963.583333333336,52920.416666666664,58307.333333333336,65878.5,78429.66666666667,99595.0,120996.75,135425.25,144251.25,154233.83333333334,148543.83333333334,132843.33333333334,139800.08333333334,136454.08333333334,134711.75,135156.41666666666,143266.33333333334,150719.83333333334,161206.58333333334,168774.25,176396.75,181049.83333333334,188331.16666666666,203829.83333333334,223076.16666666666,227275.5,232595.08333333334,242635.5
258,E08000036,Wakefield,,,,,,,,,,,,,,,,,,,,,,,,,,,,43890.833333333336,43142.25,44861.833333333336,45054.083333333336,46353.583333333336,48369.0,52154.5,62118.833333333336,82414.0,102661.5,116811.16666666667,125738.16666666667,135822.08333333334,130066.33333333333,119267.83333333333,119660.75,114895.83333333333,113212.83333333333,112839.08333333333,118010.33333333333,121547.33333333333,127900.66666666667,133143.83333333334,137568.33333333334,141660.08333333334,146323.91666666666,164219.58333333334,180520.66666666666,185093.83333333334,188065.58333333334,194387.0
259,E08000037,Gateshead,,,,,,,,,,,,,,,,,,,,,,,,,,,,37960.416666666664,36602.333333333336,38667.416666666664,39791.666666666664,40951.166666666664,43429.916666666664,47412.75,55064.333333333336,73798.16666666667,98130.16666666667,109128.0,118050.41666666667,126566.08333333333,123245.16666666667,111575.66666666667,111453.33333333333,108438.75,106728.66666666667,109299.0,113041.33333333333,113495.75,118318.33333333333,120397.08333333333,123287.16666666667,123510.75,124682.5,134476.91666666666,143086.58333333334,147248.41666666666,147527.5,151435.5
260,E08000038,Barnsley,,,,,,,,,,,,,,,,,,,,,,,,,,,,36979.916666666664,36098.0,37516.916666666664,38499.333333333336,39607.25,40413.25,42338.333333333336,47541.5,61901.25,84242.83333333333,100361.08333333333,109548.25,118055.33333333333,116250.25,103963.08333333333,104066.25,101755.0,100467.83333333333,99104.75,103372.25,104007.25,108526.0,113740.16666666667,118111.83333333333,122417.5,127443.33333333333,139489.5,155223.5,159062.0,162886.0,169765.5
261,E08000039,Sheffield,,,,,,,,,,,,,,,,,,,,,,,,,,,,39772.916666666664,40030.0,42134.416666666664,44022.416666666664,45960.916666666664,50260.833333333336,54802.75,64562.166666666664,80958.75,103812.0,116227.91666666667,126774.0,136881.75,132547.41666666666,120397.33333333333,124358.0,119784.66666666667,122090.25,123216.25,131209.41666666666,138051.75,143450.41666666666,149387.5,157376.08333333334,160958.75,165564.08333333334,182519.08333333334,200907.83333333334,207309.75,210680.91666666666,219471.0
262,E09000001,City of London,,,,,,,,,,,,,,,,,,,,,,,,,,,,97891.41666666667,104378.5,115702.5,146248.66666666666,169236.66666666666,216044.75,247606.58333333334,266384.1666666667,267549.25,297406.6666666667,308027.9166666667,334440.8333333333,428612.5833333333,422149.5,378799.25,448197.9166666667,458342.25,518999.5,563142.3333333334,700840.25,751095.0833333334,808458.1666666666,839508.9166666666,775501.75,786793.5,818156.5833333334,806737.8333333334,908257.75,883595.5833333334,822741.0833333334,797286.5
263,E09000002,Barking and Dagenham,,,,,,,,,,,,,,,,,,,,,,,,,,,,53265.416666666664,53162.666666666664,57537.583333333336,61969.666666666664,67145.33333333333,79715.5,91140.25,115356.25,146478.75,162593.66666666666,167923.33333333334,172541.41666666666,190074.33333333334,192589.66666666666,160816.41666666666,171212.66666666666,168030.75,170496.5,178586.0,206790.75,239980.58333333334,281570.1666666667,295771.0,303429.5,306536.0,309238.4166666667,317677.5833333333,342717.0,346955.3333333333,340722.9166666667,358275.0
264,E09000003,Barnet,,,,,,,,,,,,,,,,,,,,,,,,,,,,97365.08333333333,99707.0,113371.83333333333,129787.75,144261.08333333334,178148.75,196828.5,234147.08333333334,266463.5833333333,288357.9166666667,296425.25,309024.4166666667,346762.0833333333,350058.4166666667,317261.0,353351.9166666667,359556.75,380399.0,397522.25,456489.9166666667,507748.25,557868.3333333334,570959.0,565586.6666666666,552940.0833333334,557674.9166666666,589478.1666666666,631641.25,623843.1666666666,618029.1666666666,606886.0
265,E09000004,Bexley,,,,,,,,,,,,,,,,,,,,,,,,,,,,64289.75,65488.666666666664,70787.58333333333,80629.83333333333,86775.33333333333,103183.66666666667,116523.91666666667,136794.08333333334,164477.5,179136.33333333334,186506.91666666666,191825.66666666666,208080.25,210193.41666666666,189045.66666666666,200868.66666666666,200666.75,202540.75,213464.41666666666,244452.58333333334,274201.6666666667,321554.8333333333,335685.0833333333,342663.1666666667,336863.0833333333,343316.9166666667,369462.0,400681.1666666667,399864.75,400199.3333333333,406938.5
266,E09000005,Brent,,,,,,,,,,,,,,,,,,,,,,,,,,,,78737.41666666667,81116.08333333333,93529.0,108562.33333333333,120923.16666666667,151979.5,169580.25,200426.91666666666,233422.41666666666,254469.83333333334,260579.41666666666,273046.3333333333,309425.4166666667,315638.3333333333,285066.5,312193.5,322330.1666666667,338662.25,366201.25,425534.25,475414.1666666667,527723.8333333334,525820.1666666666,531462.4166666666,511690.0,525795.9166666666,528774.8333333334,562752.4166666666,559168.75,566718.3333333334,563924.0
267,E09000006,Bromley,,,,,,,,,,,,,,,,,,,,,,,,,,,,83382.91666666667,84990.33333333333,95852.0,110156.58333333333,122961.66666666667,150379.58333333334,164931.83333333334,189869.33333333334,219723.0,238511.75,243927.16666666666,254003.91666666666,282017.75,282523.6666666667,254225.0,275729.9166666667,279621.5,286895.5,301792.3333333333,353864.6666666667,392341.9166666667,435399.5833333333,448838.1666666667,451074.0833333333,443762.1666666667,442561.0,474885.8333333333,511376.3333333333,507577.8333333333,498777.9166666667,517075.5
268,E09000007,Camden,,,,,,,,,,,,,,,,,,,,,,,,,,,,119215.08333333333,132529.5,148705.5,169054.91666666666,189261.25,244748.75,275926.8333333333,311171.75,319961.0833333333,348479.4166666667,364818.5,391039.5,462019.6666666667,496424.8333333333,450275.5833333333,508307.8333333333,549085.4166666666,580554.25,661057.6666666666,749244.1666666666,779902.25,799391.8333333334,831311.8333333334,834124.1666666666,840037.5,825589.6666666666,830728.5833333334,855400.5,846942.75,841425.3333333334,824041.0
269,E09000008,Croydon,,,,,,,,,,,,,,,,,,,,,,,,,,,,69879.75,70681.41666666667,78752.16666666667,89366.25,98521.75,120425.41666666667,134347.91666666666,159201.66666666666,188362.08333333334,201344.33333333334,207243.83333333334,215054.83333333334,236908.16666666666,239273.5,206533.0,221673.66666666666,218416.91666666666,224895.16666666666,237693.08333333334,278641.1666666667,311325.0833333333,360784.75,377724.3333333333,375426.75,371015.1666666667,379844.9166666667,392932.75,413625.75,408826.4166666667,399465.25,412550.5
270,E09000009,Ealing,,,,,,,,,,,,,,,,,,,,,,,,,,,,86895.0,89217.91666666667,104641.25,119124.75,135103.83333333334,164023.91666666666,182085.0,212294.66666666666,237182.83333333334,257884.5,261985.58333333334,278391.75,314315.9166666667,315964.5,282495.5,313290.9166666667,323434.9166666667,340971.1666666667,361717.5833333333,427997.6666666667,468943.5,509738.75,518459.75,513639.0833333333,505143.1666666667,513270.9166666667,541091.9166666666,568789.0833333334,564822.4166666666,570780.3333333334,579827.0
271,E09000010,Enfield,,,,,,,,,,,,,,,,,,,,,,,,,,,,76454.66666666667,78661.41666666667,88802.0,98807.83333333333,108320.58333333333,129405.91666666667,144141.33333333334,169714.5,202408.0,218631.75,225748.41666666666,233175.75,259059.41666666666,261106.58333333334,235779.5,257164.33333333334,257019.83333333334,263047.9166666667,277850.75,312806.0833333333,356339.25,409429.8333333333,420517.4166666667,421192.3333333333,416810.5,421409.25,448723.5833333333,473171.5833333333,466647.5,465422.6666666667,473996.5
272,E09000011,Greenwich,,,,,,,,,,,,,,,,,,,,,,,,,,,,66935.0,68832.58333333333,76098.5,86092.91666666667,95962.0,116324.25,132857.0,155666.41666666666,180608.83333333334,197346.41666666666,207325.33333333334,218753.91666666666,241661.91666666666,244063.33333333334,222085.75,241881.08333333334,242119.66666666666,250234.91666666666,267571.5833333333,315037.75,350408.6666666667,393584.4166666667,413660.1666666667,410109.6666666667,415204.25,419337.1666666667,441640.75,471894.1666666667,457826.25,473295.1666666667,474179.0
273,E09000012,Hackney,,,,,,,,,,,,,,,,,,,,,,,,,,,,68263.58333333333,71596.0,80827.91666666667,90849.41666666667,109111.83333333333,137228.58333333334,158608.58333333334,186382.91666666666,207890.25,225058.83333333334,235666.83333333334,261842.91666666666,300244.75,322343.5,291812.25,310681.3333333333,319167.0833333333,336530.75,385306.9166666667,471865.5833333333,523985.6666666667,555982.5,567623.6666666666,563115.0,573727.5833333334,602660.5,593447.9166666666,612831.5833333334,613641.6666666666,614318.25,605515.5
274,E09000013,Hammersmith and Fulham,,,,,,,,,,,,,,,,,,,,,,,,,,,,127638.91666666667,136760.58333333334,157141.5,181602.5,206004.25,256096.33333333334,281629.4166666667,313260.3333333333,330190.5,355643.5,375523.75,411784.75,491072.5833333333,491908.6666666667,451007.1666666667,520193.0,537092.6666666666,587333.0833333334,654081.8333333334,746851.1666666666,788004.0833333334,782062.8333333334,783930.1666666666,751642.0,743428.0,752941.0,791620.0,801960.6666666666,857740.4166666666,815964.4166666666,753532.0
275,E09000014,Haringey,,,,,,,,,,,,,,,,,,,,,,,,,,,,86071.41666666667,90825.41666666667,102571.75,115459.08333333333,129070.5,156923.33333333334,177484.91666666666,210454.91666666666,236808.58333333334,253947.0,264217.6666666667,283672.5,328373.5833333333,326102.0833333333,296885.6666666667,338015.25,350900.8333333333,365107.8333333333,400091.25,468423.1666666667,516606.5833333333,567167.5833333334,599015.25,592830.5833333334,587049.0833333334,598951.5833333334,591868.8333333334,617836.8333333334,624855.3333333334,615706.4166666666,638112.0
276,E09000015,Harrow,,,,,,,,,,,,,,,,,,,,,,,,,,,,85457.66666666667,87920.75,101791.41666666667,117441.83333333333,129627.41666666667,156033.08333333334,174201.08333333334,207384.25,237996.0,258146.5,261258.08333333334,271607.9166666667,300302.75,301487.8333333333,269140.1666666667,298945.9166666667,303357.8333333333,311980.4166666667,326809.75,369168.4166666667,418086.5833333333,464394.75,481688.1666666667,476714.0833333333,459713.5,465963.75,500739.0,532244.0,523028.6666666667,523812.25,535484.0
277,E09000016,Havering,,,,,,,,,,,,,,,,,,,,,,,,,,,,69265.08333333333,70347.33333333333,77313.66666666667,86835.75,94228.08333333333,111009.83333333333,125859.41666666667,151214.16666666666,181699.0,198816.83333333334,206987.83333333334,214362.16666666666,236900.58333333334,234809.5,208930.33333333334,223589.66666666666,222722.83333333334,224795.5,229692.0,263003.5833333333,296050.5833333333,346729.9166666667,365674.1666666667,375640.0,369890.4166666667,374571.9166666667,389884.0833333333,420892.0,424336.75,420825.3333333333,442025.0
278,E09000017,Hillingdon,,,,,,,,,,,,,,,,,,,,,,,,,,,,75737.66666666667,77788.91666666667,88256.58333333333,100300.58333333333,111852.25,134963.83333333334,149197.75,176772.66666666666,208154.5,221491.91666666666,228889.16666666666,237622.83333333334,260659.33333333334,262447.5833333333,234409.58333333334,254655.0,258547.16666666666,267475.5,277865.5833333333,313998.3333333333,362226.5833333333,411560.8333333333,424699.6666666667,421291.0833333333,415215.5833333333,420906.8333333333,437545.5,464367.25,462329.9166666667,458682.1666666667,476766.5
279,E09000018,Hounslow,,,,,,,,,,,,,,,,,,,,,,,,,,,,82847.0,83920.91666666667,96015.83333333333,113291.91666666667,127293.75,155179.08333333334,174485.75,198915.91666666666,225185.91666666666,245137.41666666666,253194.5,269236.0,295568.4166666667,298654.5833333333,268325.3333333333,292412.0,300539.6666666667,304347.9166666667,330038.75,368597.8333333333,399164.75,438945.0833333333,455349.0,450570.6666666667,456357.3333333333,468878.1666666667,477846.1666666667,507087.1666666667,516439.8333333333,515803.0,526979.5
280,E09000019,Islington,,,,,,,,,,,,,,,,,,,,,,,,,,,,95617.66666666667,97133.25,115627.33333333333,134236.75,155691.58333333334,192760.0,219962.16666666666,247923.33333333334,262256.75,286134.25,295275.1666666667,319853.75,385917.75,387045.4166666667,345510.1666666667,398315.4166666667,424381.25,442379.3333333333,496090.5,585554.0833333334,643568.5,642557.1666666666,650539.9166666666,649957.6666666666,633900.25,661645.25,679635.6666666666,693094.75,694025.75,703350.1666666666,659796.0
281,E09000020,Kensington and Chelsea,,,,,,,,,,,,,,,,,,,,,,,,,,,,208670.66666666666,224142.66666666666,266880.25,290353.6666666667,336993.1666666667,407698.25,454578.1666666667,498131.75,498248.8333333333,554183.5833333334,562860.8333333334,647041.4166666666,807903.3333333334,849187.4166666666,763009.75,905971.0,983063.1666666666,1091782.0,1218946.5833333333,1394049.0833333333,1408869.1666666667,1380880.5833333333,1454785.8333333333,1475627.75,1337299.5,1428848.1666666667,1454001.3333333333,1565767.75,1476107.8333333333,1367219.0833333333,1191643.0
282,E09000021,Kingston upon Thames,,,,,,,,,,,,,,,,,,,,,,,,,,,,87251.91666666667,91653.33333333333,105176.33333333333,122600.41666666667,136606.08333333334,171478.66666666666,188348.66666666666,213924.41666666666,240441.0,259551.33333333334,264535.5,278766.0833333333,322542.5833333333,326931.5833333333,280985.4166666667,320520.9166666667,328698.5,341868.0,364157.0,427740.0,461335.25,509080.8333333333,518544.6666666667,523508.6666666667,512570.5,516849.75,537187.25,581384.1666666666,584057.4166666666,573219.25,580149.5
283,E09000022,Lambeth,,,,,,,,,,,,,,,,,,,,,,,,,,,,72908.08333333333,77552.83333333333,91961.83333333333,110455.0,124840.0,158478.25,176297.91666666666,203881.25,217718.83333333334,237536.0,244991.08333333334,267781.8333333333,319266.0833333333,316312.25,286189.3333333333,318123.5,325469.3333333333,350558.0833333333,388561.1666666667,464203.0833333333,504871.1666666667,550848.0833333334,555067.1666666666,547657.75,543658.9166666666,563965.5833333334,572107.9166666666,582044.25,580491.9166666666,565312.8333333334,568292.5
284,E09000023,Lewisham,,,,,,,,,,,,,,,,,,,,,,,,,,,,62483.75,63550.083333333336,70197.25,80159.75,89876.16666666667,113633.25,128755.5,152558.33333333334,181339.0,195317.83333333334,202543.75,214741.0,243704.0,245431.66666666666,224233.91666666666,239381.91666666666,241965.75,255288.41666666666,276770.0,335131.6666666667,376769.25,427279.75,436193.9166666667,436704.4166666667,433623.9166666667,448144.3333333333,455987.6666666667,469832.75,471261.0,474182.0833333333,498220.5
285,E09000024,Merton,,,,,,,,,,,,,,,,,,,,,,,,,,,,86053.66666666667,89793.33333333333,102300.66666666667,115503.16666666667,130310.25,162063.33333333334,178569.08333333334,209215.16666666666,235597.25,254523.08333333334,263239.5833333333,274792.9166666667,318404.9166666667,321415.3333333333,290333.3333333333,320693.5833333333,327175.6666666667,338592.0,368311.4166666667,448947.1666666667,489274.8333333333,534776.3333333334,547517.0,548080.4166666666,539639.5,560279.4166666666,578400.5,601244.8333333334,605562.4166666666,604124.5,614236.0
286,E09000025,Newham,,,,,,,,,,,,,,,,,,,,,,,,,,,,57020.333333333336,58245.75,63704.5,70704.5,77865.91666666667,97050.91666666667,113638.25,143616.91666666666,175987.41666666666,194003.41666666666,202231.0,212396.83333333334,236536.25,231708.83333333334,196653.83333333334,213631.83333333334,216971.91666666666,222364.25,232770.41666666666,269890.8333333333,310895.8333333333,363553.5833333333,378363.5,375275.4166666667,380270.0,390534.3333333333,403361.0,419919.75,423232.5,429915.0,415799.0
287,E09000026,Redbridge,,,,,,,,,,,,,,,,,,,,,,,,,,,,71293.33333333333,74022.25,81893.41666666667,92838.33333333333,101114.83333333333,122173.33333333333,139076.5,166364.41666666666,199961.75,218964.16666666666,222452.5,235478.25,262203.75,259740.0,228636.0,247859.25,257319.75,261196.08333333334,269951.0,298768.25,337698.1666666667,384888.1666666667,403023.5833333333,415004.3333333333,404029.6666666667,415485.3333333333,444117.6666666667,467713.6666666667,464636.4166666667,471501.25,492250.5
288,E09000027,Richmond upon Thames,,,,,,,,,,,,,,,,,,,,,,,,,,,,116573.75,124440.33333333333,144964.91666666666,172864.0,192824.33333333334,241720.66666666666,256006.58333333334,288208.4166666667,312053.8333333333,335787.0833333333,343295.3333333333,369685.6666666667,435334.3333333333,434280.25,391849.25,445625.0833333333,460957.4166666667,482602.6666666667,522036.9166666667,612140.75,656400.3333333334,693510.3333333334,705734.6666666666,691932.9166666666,688086.0833333334,722591.4166666666,742361.0833333334,790449.5833333334,790455.9166666666,781805.8333333334,789950.0
289,E09000028,Southwark,,,,,,,,,,,,,,,,,,,,,,,,,,,,74171.08333333333,80931.91666666667,92022.41666666667,105503.08333333333,127274.58333333333,164209.16666666666,189855.83333333334,213168.91666666666,230366.66666666666,250358.08333333334,258606.41666666666,280201.9166666667,334345.0833333333,336128.75,301429.75,339244.75,360744.0,382195.1666666667,416390.1666666667,493744.0,540029.0833333334,589042.25,595450.5833333334,581994.0833333334,575881.9166666666,590757.5,562783.5,582157.75,578826.75,575773.6666666666,583095.0
290,E09000029,Sutton,,,,,,,,,,,,,,,,,,,,,,,,,,,,71061.58333333333,72437.16666666667,81982.83333333333,93096.0,101975.41666666667,127332.25,139421.58333333334,164307.75,189874.08333333334,204041.08333333334,211843.58333333334,218088.0,244083.91666666666,245361.75,214442.33333333334,236048.16666666666,235580.41666666666,241459.66666666666,254764.5,294322.6666666667,326471.1666666667,369306.5,381055.4166666667,383451.0833333333,375669.5,382900.0,407876.1666666667,439056.1666666667,439402.4166666667,433882.0,447290.5
291,E09000030,Tower Hamlets,,,,,,,,,,,,,,,,,,,,,,,,,,,,69873.33333333333,76945.25,94141.16666666667,105937.0,124082.66666666667,155096.41666666666,178388.33333333334,205592.91666666666,228220.66666666666,241486.91666666666,247680.5,266785.5,315239.25,327127.0,283487.75,310382.75,315337.75,313351.25,339255.75,419599.5833333333,463181.8333333333,501806.4166666667,504166.25,490142.3333333333,481511.75,511605.1666666667,544681.4166666666,545214.75,506483.75,504115.9166666667,503170.5
292,E09000031,Waltham Forest,,,,,,,,,,,,,,,,,,,,,,,,,,,,63274.416666666664,64201.0,70449.5,78016.75,86549.83333333333,106384.16666666667,122711.58333333333,152959.08333333334,180774.25,197606.75,203660.33333333334,216533.33333333334,244731.91666666666,240466.5,211605.33333333334,229331.33333333334,228095.5,238236.25,262541.0833333333,325185.0,369149.9166666667,426596.5,450311.25,455237.75,444747.25,465919.3333333333,480353.5,499446.1666666667,502304.5833333333,504371.4166666667,520699.5
293,E09000032,Wandsworth,,,,,,,,,,,,,,,,,,,,,,,,,,,,101916.5,105864.25,124035.91666666667,143883.16666666666,166752.75,211425.33333333334,235408.91666666666,267105.1666666667,290667.8333333333,311672.25,326050.9166666667,356755.4166666667,426896.1666666667,417419.1666666667,390520.5,429661.6666666667,443099.5,469708.25,524793.9166666666,624738.9166666666,657066.3333333334,698427.3333333334,708960.4166666666,684534.75,674533.4166666666,700042.0833333334,682040.3333333334,739389.1666666666,713404.75,720405.0833333334,706866.5
294,E09000033,City of Westminster,,,,,,,,,,,,,,,,,,,,,,,,,,,,142123.08333333334,147969.41666666666,175884.66666666666,202551.66666666666,227545.58333333334,276925.4166666667,314785.25,361047.5833333333,386395.3333333333,403329.5,424580.1666666667,464424.4166666667,546879.25,574274.75,565664.3333333334,644971.9166666666,672415.5833333334,740891.5,839807.8333333334,980910.9166666666,1025497.5,1058347.0833333333,1131942.75,1084204.5833333333,1013009.1666666666,1022381.4166666666,1083783.9166666667,1155571.3333333333,1148411.75,1067979.25,936590.5
295,E10000003,Cambridgeshire,,,,,,,,,,,,,,,,,,,,,,,,,,,,57543.5,57616.583333333336,63231.083333333336,70807.08333333333,76265.0,89926.41666666667,102603.91666666667,122795.33333333333,145337.41666666666,162951.5,172591.0,183504.91666666666,200234.0,193896.91666666666,175306.16666666666,189153.91666666666,189221.75,194238.75,201719.16666666666,219846.5,241906.41666666666,264935.0833333333,281242.5833333333,288674.5,287832.6666666667,289938.0833333333,302266.9166666667,331693.1666666667,334808.4166666667,330390.1666666667,341842.5
296,E10000007,Derbyshire,,,,,,,,,,,,,,,,,,,,,,,,,,,,43794.583333333336,44016.5,46327.333333333336,48290.333333333336,51100.833333333336,55857.0,62785.666666666664,73654.75,96146.08333333333,117950.41666666667,130611.41666666667,138431.08333333334,147375.83333333334,142036.58333333334,129032.5,133830.0,130282.0,132016.83333333334,132601.33333333334,141524.25,147512.58333333334,155255.25,163106.5,170425.91666666666,174287.08333333334,179943.75,197045.91666666666,215698.08333333334,222165.0,223274.33333333334,234740.5
297,E10000008,Devon,,,,,,,,,,,,,,,,,,,,,,,,,,,,54955.333333333336,55250.916666666664,60318.666666666664,65652.0,71763.5,84812.83333333333,97931.08333333333,122274.0,150391.91666666666,176080.33333333334,187009.75,196624.91666666666,213297.25,208070.91666666666,189056.75,203418.16666666666,200108.91666666666,201452.25,202459.41666666666,212186.25,221954.08333333334,229895.41666666666,238892.41666666666,248253.83333333334,254248.16666666666,259289.25,278605.9166666667,311339.9166666667,314976.4166666667,309511.1666666667,314816.0
298,E10000011,East Sussex,,,,,,,,,,,,,,,,,,,,,,,,,,,,54048.666666666664,54328.083333333336,60540.583333333336,68127.83333333333,75194.5,90472.16666666667,102530.58333333333,124228.25,151277.25,167810.0,177669.5,183850.66666666666,202296.66666666666,199569.83333333334,176820.5,191349.5,188241.75,191370.16666666666,195812.08333333334,210814.16666666666,226056.75,249118.66666666666,261945.33333333334,271151.6666666667,274346.25,276586.25,301781.5833333333,336790.4166666667,333927.0,325729.1666666667,323149.5
299,E10000012,Essex,,,,,,,,,,,,,,,,,,,,,,,,,,,,59415.833333333336,59586.5,65560.33333333333,73204.0,79586.91666666667,95447.83333333333,108888.33333333333,132547.08333333334,160626.41666666666,179197.41666666666,187163.83333333334,195947.75,212373.41666666666,209253.16666666666,185489.66666666666,201128.33333333334,200796.5,203094.5,208216.25,227651.83333333334,250556.58333333334,280826.5833333333,303210.0,310646.6666666667,309849.1666666667,312551.6666666667,327902.75,358082.3333333333,358702.8333333333,352682.6666666667,359309.0
300,E10000013,Gloucestershire,,,,,,,,,,,,,,,,,,,,,,,,,,,,55369.416666666664,56597.583333333336,61742.25,67566.41666666667,74741.25,88348.33333333333,99711.83333333333,119609.75,142899.58333333334,162177.25,172489.08333333334,182815.91666666666,196970.41666666666,187530.66666666666,166552.08333333334,181529.83333333334,178954.91666666666,182113.16666666666,184692.5,197563.16666666666,208310.33333333334,223559.0,236275.33333333334,247082.25,251357.08333333334,258970.25,273733.3333333333,303351.0833333333,310791.5,313288.25,317775.0
301,E10000014,Hampshire,,,,,,,,,,,,,,,,,,,,,,,,,,,,67025.0,68320.08333333333,76946.66666666667,86109.25,94236.0,113298.75,127977.58333333333,149847.58333333334,175953.33333333334,190493.75,197644.41666666666,205519.33333333334,225322.66666666666,221064.75,198859.0,217325.16666666666,218173.41666666666,220765.91666666666,224845.75,244226.08333333334,264217.0,288256.3333333333,304562.0,310465.0,308127.3333333333,312901.8333333333,331295.9166666667,363415.5833333333,365689.0,359442.4166666667,363276.5
302,E10000015,Hertfordshire,,,,,,,,,,,,,,,,,,,,,,,,,,,,75293.91666666667,76683.0,86892.91666666667,99956.16666666667,110095.08333333333,132895.66666666666,148564.91666666666,174123.41666666666,203831.5,220744.25,227774.08333333334,238235.58333333334,261922.41666666666,259544.0,235891.25,257352.33333333334,261376.41666666666,266687.4166666667,275123.1666666667,306815.3333333333,342692.5,390105.9166666667,407017.5833333333,411088.8333333333,404260.5833333333,409151.1666666667,428042.6666666667,456688.6666666667,455857.25,452755.5,463028.5
303,E10000016,Kent,,,,,,,,,,,,,,,,,,,,,,,,,,,,58118.666666666664,59199.833333333336,65037.333333333336,71916.08333333333,78611.83333333333,93864.0,105837.83333333333,126236.83333333333,152305.75,172571.75,180994.83333333334,190570.91666666666,207056.75,203429.5,181134.5,195335.25,192444.91666666666,195255.91666666666,201770.91666666666,221101.66666666666,240140.91666666666,267011.9166666667,283535.0833333333,295650.8333333333,295687.5833333333,300708.5,318355.3333333333,348878.1666666667,350191.8333333333,341046.1666666667,351955.0
304,E10000017,Lancashire,,,,,,,,,,,,,,,,,,,,,,,,,,,,42018.666666666664,41331.25,42924.5,44166.416666666664,45564.416666666664,48141.5,51226.5,58399.333333333336,73227.08333333333,95770.5,112620.33333333333,124473.08333333333,137445.83333333334,133698.33333333334,121482.08333333333,124669.0,120299.41666666667,118757.58333333333,117706.66666666667,121297.5,124426.33333333333,128869.41666666667,133188.5,136493.66666666666,138381.91666666666,142502.5,157792.83333333334,172106.83333333334,176359.58333333334,180243.66666666666,185144.0
305,E10000018,Leicestershire,,,,,,,,,,,,,,,,,,,,,,,,,,,,52198.916666666664,53251.833333333336,57086.333333333336,60745.25,64992.916666666664,73047.16666666667,82122.33333333333,99865.33333333333,126284.16666666667,146851.66666666666,157042.91666666666,163164.0,174689.58333333334,167805.16666666666,150245.08333333334,159765.25,158734.66666666666,158535.08333333334,160433.58333333334,172441.08333333334,181251.91666666666,191361.16666666666,203777.16666666666,216658.83333333334,222519.66666666666,229172.33333333334,245097.33333333334,269165.9166666667,273363.1666666667,272627.25,283742.0
306,E10000019,Lincolnshire,,,,,,,,,,,,,,,,,,,,,,,,,,,,41759.166666666664,42137.916666666664,44653.333333333336,47203.916666666664,50029.166666666664,55538.5,62627.25,77784.5,101112.08333333333,120557.75,130682.75,137309.0,147197.0,140932.66666666666,126645.41666666667,132864.66666666666,130067.25,129503.58333333333,132040.0,139669.08333333334,146959.16666666666,156073.91666666666,164940.58333333334,173253.58333333334,176693.91666666666,178767.83333333334,195243.83333333334,216317.91666666666,217308.08333333334,214190.33333333334,219851.5
307,E10000020,Norfolk,,,,,,,,,,,,,,,,,,,,,,,,,,,,46340.166666666664,45873.583333333336,49841.75,53695.0,58302.833333333336,69223.25,79833.91666666667,99110.0,119977.25,137484.16666666666,148016.08333333334,156839.66666666666,172315.41666666666,165375.41666666666,147898.5,158208.16666666666,154703.25,157488.33333333334,161070.25,173432.5,184959.0,199666.91666666666,211982.75,220499.41666666666,223431.41666666666,228214.58333333334,244706.08333333334,271938.6666666667,272697.6666666667,266912.5,275486.5
308,E10000024,Nottinghamshire,,,,,,,,,,,,,,,,,,,,,,,,,,,,44297.166666666664,44288.833333333336,46559.5,48759.25,51439.166666666664,56275.416666666664,63033.916666666664,77000.16666666667,99668.91666666667,119164.75,129698.58333333333,134488.16666666666,140827.5,134905.5,122678.33333333333,128933.33333333333,125591.08333333333,126015.16666666667,128107.58333333333,135103.0,142787.33333333334,151356.0,159094.91666666666,167244.66666666666,171143.83333333334,178077.75,195792.5,216444.83333333334,220482.16666666666,222205.0,230332.0
309,E10000025,Oxfordshire,,,,,,,,,,,,,,,,,,,,,,,,,,,,72657.75,74797.08333333333,84446.16666666667,97266.91666666667,109093.25,132418.41666666666,145807.58333333334,168841.5,194324.75,208455.66666666666,217768.08333333334,232634.91666666666,255848.0,248535.41666666666,226441.08333333334,250730.91666666666,249472.91666666666,257658.83333333334,267862.5833333333,290438.75,316867.9166666667,340244.0,349711.4166666667,352732.9166666667,348242.0,358361.3333333333,369213.1666666667,397920.0,404102.0,405036.0833333333,422736.0
310,E10000028,Staffordshire,,,,,,,,,,,,,,,,,,,,,,,,,,,,47208.333333333336,47745.666666666664,51062.833333333336,54578.666666666664,57693.083333333336,63574.083333333336,70562.41666666667,83665.58333333333,104552.33333333333,126265.91666666667,139968.75,147357.25,155930.0,153007.25,138561.66666666666,144885.41666666666,141773.91666666666,141145.58333333334,143704.91666666666,150478.5,157483.33333333334,164658.91666666666,173049.91666666666,180168.5,184192.33333333334,190895.75,205305.25,226126.16666666666,230367.08333333334,233116.16666666666,241033.5
311,E10000029,Suffolk,,,,,,,,,,,,,,,,,,,,,,,,,,,,50564.25,50759.833333333336,54715.166666666664,59646.166666666664,66012.16666666667,76881.83333333333,88112.75,108044.83333333333,129117.08333333333,148416.83333333334,157533.08333333334,165327.91666666666,181642.58333333334,175985.58333333334,155826.58333333334,169939.41666666666,168072.08333333334,170929.16666666666,173801.58333333334,187468.5,201450.91666666666,217995.66666666666,233182.5,240969.33333333334,242591.83333333334,246416.83333333334,262023.58333333334,288382.5833333333,287729.5,283286.1666666667,287888.0
312,E10000030,Surrey,,,,,,,,,,,,,,,,,,,,,,,,,,,,91106.25,93343.33333333333,106902.33333333333,124042.0,138369.33333333334,168031.25,186131.75,212680.08333333334,238890.08333333334,253296.16666666666,262004.25,277532.75,310425.1666666667,307779.3333333333,273460.4166666667,306338.5,306986.5833333333,317332.0,330062.25,368898.1666666667,405031.75,442553.3333333333,452075.1666666667,455357.8333333333,450084.4166666667,458977.4166666667,479777.5833333333,517592.9166666667,519327.4166666667,513900.5,523867.0
313,E10000031,Warwickshire,,,,,,,,,,,,,,,,,,,,,,,,,,,,58830.333333333336,59259.083333333336,65198.166666666664,71777.16666666667,77728.41666666667,87838.41666666667,97372.91666666667,113743.0,136541.58333333334,158354.33333333334,171313.25,177755.75,187843.83333333334,181972.91666666666,164386.58333333334,176431.58333333334,175889.08333333334,177934.83333333334,182016.33333333334,196362.58333333334,208589.5,223211.66666666666,234658.08333333334,245663.41666666666,247832.25,251931.91666666666,266332.5833333333,288258.0833333333,295041.75,294392.3333333333,305958.0
314,E10000032,West Sussex,,,,,,,,,,,,,,,,,,,,,,,,,,,,64636.0,65414.75,73704.58333333333,84115.83333333333,93476.58333333333,113759.33333333333,127863.16666666667,150138.83333333334,177850.41666666666,196536.83333333334,203349.75,212372.83333333334,235301.91666666666,232820.25,203862.75,225428.0,222721.16666666666,227890.0,235622.08333333334,257481.58333333334,279500.5,303711.0833333333,317277.3333333333,325463.6666666667,322920.0,326744.0,344213.9166666667,376515.9166666667,378404.8333333333,371695.25,381856.5
315,E10000034,Worcestershire,,,,,,,,,,,,,,,,,,,,,,,,,,,,56554.916666666664,57855.5,62979.666666666664,67921.16666666667,73025.5,83602.08333333333,93610.33333333333,111785.91666666667,135487.75,157034.0,168732.66666666666,176291.83333333334,187686.0,181011.16666666666,162453.33333333334,171127.58333333334,170595.25,169943.5,172530.58333333334,182318.66666666666,190904.0,203395.5,214258.5,224242.0,228351.0,233065.41666666666,249625.25,274231.5,278858.6666666667,280783.0833333333,282570.0
316,E11000001,Greater Manchester,,,,,,,,,,,,,,,,,,,,,,,,,,,,38376.416666666664,38250.166666666664,40005.75,41816.0,43391.166666666664,46892.416666666664,51669.166666666664,59974.25,74027.58333333333,94977.75,111136.91666666667,121978.58333333333,132458.75,128777.08333333333,114851.0,117673.41666666667,114391.66666666667,114145.83333333333,115325.5,122045.66666666667,128763.33333333333,137953.25,147450.5,154871.08333333334,160932.58333333334,167812.25,191004.08333333334,212646.41666666666,216807.08333333334,223551.0,230947.5
317,E11000002,Merseyside,,,,,,,,,,,,,,,,,,,,,,,,,,,,39025.916666666664,39372.416666666664,40466.166666666664,41327.666666666664,44122.5,47097.0,52192.5,59577.833333333336,72613.25,99251.25,114176.83333333333,123965.5,131045.08333333333,126908.41666666667,115454.33333333333,118003.0,113708.91666666667,112072.16666666667,111447.08333333333,115785.25,118587.0,123936.25,129958.41666666667,134479.41666666666,137738.83333333334,141404.33333333334,160929.91666666666,176363.58333333334,180394.75,184622.41666666666,192448.5
318,E11000003,South Yorkshire,,,,,,,,,,,,,,,,,,,,,,,,,,,,37172.916666666664,37109.583333333336,38529.833333333336,39708.916666666664,41451.166666666664,43843.25,46520.416666666664,54709.416666666664,70146.08333333333,92355.16666666667,106515.25,116046.75,124532.25,121395.16666666667,109582.16666666667,112144.08333333333,108556.0,108631.25,108887.66666666667,114067.0,117581.83333333333,122785.08333333333,127215.91666666667,132191.83333333334,136239.41666666666,140689.25,156815.91666666666,172392.08333333334,176304.5,180471.33333333334,186438.5
319,E11000005,West Midlands,,,,,,,,,,,,,,,,,,,,,,,,,,,,44019.583333333336,44296.0,46923.25,49459.166666666664,52569.583333333336,58173.833333333336,65811.33333333333,78591.58333333333,99441.08333333333,118128.16666666667,127452.08333333333,133967.58333333334,141212.75,136088.08333333334,122965.75,129118.83333333333,125313.75,125502.66666666667,127945.08333333333,134806.5,141377.25,152229.5,162590.25,172377.5,177283.33333333334,181148.33333333334,199348.0,218740.75,223234.75,224641.41666666666,231092.0
320,E11000006,West Yorkshire,,,,,,,,,,,,,,,,,,,,,,,,,,,,42622.75,42436.5,43886.166666666664,45004.416666666664,46358.666666666664,49637.166666666664,53938.083333333336,62783.083333333336,79290.5,100213.5,116325.08333333333,126978.83333333333,137569.0,133425.83333333334,120076.16666666667,124366.33333333333,120505.41666666667,118572.16666666667,118413.41666666667,124383.83333333333,129548.25,136859.33333333334,141991.83333333334,146954.58333333334,150276.41666666666,155381.16666666666,171459.66666666666,186570.16666666666,190743.91666666666,196173.08333333334,204047.5
321,E11000007,Tyne and Wear,,,,,,,,,,,,,,,,,,,,,,,,,,,,39739.0,39591.0,41373.583333333336,43454.75,45142.916666666664,47493.083333333336,51731.833333333336,62057.583333333336,80996.58333333333,105167.91666666667,116635.75,125692.33333333333,133698.0,128874.83333333333,116915.08333333333,119440.0,114350.75,113631.08333333333,114603.66666666667,118525.33333333333,122096.16666666667,126170.41666666667,128236.83333333333,131213.91666666666,132098.33333333334,133731.58333333334,145515.75,155863.66666666666,159765.66666666666,161318.5,169509.0
322,E12000001,North East,,,,,,,,,,,,,,,,,,,,,,,,,39456.333333333336,40207.25,41312.75,40008.75,40045.333333333336,41542.916666666664,42937.333333333336,44466.333333333336,46652.75,49846.416666666664,58529.166666666664,75436.41666666667,98411.16666666667,111904.41666666667,121297.58333333333,128960.58333333333,123933.0,114436.58333333333,116012.33333333333,111098.75,110074.33333333333,109677.5,112179.25,114777.58333333333,117724.08333333333,119773.41666666667,121422.16666666667,121669.16666666667,123916.5,137431.75,148133.91666666666,149708.08333333334,152839.75,160107.5
323,E12000002,North West,,,,,,,,,,,,,,,,,,,,,,,,,,,,40878.75,40879.083333333336,42690.75,44360.916666666664,46664.5,50112.25,54947.333333333336,63958.333333333336,79438.16666666667,102698.83333333333,117584.75,128087.75,138197.33333333334,132234.83333333334,121089.58333333333,123953.16666666667,120239.66666666667,119378.0,119967.66666666667,125527.75,130207.0,137136.0,144015.33333333334,149200.41666666666,153006.58333333334,158970.66666666666,177965.25,195741.25,198163.33333333334,204115.41666666666,211216.5
324,E12000003,Yorkshire and The Humber,2571.6666666666665,2698.75,2816.5,3069.75,3765.0,5415.5,6260.25,6870.0,7654.25,8210.5,9287.5,11618.75,14257.0,16032.25,16064.5,18039.5,19180.5,20464.0,22104.0,24011.25,28781.0,39720.75,43156.25,44785.75,43968.5,44916.5,44320.75,42260.666666666664,42186.833333333336,43601.75,44855.333333333336,46581.5,49993.583333333336,54477.583333333336,65055.5,82474.08333333333,104472.16666666667,118462.66666666667,128839.5,138773.75,133006.58333333334,122110.25,126262.75,122764.58333333333,121940.0,122567.75,128395.75,133532.83333333334,140258.83333333334,145722.0,150530.33333333334,153801.08333333334,159281.0,175033.83333333334,191155.83333333334,192742.5,197820.75,203866.0
325,E12000004,East Midlands,2977.3333333333335,3023.0,3153.75,3470.5,4464.75,6616.0,7226.25,7781.25,8387.25,8965.5,10154.5,12836.25,15867.0,17079.5,17665.75,19492.25,21394.0,22978.75,25395.5,28702.0,37268.25,47463.75,47571.5,46568.0,45080.25,43954.0,44976.5,43986.916666666664,44449.416666666664,47427.25,50281.25,53764.166666666664,59930.0,67647.16666666667,83216.75,106061.08333333333,125674.66666666667,134854.58333333334,141114.08333333334,150050.0,141558.41666666666,129146.91666666667,135330.25,132888.16666666666,133491.66666666666,136368.08333333334,145584.33333333334,153653.83333333334,163698.0,173556.0,182655.33333333334,185853.33333333334,192310.66666666666,209216.16666666666,230580.33333333334,232440.08333333334,233508.08333333334,240677.0
326,E12000005,West Midlands Region,3210.3333333333335,3414.0,3472.75,3736.75,4806.5,6853.5,7629.5,8120.25,8808.25,9538.0,11085.75,14130.75,16790.0,17427.5,17779.5,19294.0,20552.5,21516.75,23572.25,26791.25,37002.5,47143.0,47956.75,47908.75,46604.5,45776.0,46223.0,47332.583333333336,47924.916666666664,51359.583333333336,54499.25,58368.583333333336,64994.166666666664,72945.33333333333,87433.58333333333,108473.08333333333,129177.75,139326.5,146969.66666666666,155610.41666666666,148607.25,136160.08333333334,142901.83333333334,139292.58333333334,139801.0,142526.08333333334,150337.0,157554.91666666666,167809.0,177159.91666666666,185871.08333333334,189435.41666666666,195164.58333333334,212188.91666666666,232898.33333333334,235815.66666666666,238841.66666666666,245345.5
327,E12000006,East of England,,,,,,,,,,,,,,,,,,,,,,,,,56439.0,55118.0,55960.0,55707.5,56200.75,62261.5,68987.75,75951.75,90382.58333333333,102976.16666666667,125800.41666666667,149634.08333333334,167542.0,175264.75,184915.33333333334,201608.0,193335.5,175498.66666666666,189337.91666666666,188125.75,191567.66666666666,197269.75,216116.83333333334,237207.16666666666,263718.5833333333,280397.3333333333,287488.9166666667,286451.3333333333,291010.1666666667,307257.0833333333,335998.0,333809.4166666667,331264.1666666667,338437.0
328,E12000007,London,4784.0,4912.25,5419.5,6250.5,9075.25,11589.0,11818.75,12096.0,12954.0,13853.0,16623.5,22225.25,26948.75,27847.25,28273.25,31760.0,36828.25,41828.75,51356.75,63315.5,79171.0,85390.75,84118.25,80651.75,73062.5,72760.75,76235.5,79993.08333333333,83681.16666666667,96289.75,109314.83333333333,123848.33333333333,152025.58333333334,170459.75,200617.08333333334,225994.58333333334,244743.41666666666,251932.5,269009.75,307370.8333333333,302922.6666666667,276046.1666666667,304618.5,311050.5,325370.4166666667,352391.6666666667,413366.75,455128.75,500486.75,514130.1666666667,511558.0833333333,504314.3333333333,517773.25,535453.6666666666,565955.4166666666,558023.75,555838.0833333334,558849.0
329,E12000008,South East,,,,,,,,,,,,,,,,,,,,,,,,,63999.666666666664,61645.5,64334.5,64965.083333333336,66606.33333333333,75510.25,85114.58333333333,94911.08333333333,114718.75,128893.91666666667,152415.83333333334,176495.75,193455.66666666666,200485.16666666666,211523.16666666666,232912.08333333334,223987.5,203161.16666666666,222140.08333333334,220531.5,225420.58333333334,233117.41666666666,256118.83333333334,279031.1666666667,306045.8333333333,319930.25,325867.5833333333,323441.5833333333,329554.75,348428.1666666667,381020.25,379221.5,376116.1666666667,385179.5
330,E12000009,South West,3429.3333333333335,3624.5,3829.75,4343.25,6165.75,8681.5,9251.5,9523.25,10252.5,10745.25,12485.5,16474.5,20469.0,21151.75,21957.75,24283.5,26131.5,28595.75,32959.5,38730.0,53258.0,62889.0,56999.25,54988.75,51977.75,49694.25,51316.5,52325.083333333336,53444.416666666664,58864.583333333336,64687.583333333336,72103.25,85736.58333333333,97298.41666666667,119703.25,143866.33333333334,164829.0,172723.58333333334,183168.58333333334,199543.08333333334,188569.5,172595.08333333334,185350.08333333334,182434.66666666666,184115.83333333334,187558.83333333334,199428.33333333334,211362.08333333334,225124.5,236673.33333333334,245513.33333333334,246748.16666666666,254571.58333333334,272328.0833333333,303884.75,303559.3333333333,302305.6666666667,307197.5
331,E13000001,Inner London,,,,,,,,,,,,,,,,,,,,,,,,,,,,86524.25,91936.83333333333,106750.5,122483.0,140341.0,175747.91666666666,199410.5,230515.83333333334,253432.0,273619.0,284131.6666666667,308443.0833333333,363343.3333333333,367989.5833333333,333804.6666666667,373364.0833333333,388124.0,410627.6666666667,455234.4166666667,539888.9166666666,585817.0,627387.0,642599.0,633338.0,623380.9166666666,642898.75,650147.1666666666,676385.1666666666,668758.75,659118.25,643447.5
332,E13000002,Outer London,,,,,,,,,,,,,,,,,,,,,,,,,,,,76259.83333333333,78366.16666666667,88643.16666666667,101181.33333333333,112069.41666666667,136774.75,152500.91666666666,179849.33333333334,209134.58333333334,226800.16666666666,233444.25,244256.83333333334,272998.5833333333,274403.4166666667,243994.0,266981.5833333333,270457.3333333333,279171.9166666667,295697.5,343131.0,382704.3333333333,430840.8333333333,445686.0833333333,447127.4166666667,440811.5833333333,449288.8333333333,471377.8333333333,502137.25,499989.5,497677.0833333333,509021.5
333,E92000001,England,3284.6666666666665,3437.25,3633.75,4086.0,5557.75,7591.75,8135.75,8569.75,9264.5,9936.75,11572.75,15023.5,18214.0,19265.25,19654.0,21938.75,24132.75,26281.0,30120.25,35537.5,45871.0,54636.5,53612.75,52459.75,49890.5,48906.0,50253.5,50343.416666666664,51126.166666666664,55855.666666666664,60709.5,66156.25,76299.41666666667,85261.75,101949.16666666667,122943.75,143805.33333333334,154432.08333333334,164611.33333333334,179409.75,172191.08333333334,157253.75,167557.91666666666,165440.66666666666,167572.66666666666,172381.5,186722.5,199377.41666666666,214636.66666666666,224856.0,231329.33333333334,232856.5,239383.33333333334,257885.25,281827.6666666667,282333.5,284078.9166666667,291174.5
334,K02000001,United Kingdom,3380.0,3531.0,3737.0,4181.25,5589.0,7688.75,8292.0,8778.5,9555.0,10256.5,11935.5,15443.25,18670.25,19741.25,20208.75,22589.5,24694.0,26845.25,30493.5,35614.25,45431.75,54235.75,53578.0,52814.0,50713.0,49855.25,51179.25,51529.25,53415.25,58112.25,64770.5,71816.25,82534.25,89254.5,103650.16666666667,119904.0,134131.0,143920.75,155229.83333333334,170598.0,162912.08333333334,148445.41666666666,156935.5,154654.33333333334,155269.33333333334,159261.5,172047.66666666666,182291.16666666666,195035.41666666666,203950.33333333334,210354.0,212433.75,218521.5,236312.5,258236.16666666666,258956.16666666666,261773.25,268273.5
335,K03000001,Great Britain,,,,,,,,,,,,,,,,,,,,,,,,,,,,,,,,,,,,,135006.75,145400.25,156059.66666666666,170293.25,163242.0,149093.08333333334,157877.58333333334,155914.83333333334,157106.25,161325.41666666666,174420.16666666666,184872.08333333334,197792.58333333334,206895.66666666666,213323.5,215307.83333333334,221428.83333333334,239407.58333333334,261552.08333333334,262102.25,264579.8333333333,271079.0
336,K04000001,England and Wales,,,,,,,,,,,,,,,,,,,,,,,,,,,,49588.416666666664,50344.416666666664,54920.916666666664,59597.166666666664,64854.416666666664,74574.91666666667,83225.5,99411.91666666667,120163.41666666667,141219.91666666666,152023.66666666666,162102.75,176504.41666666666,169306.91666666666,154678.58333333334,164527.58333333334,162395.5,164361.33333333334,168887.58333333334,182675.91666666666,194705.66666666666,209279.91666666666,219193.16666666666,225689.75,227563.25,234046.91666666666,252593.0,276367.5,276934.4166666667,278773.8333333333,285654.5
337,N09000001,Antrim and Newtownabbey,,,,,,,,,,,,,,,,,,,,,,,,,,,,,,,,,,,,,,112841.0,143720.5,202004.0,167074.5,136020.5,127965.75,113374.75,100798.75,97748.0,104768.5,112016.5,119471.0,123586.5,128461.25,133030.75,138274.0,149057.25,163832.25,169464.25,180759.0,186209.0
338,N09000002,Armagh City Banbridge and Craigavon,,,,,,,,,,,,,,,,,,,,,,,,,,,,,,,,,,,,,,105575.0,141136.25,198214.25,155627.25,123663.75,114953.25,101221.25,88393.0,86288.0,93174.25,101084.0,108599.5,112847.75,115754.75,120511.0,124601.25,134466.0,150271.25,155318.75,164909.0,167907.0
339,N09000003,Belfast,,,,,,,,,,,,,,,,,,,,,,,,,,,,,,,,,,,,,,104795.0,135553.75,188660.5,150397.25,125668.5,115795.75,99700.75,87915.25,86709.5,95585.0,103658.0,110299.5,113509.25,119912.75,123658.75,129190.0,138563.0,149368.25,152037.75,162408.5,168979.0
340,N09000004,Causeway Coast and Glens,,,,,,,,,,,,,,,,,,,,,,,,,,,,,,,,,,,,,,121587.25,154130.5,213284.75,178379.0,134070.25,125512.25,112743.75,98163.25,94820.0,99997.0,107644.25,117184.25,123475.25,129239.5,136925.25,144367.75,159947.0,178650.0,183150.5,192423.0,201714.0
341,N09000005,Derry City and Strabane,,,,,,,,,,,,,,,,,,,,,,,,,,,,,,,,,,,,,,98493.5,129703.25,166186.5,146475.75,116157.5,106087.75,94310.5,85546.0,81528.25,85685.25,92173.5,99821.25,107543.75,114465.25,118027.25,121968.0,132771.75,144531.25,150558.75,159208.25,167762.0
342,N09000006,Fermanagh and Omagh,,,,,,,,,,,,,,,,,,,,,,,,,,,,,,,,,,,,,,114864.75,149482.5,189504.0,160551.75,125925.0,117459.25,108629.25,93332.5,91733.0,96133.25,102655.25,110569.25,115510.5,121806.25,127016.5,130144.75,140746.0,154903.5,158979.0,171308.25,178330.0
343,N09000007,Lisburn and Castlereagh,,,,,,,,,,,,,,,,,,,,,,,,,,,,,,,,,,,,,,132820.75,169409.5,245609.75,195779.5,156710.25,151395.5,130832.25,120053.5,117412.75,124922.75,133009.0,140965.75,144589.25,150925.25,156109.75,162568.0,173220.75,190321.5,195759.0,209492.25,218157.0
344,N09000008,Mid and East Antrim,,,,,,,,,,,,,,,,,,,,,,,,,,,,,,,,,,,,,,102993.75,128443.25,183373.25,157692.5,124557.75,116522.75,101674.0,93426.0,89709.25,94752.5,99024.5,106587.0,110705.0,115162.75,117636.25,120726.75,130982.25,143425.0,149215.0,156852.25,161050.0
345,N09000009,Mid Ulster,,,,,,,,,,,,,,,,,,,,,,,,,,,,,,,,,,,,,,118997.0,152414.75,198483.5,157801.5,119311.5,111908.5,101073.75,89761.5,90585.5,98354.75,108183.75,115012.0,118782.75,124318.25,126940.25,127478.25,138939.75,154283.25,159282.5,168706.75,173466.0
346,N09000010,Newry Mourne and Down,,,,,,,,,,,,,,,,,,,,,,,,,,,,,,,,,,,,,,121756.75,157372.75,214621.5,180471.75,147333.0,132466.25,118662.25,103777.5,95789.25,106661.25,112830.0,119394.25,124909.75,132205.25,137797.0,142925.0,157534.5,174935.25,179276.25,189527.25,195480.0
347,N09000011,Ards and North Down,,,,,,,,,,,,,,,,,,,,,,,,,,,,,,,,,,,,,,129360.5,160462.0,236485.5,207358.0,164178.0,153929.5,133599.25,119315.0,115247.5,122815.25,130443.5,134565.5,138371.25,143214.5,146678.5,152047.75,167683.5,185845.0,187984.0,203314.0,209399.0
348,N92000002,Northern Ireland,3498.3333333333335,3524.75,3793.75,4067.25,4491.0,5152.75,6940.0,8249.5,10614.25,12804.75,14846.0,18002.5,19929.0,19351.5,20153.25,21955.0,22503.0,23847.25,25988.25,27201.0,28495.0,29754.75,31559.75,33761.75,34107.0,35015.25,36349.75,40562.25,44216.25,48794.75,53530.25,58719.75,65731.25,73039.75,80503.08333333333,87522.41666666667,96838.83333333333,113322.25,145641.75,202198.0,167045.0,133799.25,124657.5,109575.0,97339.75,94565.0,101843.75,109245.25,116375.25,120765.25,126284.0,130685.0,135508.75,147058.25,161848.0,166237.25,177082.75,183259.0
349,S12000005,Clackmannanshire,,,,,,,,,,,,,,,,,,,,,,,,,,,,,,,,,,,,,68888.25,81208.16666666667,89873.58333333333,107182.16666666667,108297.58333333333,103133.41666666667,106498.75,102287.58333333333,98362.16666666667,96787.25,99599.75,104658.83333333333,105803.33333333333,110627.91666666667,116807.83333333333,121597.0,124498.0,139621.91666666666,152448.41666666666,154331.75,162148.83333333334,160431.0
350,S12000006,Dumfries and Galloway,,,,,,,,,,,,,,,,,,,,,,,,,,,,,,,,,,,,,84757.0,94453.0,108483.58333333333,122470.41666666667,123195.0,117385.25,124317.75,119376.0,112576.0,111766.41666666667,112506.5,114048.5,111742.75,116895.08333333333,120801.08333333333,122311.33333333333,126243.33333333333,138795.75,155319.33333333334,154843.66666666666,156124.5,161506.0
351,S12000008,East Ayrshire,,,,,,,,,,,,,,,,,,,,,,,,,,,,,,,,,,,,,63168.25,78704.0,90068.08333333333,103652.5,104614.0,90917.91666666667,91335.0,90805.66666666667,85110.41666666667,80294.91666666667,83697.58333333333,87298.66666666667,89663.25,91439.83333333333,92059.0,94724.25,97856.91666666667,107521.41666666667,122310.58333333333,119700.83333333333,123961.16666666667,125714.0
352,S12000010,East Lothian,,,,,,,,,,,,,,,,,,,,,,,,,,,,,,,,,,,,,124078.5,141531.0,155592.91666666666,174378.58333333334,179621.08333333334,163844.41666666666,174621.0,169349.25,168039.16666666666,171074.58333333334,180676.5,189349.83333333334,190013.5,198165.83333333334,213277.0,222491.25,228317.83333333334,254692.33333333334,271551.5833333333,279360.8333333333,279019.75,292532.5
353,S12000011,East Renfrewshire,,,,,,,,,,,,,,,,,,,,,,,,,,,,,,,,,,,,,140623.75,153007.25,168361.25,183051.91666666666,183839.91666666666,174185.75,181728.66666666666,178071.16666666666,174841.75,175215.25,184173.33333333334,186836.58333333334,204070.91666666666,211747.75,219904.16666666666,223823.25,225221.0,249075.5,272278.4166666667,279717.25,281762.5833333333,291299.0
354,S12000013,Na h-Eileanan Siar,,,,,,,,,,,,,,,,,,,,,,,,,,,,,,,,,,,,,55068.5,69556.66666666667,73990.58333333333,91471.41666666667,85507.83333333333,101032.5,95659.08333333333,100170.91666666667,105195.75,96931.41666666667,96946.08333333333,96833.75,99292.0,98247.75,106239.25,117721.16666666667,121507.41666666667,127207.0,144603.5,149907.25,143765.16666666666,137564.5
355,S12000014,Falkirk,,,,,,,,,,,,,,,,,,,,,,,,,,,,,,,,,,,,,67763.83333333333,79828.91666666667,90580.91666666667,105662.58333333333,107925.75,101588.16666666667,101692.91666666667,98367.5,96085.75,95433.33333333333,99740.66666666667,102939.91666666667,106704.33333333333,110182.0,116459.08333333333,120528.83333333333,127554.33333333333,138006.83333333334,154066.58333333334,155139.33333333334,160459.41666666666,164309.5
356,S12000017,Highland,,,,,,,,,,,,,,,,,,,,,,,,,,,,,,,,,,,,,90729.58333333333,107361.16666666667,125941.41666666667,142023.66666666666,140963.83333333334,141279.16666666666,148763.25,144785.16666666666,138715.5,138887.0,146299.66666666666,150361.58333333334,152765.75,155747.91666666666,161309.66666666666,167010.66666666666,169448.16666666666,183793.41666666666,202367.08333333334,203874.75,207643.0,209676.5
357,S12000018,Inverclyde,,,,,,,,,,,,,,,,,,,,,,,,,,,,,,,,,,,,,63434.333333333336,73604.75,83034.41666666667,90480.41666666667,95835.58333333333,84486.58333333333,89366.5,87241.75,83315.0,79810.75,80892.91666666667,82959.83333333333,84124.91666666667,83217.25,83904.75,84280.58333333333,81846.83333333333,94747.16666666667,98192.83333333333,100236.25,106618.41666666667,110635.0
358,S12000019,Midlothian,,,,,,,,,,,,,,,,,,,,,,,,,,,,,,,,,,,,,124992.5,136853.83333333334,157915.16666666666,181215.75,184706.16666666666,169697.66666666666,171488.08333333334,164744.91666666666,164132.91666666666,162863.0,171020.58333333334,180065.33333333334,188053.66666666666,193532.75,210438.58333333334,218145.66666666666,223782.08333333334,242598.66666666666,259924.5,265892.0833333333,272270.9166666667,287337.5
359,S12000020,Moray,,,,,,,,,,,,,,,,,,,,,,,,,,,,,,,,,,,,,77525.33333333333,93579.83333333333,107014.0,127944.08333333333,133796.58333333334,133026.83333333334,130897.83333333333,126107.16666666667,127612.25,127807.08333333333,130790.75,135121.91666666666,140232.66666666666,144149.0,149277.58333333334,149120.16666666666,151430.25,165813.58333333334,181909.16666666666,189666.08333333334,191842.58333333334,199836.0
360,S12000021,North Ayrshire,,,,,,,,,,,,,,,,,,,,,,,,,,,,,,,,,,,,,64351.166666666664,77624.0,88093.83333333333,105789.16666666667,103131.0,98466.91666666667,98390.16666666667,94287.08333333333,87167.16666666667,87177.58333333333,90966.16666666667,94477.33333333333,92642.25,94574.25,98462.66666666667,101419.25,101008.0,111991.5,123342.16666666667,121396.33333333333,125095.25,131299.0
361,S12000023,Orkney Islands,,,,,,,,,,,,,,,,,,,,,,,,,,,,,,,,,,,,,61003.833333333336,77576.75,92518.0,94891.33333333333,102237.91666666667,104892.0,106465.0,118188.58333333333,127122.08333333333,116348.5,118581.58333333333,120135.5,121961.08333333333,130743.5,142663.41666666666,151445.08333333334,141122.5,169593.0,203896.91666666666,194802.33333333334,201123.41666666666,220647.5
362,S12000026,Scottish Borders,,,,,,,,,,,,,,,,,,,,,,,,,,,,,,,,,,,,,82758.91666666667,97133.25,110452.66666666667,126277.0,126995.41666666667,121518.66666666667,123700.75,125830.91666666667,118735.91666666667,119237.75,123045.08333333333,126799.25,127144.58333333333,129691.33333333333,132642.66666666666,131318.08333333334,139857.0,159655.75,173746.16666666666,171692.08333333334,175705.25,177910.0
363,S12000027,Shetland Islands,,,,,,,,,,,,,,,,,,,,,,,,,,,,,,,,,,,,,50113.25,62768.833333333336,64487.333333333336,84932.91666666667,88230.0,92338.33333333333,95998.16666666667,108522.25,105147.5,104730.5,111694.91666666667,125483.33333333333,139831.75,146932.41666666666,151163.58333333334,148633.5,144278.58333333334,162740.0,182907.75,174678.41666666666,192668.91666666666,200557.5
364,S12000028,South Ayrshire,,,,,,,,,,,,,,,,,,,,,,,,,,,,,,,,,,,,,89374.25,105881.58333333333,117914.16666666667,130875.0,133842.5,122081.83333333333,122982.41666666667,121987.41666666667,116072.0,115921.33333333333,119108.58333333333,122155.16666666667,119897.0,124615.91666666667,128837.0,126129.33333333333,131975.25,148629.58333333334,161682.5,158342.58333333334,163429.33333333334,165737.5
365,S12000029,South Lanarkshire,,,,,,,,,,,,,,,,,,,,,,,,,,,,,,,,,,,,,78172.08333333333,94578.0,108229.58333333333,119624.16666666667,124496.75,111001.66666666667,112356.5,109639.25,103989.58333333333,101464.91666666667,104341.83333333333,110717.58333333333,115269.0,122078.83333333333,126324.25,128158.75,132137.91666666666,145282.83333333334,160639.66666666666,161528.16666666666,166154.08333333334,174045.0
366,S12000030,Stirling,,,,,,,,,,,,,,,,,,,,,,,,,,,,,,,,,,,,,105370.25,119041.41666666667,134854.75,143331.83333333334,150252.58333333334,143325.16666666666,142497.75,140400.58333333334,138008.91666666666,135402.66666666666,140048.91666666666,143987.58333333334,150404.0,154119.0,159268.33333333334,168845.08333333334,179788.83333333334,196548.0,209028.75,212675.33333333334,222637.08333333334,227917.0
367,S12000033,City of Aberdeen,,,,,,,,,,,,,,,,,,,,,,,,,,,,,,,,,,,,,87657.66666666667,102941.75,126676.08333333333,168217.5,174644.5,165820.66666666666,174666.16666666666,174377.91666666666,174928.75,182165.08333333334,205933.25,206917.33333333334,189477.0,178012.25,171067.66666666666,160335.16666666666,150868.25,154699.91666666666,151830.58333333334,142977.58333333334,143832.5,142734.0
368,S12000034,Aberdeenshire,,,,,,,,,,,,,,,,,,,,,,,,,,,,,,,,,,,,,94573.0,110560.58333333333,131788.83333333334,167845.25,179441.25,174745.0,183670.75,186297.58333333334,180944.91666666666,185609.41666666666,199781.08333333334,207355.58333333334,202646.83333333334,198522.16666666666,195950.66666666666,190988.75,184128.58333333334,195680.91666666666,206279.0,203777.08333333334,203549.0,199584.5
369,S12000035,Argyll and Bute,,,,,,,,,,,,,,,,,,,,,,,,,,,,,,,,,,,,,78836.66666666667,100940.5,111104.33333333333,132480.66666666666,126899.33333333333,121300.41666666667,124683.41666666667,120851.0,116762.08333333333,116621.83333333333,116147.91666666667,124784.66666666667,121634.58333333333,123475.0,131142.33333333334,133568.41666666666,133689.25,151896.91666666666,175156.0,173375.58333333334,173025.91666666666,172644.5
370,S12000036,City of Edinburgh,,,,,,,,,,,,,,,,,,,,,,,,,,,,,,,,,,,,,136276.41666666666,146615.08333333334,162784.08333333334,184841.75,186663.41666666666,172793.25,184428.41666666666,177689.5,175609.58333333334,174624.83333333334,186134.83333333334,195735.25,196127.33333333334,204119.16666666666,222606.0,233061.16666666666,242203.16666666666,257731.16666666666,274950.25,272308.3333333333,277703.8333333333,293329.5
371,S12000038,Renfrewshire,,,,,,,,,,,,,,,,,,,,,,,,,,,,,,,,,,,,,71648.25,86009.75,95731.83333333333,110397.91666666667,108458.25,103034.91666666667,104667.91666666667,102760.33333333333,97710.66666666667,94345.16666666667,98347.5,101557.91666666667,104205.75,106900.58333333333,111829.0,111940.91666666667,115352.66666666667,129545.25,140544.16666666666,141172.83333333334,148044.33333333334,154087.5
372,S12000039,West Dunbartonshire,,,,,,,,,,,,,,,,,,,,,,,,,,,,,,,,,,,,,60774.5,71479.66666666667,80950.5,90115.16666666667,93666.66666666667,88528.08333333333,87521.66666666667,84933.41666666667,82871.16666666667,79725.0,82040.91666666667,84182.66666666667,84580.91666666667,85776.83333333333,92177.16666666667,93696.16666666667,98493.91666666667,106202.16666666667,114420.75,114376.83333333333,120929.16666666667,119665.0
373,S12000040,West Lothian,,,,,,,,,,,,,,,,,,,,,,,,,,,,,,,,,,,,,90064.25,105452.5,120352.0,138000.0,141904.5,128592.91666666667,135474.08333333334,130623.16666666667,126816.16666666667,125796.58333333333,130928.0,136412.08333333334,142745.83333333334,146932.91666666666,159479.75,163462.83333333334,167721.58333333334,184386.08333333334,205255.33333333334,205765.33333333334,212457.83333333334,220238.5
374,S12000041,Angus,,,,,,,,,,,,,,,,,,,,,,,,,,,,,,,,,,,,,73515.5,88554.58333333333,104836.83333333333,128630.75,134138.75,123724.16666666667,128042.41666666667,124811.58333333333,124316.25,124026.91666666667,130459.41666666667,135783.75,135536.08333333334,137117.16666666666,139356.58333333334,141259.33333333334,142505.91666666666,152488.5,161104.41666666666,159100.41666666666,162810.5,163051.0
375,S12000042,City of Dundee,,,,,,,,,,,,,,,,,,,,,,,,,,,,,,,,,,,,,63961.5,77829.33333333333,93018.83333333333,108579.08333333333,111753.0,103529.66666666667,106407.75,103992.33333333333,103478.91666666667,104233.33333333333,108127.5,112907.66666666667,112586.75,113450.25,117124.58333333333,117946.66666666667,120658.83333333333,131716.83333333334,138213.58333333334,135266.75,137530.75,135732.5
376,S12000045,East Dunbartonshire,,,,,,,,,,,,,,,,,,,,,,,,,,,,,,,,,,,,,123265.25,138757.0,158662.41666666666,172351.16666666666,173707.08333333334,163061.25,164358.25,158850.58333333334,155863.83333333334,154165.25,163659.91666666666,166670.08333333334,178705.66666666666,187748.08333333334,194535.66666666666,196243.33333333334,197996.58333333334,224936.08333333334,244299.25,243734.41666666666,247406.33333333334,258802.5
377,S12000047,Fife,,,,,,,,,,,,,,,,,,,,,,,,,,,,,,,,,,,,,74926.41666666667,88762.5,100214.25,114438.0,114102.41666666667,107173.83333333333,107888.83333333333,107267.33333333333,103267.16666666667,104764.25,108343.33333333333,114516.91666666667,118157.83333333333,121685.58333333333,126688.08333333333,126891.16666666667,130465.0,145027.5,159203.58333333334,162652.33333333334,162897.33333333334,169140.5
378,S12000048,Perth and Kinross,,,,,,,,,,,,,,,,,,,,,,,,,,,,,,,,,,,,,97656.91666666667,114348.66666666667,132298.25,152258.0,157821.16666666666,147023.33333333334,151452.75,150987.83333333334,142856.5,144659.0,149934.66666666666,153327.41666666666,155497.66666666666,161127.16666666666,164353.41666666666,172111.58333333334,175625.41666666666,194864.75,209865.08333333334,211436.83333333334,213593.91666666666,219656.0
379,S12000049,City of Glasgow,,,,,,,,,,,,,,,,,,,,,,,,,,,,,,,,,,,,,89513.83333333333,102217.5,111211.83333333333,122197.41666666667,119395.58333333333,111339.33333333333,108811.08333333333,106804.91666666667,101229.66666666667,100504.66666666667,104612.75,109755.83333333333,113065.33333333333,120100.08333333333,128703.08333333333,132737.08333333334,138165.16666666666,154851.66666666666,167342.16666666666,169315.5,177154.25,183398.0
380,S12000050,North Lanarkshire,,,,,,,,,,,,,,,,,,,,,,,,,,,,,,,,,,,,,65495.416666666664,78497.33333333333,89016.33333333333,99436.25,101897.83333333333,98144.41666666667,96961.91666666667,94854.0,90246.08333333333,89039.83333333333,90884.83333333333,95544.75,100686.83333333333,102174.25,107707.5,109735.75,111994.25,123055.41666666667,134330.5,136723.33333333334,143140.25,149499.5
381,S92000003,Scotland,2850.0,3030.75,3246.75,3481.0,4150.5,5622.0,6383.25,7214.0,8615.75,9417.5,10636.25,12737.25,14574.25,16038.75,17056.0,19142.25,20313.5,21448.25,22656.25,24212.0,26147.5,30774.5,34340.0,37334.5,39254.75,39782.0,40412.0,40482.0,42202.0,44252.0,46542.0,48042.0,49642.0,51912.0,58982.666666666664,67112.75,86405.41666666667,100907.0,114985.0,131877.58333333334,131484.0,124985.5,126930.33333333333,124608.58333333333,120527.91666666667,121014.75,126701.58333333333,131727.66666666666,133519.41666666666,137451.83333333334,143484.0,146093.5,150203.75,164974.5,177998.25,177711.66666666666,182939.66666666666,187312.0
382,W06000001,Isle of Anglesey,,,,,,,,,,,,,,,,,,,,,,,,,,,,39721.916666666664,40518.583333333336,44153.916666666664,46156.583333333336,47440.666666666664,49908.916666666664,54722.166666666664,65315.333333333336,86146.75,116691.5,138659.33333333334,146076.16666666666,155011.91666666666,151994.33333333334,141840.08333333334,145774.08333333334,138394.5,138748.0,135975.83333333334,144001.83333333334,150583.91666666666,154189.91666666666,160184.33333333334,165379.33333333334,172373.33333333334,180504.25,203584.0,226106.16666666666,227544.08333333334,226635.91666666666,229387.0
383,W06000002,Gwynedd,,,,,,,,,,,,,,,,,,,,,,,,,,,,37421.666666666664,37255.666666666664,39872.083333333336,41475.75,44265.583333333336,48171.75,52317.166666666664,60074.083333333336,79919.0,105385.83333333333,126241.08333333333,135021.83333333334,146333.58333333334,140677.0,128352.5,132300.41666666666,130287.25,131239.75,129115.58333333333,131922.83333333334,135634.75,138325.41666666666,142529.41666666666,145341.08333333334,152887.91666666666,156311.91666666666,175884.33333333334,197387.41666666666,196629.33333333334,194528.41666666666,198273.0
384,W06000003,Conwy,,,,,,,,,,,,,,,,,,,,,,,,,,,,41562.666666666664,40916.5,43494.5,46245.166666666664,49111.916666666664,51990.666666666664,58058.0,69684.66666666667,91109.16666666667,115837.08333333333,131705.83333333334,139001.16666666666,145924.5,137840.5,128006.41666666667,135892.75,131640.16666666666,126797.41666666667,127529.33333333333,133445.58333333334,136063.75,138731.16666666666,147690.91666666666,151090.0,158868.83333333334,162393.0,183572.41666666666,204434.08333333334,205463.58333333334,206684.58333333334,205369.0
385,W06000004,Denbighshire,,,,,,,,,,,,,,,,,,,,,,,,,,,,42581.25,41640.25,43982.416666666664,45250.833333333336,48238.333333333336,51368.833333333336,54230.5,65515.0,83638.75,107455.33333333333,124614.16666666667,131871.75,138565.5,134900.83333333334,122050.91666666667,126164.33333333333,120863.83333333333,121882.25,120919.75,124915.5,132574.5,134066.66666666666,137433.5,143255.41666666666,148181.16666666666,152944.75,170193.91666666666,188722.08333333334,189086.58333333334,191018.0,189668.5
386,W06000005,Flintshire,,,,,,,,,,,,,,,,,,,,,,,,,,,,44715.583333333336,45642.833333333336,47972.666666666664,49768.666666666664,52176.5,56501.0,62675.666666666664,73936.16666666667,93737.33333333333,117471.25,133286.66666666666,141633.58333333334,152641.66666666666,147386.83333333334,132315.91666666666,135568.16666666666,133348.58333333334,132908.16666666666,133866.08333333334,138549.0,142475.5,148675.83333333334,154733.33333333334,158762.41666666666,161821.58333333334,165652.75,181191.58333333334,198719.58333333334,205153.41666666666,205876.16666666666,215851.5
387,W06000006,Wrexham,,,,,,,,,,,,,,,,,,,,,,,,,,,,43971.583333333336,43441.833333333336,46284.833333333336,48236.0,50502.666666666664,55378.5,59053.666666666664,71795.25,91632.08333333333,114423.33333333333,131096.16666666666,139251.33333333334,149944.66666666666,145865.66666666666,126325.75,133600.5,128862.91666666667,126222.5,128407.08333333333,133258.0,136375.91666666666,141530.33333333334,147749.25,151206.25,152303.66666666666,153337.33333333334,173063.66666666666,192165.25,195083.0,195391.58333333334,204665.5
388,W06000008,Ceredigion,,,,,,,,,,,,,,,,,,,,,,,,,,,,48976.833333333336,47895.166666666664,50817.166666666664,55609.666666666664,54679.333333333336,62105.416666666664,67331.58333333333,77469.5,100330.16666666667,134528.58333333334,157279.0,164715.25,175536.75,167823.83333333334,161609.33333333334,171635.25,163059.83333333334,159005.91666666666,157956.66666666666,165150.83333333334,167178.0,166871.83333333334,173760.83333333334,177950.91666666666,180074.58333333334,188102.16666666666,207216.25,237207.33333333334,239006.58333333334,238610.25,223870.0
389,W06000009,Pembrokeshire,,,,,,,,,,,,,,,,,,,,,,,,,,,,42170.833333333336,40207.166666666664,43763.666666666664,46104.333333333336,48382.916666666664,53702.75,60794.083333333336,72019.91666666667,93038.41666666667,121775.41666666667,140770.08333333334,154703.33333333334,165817.5,160582.33333333334,144512.16666666666,148112.58333333334,144722.25,142882.25,142598.83333333334,142082.66666666666,146121.58333333334,148575.66666666666,153598.66666666666,156584.33333333334,165230.83333333334,171468.5,189956.41666666666,218144.5,215312.91666666666,216806.75,219623.5
390,W06000010,Carmarthenshire,,,,,,,,,,,,,,,,,,,,,,,,,,,,36802.833333333336,36439.75,38122.416666666664,40820.75,41181.916666666664,43552.166666666664,48106.083333333336,55758.166666666664,72333.25,100435.41666666667,115036.58333333333,125103.41666666667,134271.66666666666,129851.91666666667,115741.66666666667,118786.83333333333,115187.91666666667,113289.33333333333,111654.83333333333,115885.08333333333,118987.33333333333,122637.25,126823.25,132464.08333333334,138933.33333333334,143827.58333333334,163875.25,184793.33333333334,189870.75,189484.5,195128.5
391,W06000011,Swansea,,,,,,,,,,,,,,,,,,,,,,,,,,,,43574.0,43529.416666666664,46107.583333333336,46790.333333333336,48949.666666666664,52747.666666666664,54870.083333333336,61696.5,78187.5,105548.08333333333,119320.66666666667,130192.16666666667,141386.75,140232.58333333334,129668.0,127064.5,122739.16666666667,121062.33333333333,122412.66666666667,128443.83333333333,128783.08333333333,133689.08333333334,138225.33333333334,143639.0,146555.75,152307.33333333334,171522.08333333334,189830.5,192071.83333333334,197183.0,199214.5
392,W06000012,Neath Port Talbot,,,,,,,,,,,,,,,,,,,,,,,,,,,,32398.583333333332,31721.0,32347.916666666668,34043.5,34318.833333333336,36817.166666666664,38190.416666666664,41676.666666666664,51406.75,69456.16666666667,87352.33333333333,94376.5,102823.5,99523.16666666667,88645.75,88199.25,86625.91666666667,85785.83333333333,86048.0,91198.41666666667,91649.16666666667,95899.08333333333,99010.91666666667,102817.58333333333,107786.91666666667,114216.75,128388.41666666667,146121.58333333334,152684.58333333334,152325.75,158633.0
393,W06000013,Bridgend,,,,,,,,,,,,,,,,,,,,,,,,,,,,42870.083333333336,42169.083333333336,44626.5,46136.916666666664,49283.5,51023.083333333336,53267.333333333336,57858.916666666664,70296.0,95255.91666666667,108132.75,118845.33333333333,124744.66666666667,120566.75,111297.5,114454.16666666667,111130.08333333333,110640.91666666667,111440.25,115687.58333333333,119439.91666666667,126272.16666666667,134475.41666666666,138641.0,144565.0,151789.08333333334,170467.5,190405.25,192718.66666666666,200534.83333333334,211452.0
394,W06000014,Vale of Glamorgan,,,,,,,,,,,,,,,,,,,,,,,,,,,,52116.583333333336,53329.583333333336,56778.166666666664,59698.25,64112.75,69752.41666666667,75930.41666666667,93046.66666666667,112970.75,142953.75,155855.58333333334,164982.41666666666,176264.33333333334,170937.83333333334,160495.08333333334,168100.83333333334,167409.66666666666,171878.16666666666,171307.0,181792.25,189819.66666666666,196823.08333333334,204811.58333333334,216288.75,223357.0,228384.25,246348.41666666666,279530.5833333333,283315.5833333333,284751.75,287939.0
395,W06000015,Cardiff,,,,,,,,,,,,,,,,,,,,,,,,,,,,48640.416666666664,49496.5,52957.416666666664,56716.0,60848.916666666664,67651.91666666667,77055.91666666667,91451.41666666667,114071.58333333333,138174.16666666666,150636.16666666666,154885.08333333334,164770.75,159003.5,144709.83333333334,152350.08333333334,151578.66666666666,154670.66666666666,157884.0,168754.08333333334,177624.08333333334,187965.16666666666,194289.83333333334,203300.08333333334,208272.5,212453.83333333334,231297.41666666666,254962.66666666666,262125.08333333334,263975.3333333333,273329.5
396,W06000016,Rhondda Cynon Taf,,,,,,,,,,,,,,,,,,,,,,,,,,,,30557.333333333332,30191.0,29374.583333333332,30805.916666666668,33228.416666666664,33047.25,34771.5,39639.5,49715.333333333336,67336.41666666667,80055.25,88808.66666666667,96945.5,90362.58333333333,82677.66666666667,83102.66666666667,81825.41666666667,81295.16666666667,81194.91666666667,86295.41666666667,89334.41666666667,94885.75,97283.0,100615.41666666667,106672.0,111096.16666666667,128455.25,145071.58333333334,146619.41666666666,150076.16666666666,154107.0
397,W06000018,Caerphilly,,,,,,,,,,,,,,,,,,,,,,,,,,,,35732.25,37431.166666666664,38744.5,40551.833333333336,41755.5,43317.0,46099.333333333336,52522.333333333336,66174.25,88594.41666666667,101342.0,109854.91666666667,116152.33333333333,112677.41666666667,99264.75,102470.91666666667,102455.58333333333,101785.25,100743.66666666667,107676.0,110281.58333333333,114478.25,120093.91666666667,126482.83333333333,133372.58333333334,137927.25,154275.91666666666,174559.5,178758.41666666666,183817.0,193561.0
398,W06000019,Blaenau Gwent,,,,,,,,,,,,,,,,,,,,,,,,,,,,25822.333333333332,26791.333333333332,28335.75,27161.166666666668,28946.166666666668,31977.583333333332,30822.583333333332,33766.75,38680.916666666664,58028.916666666664,76002.41666666667,81208.08333333333,87389.41666666667,84466.5,74782.0,75141.25,71336.58333333333,69900.91666666667,69909.41666666667,69629.58333333333,73362.0,78969.41666666667,82051.58333333333,85970.66666666667,91824.25,94932.5,109145.08333333333,127286.0,127620.25,131670.41666666666,138363.0
399,W06000020,Torfaen,,,,,,,,,,,,,,,,,,,,,,,,,,,,36998.583333333336,38504.916666666664,39899.333333333336,41965.666666666664,42934.25,46653.166666666664,50286.416666666664,55762.166666666664,73378.66666666667,97005.25,111175.5,120384.83333333333,129064.16666666667,122120.25,112175.91666666667,113612.91666666667,113005.75,112216.16666666667,112993.58333333333,116678.33333333333,118636.58333333333,124173.58333333333,127006.75,138495.25,145684.08333333334,152167.91666666666,167850.0,185000.75,189108.5,190502.33333333334,189696.0
400,W06000021,Monmouthshire,,,,,,,,,,,,,,,,,,,,,,,,,,,,58773.416666666664,59881.583333333336,64242.416666666664,69282.33333333333,73016.25,81325.58333333333,91869.25,109610.25,131750.58333333334,160483.0,180337.83333333334,190290.5,200701.83333333334,190464.66666666666,174893.91666666666,187005.41666666666,185990.08333333334,186484.75,184579.58333333334,195172.5,201520.41666666666,212632.33333333334,226897.91666666666,245810.91666666666,260937.91666666666,269228.0,284002.6666666667,312717.5833333333,320531.0,323444.1666666667,333699.0
401,W06000022,Newport,,,,,,,,,,,,,,,,,,,,,,,,,,,,45405.25,44590.833333333336,49794.916666666664,50985.833333333336,51901.916666666664,56861.583333333336,62981.25,73086.25,93945.33333333333,116903.16666666667,129541.08333333333,139081.16666666666,149232.66666666666,140026.16666666666,122383.0,126623.0,119810.16666666667,120862.91666666667,120189.41666666667,126651.41666666667,130406.16666666667,138265.0,147522.08333333334,162481.83333333334,170899.75,177630.58333333334,190522.75,211386.75,215860.83333333334,214950.66666666666,221315.5
402,W06000023,Powys,,,,,,,,,,,,,,,,,,,,,,,,,,,,46844.583333333336,48805.75,50306.916666666664,54950.916666666664,56396.0,62839.166666666664,68936.33333333333,80972.0,103008.75,126069.75,145949.83333333334,156532.5,166177.33333333334,156845.66666666666,150068.75,156566.91666666666,152579.41666666666,149860.41666666666,153320.5,154668.66666666666,156373.16666666666,161781.41666666666,167985.25,177602.25,180187.58333333334,185263.33333333334,206092.5,232932.83333333334,230966.58333333334,232640.08333333334,235482.0
403,W06000024,Merthyr Tydfil,,,,,,,,,,,,,,,,,,,,,,,,,,,,28086.25,29481.833333333332,30752.166666666668,29495.666666666668,29996.666666666668,33831.0,33327.916666666664,37263.083333333336,45672.916666666664,60517.0,77602.41666666667,87634.58333333333,96008.0,89997.75,82124.66666666667,82759.91666666667,81603.91666666667,81296.91666666667,79641.5,83064.41666666667,87092.91666666667,89163.66666666667,92924.66666666667,96982.75,103440.83333333333,105748.25,122434.91666666667,140483.5,144777.58333333334,145781.66666666666,140141.5
404,W92000004,Wales,2824.6666666666665,2925.75,3156.0,3385.75,4284.25,5950.0,6571.0,7126.25,7849.25,8269.0,9613.5,12214.0,14643.0,15852.0,16677.0,18299.0,19029.5,20490.5,21878.25,24247.0,29047.0,39656.0,41253.0,40724.75,40262.5,39980.25,40361.5,40454.666666666664,40785.25,43070.75,45078.75,47461.5,51119.666666666664,55541.25,64976.583333333336,82358.33333333333,106704.16666666667,120863.0,129872.91666666667,138499.91666666666,131282.41666666666,120873.16666666667,124012.16666666667,121586.16666666667,121101.0,121598.16666666667,127710.75,131263.91666666666,136749.58333333334,142564.08333333334,149036.0,154791.66666666666,160432.25,178928.58333333334,200121.08333333334,201222.5,204221.08333333334,208157.5
