,DCLG code,"Former
ONS code",LA code,Authority Data,2001,2002,2003,2004,2005,2006,2007,2008,2009,2010,2011,2012,2013,2014,2015,2016,2017,2018,2019,2020,2021,2022,2023
0,,,,England,146704.418435771,159874.918435771,170968.918435771,185552.734121851,202652.918435771,214935.918435771,223533.918435771,182766.737369594,144869.918435771,137393.599458161,140785.013308541,130611.109632384,142494.109632384,176582.109632384,195534.109632384,223234.109632384,228170.109632384,247766.109632384,248591.109632384,217754.109632384,234462.0,234292.0,221071.0
1,,,,Unitary Authorities,25553.4317859897,27553.4317859898,28081.4317859897,31389.4317859898,34403.4317859897,37389.4317859897,37529.4317859898,30152.4317859897,33758.2498926075,34153.93203271,32968.9685875367,31688.6809699818,32941.6809699818,42328.6809699818,44508.6809699818,49877.6809699818,54852.6809699818,55436.6809699818,55596.8712382445,50275.6712382445,59158.0,61642.0,63353.0
2,F0114,00HA,E06000022,Bath and North East Somerset,270.399999999994,264.400000000009,301.399999999994,151.400000000009,172.399999999994,258.399999999994,497.400000000009,378.399999999994,346.400000000009,241.399999999994,472.0,559.0,557.0,640.0,818.0,880,1254,1049,1176.0,773.0,552.0,490.0,669.0
3,K0235,00KB,E06000055,Bedford,,,,,,,,,507.300000000003,675.300000000003,952.5,687.5,1030.5,861.5,997.5,1288.5,1383.5,1392.5,1059.5,1232.5,1019.0,1465.0,689.0
4,M2372,00EX,E06000008,Blackburn with Darwen,-73.8000000000029,263.200000000004,639.199999999997,-93.7999999999956,594.199999999997,230.199999999997,619.200000000004,82.1999999999971,336.200000000004,372.199999999997,56.1,217.1,246.1,235.1,115.1,159.1,299.1,505.1,323.1,461.1,440.0,553.0,547.0
5,J2373,00EY,E06000009,Blackpool,159.699999999997,54.6999999999971,241.700000000012,240.699999999997,239.699999999997,173.699999999997,356.699999999997,310.700000000012,-1.30000000000291,180.699999999997,476.0,329.0,144.0,294.0,447.0,51,473,565,532.0,358.0,267.0,233.0,175.0
6,G1250,00HN,E06000028,Bournemouth,764.300000000003,920.300000000003,1103.29999999999,1036.3,900.300000000003,1029.3,1474.3,1173.29999999999,562.300000000003,432.300000000003,553.48766620004,637.48766620004,392.48766620004,962.48766620004,721.48766620004,579.48766620004,633.48766620004,657.48766620004,,,,,
7,A0014,A0014,E06000058,"Bournemouth, Christchurch and Poole",,,,,,,,,,,,,,,,,,,1699.9,786.9,696.0,773.0,912.0
8,R0335,00MA,E06000036,Bracknell Forest,306.599999999999,240.599999999999,255.600000000006,160.599999999999,185.599999999999,49.5999999999985,419.599999999999,385.600000000006,243.599999999999,326.599999999999,223.1,353.1,272.1,334.1,294.1,395.1,374.1,713.1,1646.1,954.1,691.0,450.0,924.0
9,Q1445,00ML,E06000043,Brighton and Hove,688.0,1060.0,723.0,641.0,578.0,836.0,606.0,760.0,419.0,322.0,460.7,525.7,587.7,732.7,838.7,504.7,595.7,531.7,709.7,933.7,1260.0,860.0,1230.0
10,Z0116,00HB,E06000023,"Bristol, City of",1393.10000000001,1494.10000000001,2588.09999999998,2342.10000000001,2017.10000000001,2357.10000000001,2716.10000000001,2879.09999999998,2470.10000000001,1801.10000000001,1668.8,800.8,1209.8,1376.8,1461.8,1916.8,1562.8,1560.8,1248.8,1569.8,2451.0,1562.0,1367.0
11,A0016,A0016,E06000060,Buckinghamshire,,,,,,,,,,,,,,,,,,,,2030.8,2617.0,3751.0,2353.0
12,P0240,00KC,E06000056,Central Bedfordshire,,,,,,,,,755.200000000004,1282.2,1214.2,881.2,1179.2,1437.2,1541.2,1688.2,2018.2,2017.2,2537.2,2050.2,2424.0,2314.0,2129.0
13,R0660,00EQ,E06000049,Cheshire East,,,,,,,,,990.800000000018,836.799999999988,666.5,668.5,844.5,1258.5,1592.5,1782.5,2317.5,2954.5,3150.5,2294.5,2631.0,2323.0,2117.0
14,A0665,00EW,E06000050,Cheshire West and Chester,,,,,,,,,817.500000000007,751.5,712.9,582.9,879.9,1480.9,1678.9,1929.9,2455.9,2063.9,1758.9,1244.9,1519.0,1355.0,1370.0
15,D0840,00HE,E06000052,Cornwall,,,,,,,,,2939.0,2392.0,2310.9,2213.9,1964.9,2637.9,2532.9,3009.9,3362.9,3044.9,2972.9,2599.9,2728.0,2714.0,2507.0
16,X1355,00EJ,E06000047,County Durham,,,,,,,,,1284.7661305147,1492.7661305147,1439.4,1305.4,951.4,1234.4,1695.4,1565.4,1506.4,1630.4,1795.4,1495.4,1670.0,1561.0,1295.0
17,E0901,E0901,E06000063,Cumberland,,,,,,,,,,,,,,,,,,,,,,,936.0
18,N1350,00EH,E06000005,Darlington,380.400000000001,299.400000000001,459.399999999994,625.400000000002,563.400000000002,518.400000000002,617.400000000002,319.399999999994,281.400000000001,269.400000000001,178.1,133.1,244.1,470.1,276.1,137.1,513.1,511.1,506.1,515.1,510.0,511.0,357.0
19,C1055,00FK,E06000015,Derby,711.899999999994,597.900000000009,605.899999999994,906.900000000009,1009.89999999999,1177.89999999999,1230.90000000001,602.899999999994,496.900000000009,673.899999999994,277.0,389.0,463.0,444.0,500.0,805,803,625,556.0,555.0,681.0,649.0,1345.0
20,A0015,A0015,E06000059,Dorset,,,,,,,,,,,,,,,,,,,1431.6,1387.6,1818.0,1687.0,1480.0
21,E2001,00FB,E06000011,East Riding of Yorkshire,1594.29999999999,1236.30000000002,1843.29999999999,1526.30000000002,1302.29999999999,1462.29999999999,1622.30000000002,544.299999999988,1004.30000000002,1181.29999999999,2826.4,3006.4,2474.4,1737.4,1866.4,2183.4,2167.4,2456.4,2265.4,2471.4,1497.0,1926.0,2401.0
22,D0650,00ET,E06000006,Halton,345.599999999999,506.599999999999,294.600000000006,522.599999999999,858.599999999999,536.599999999999,431.599999999999,510.600000000006,231.599999999999,290.599999999999,229.8,316.8,374.8,427.8,437.8,600.8,270.8,498.8,502.8,-1.2,158.0,360.0,361.0
23,H0724,00EB,E06000001,Hartlepool,330.300000000003,396.299999999996,371.300000000003,218.299999999996,243.300000000003,244.300000000003,-150.700000000004,487.300000000003,320.299999999996,331.300000000003,190.0,79.0,49.0,341.0,493.0,150,230,336,220.0,126.0,355.0,508.0,585.0
24,W1850,00GA,E06000019,"Herefordshire, County of",347.500390930421,579.500390930407,672.500390930407,547.500390930421,736.500390930421,787.500390930407,729.500390930407,570.500390930421,311.500390930421,329.496481626265,374.22413793103,260.086206896552,417.086206896552,556.086206896552,434.086206896552,320.086206896552,837.086206896552,728.086206896552,967.086206896552,705.086206896552,1042.0,704.0,1060.0
25,P2114,00MW,E06000046,Isle of Wight,488.300000000003,414.299999999996,481.300000000003,310.299999999996,769.300000000003,1622.3,576.300000000003,605.299999999988,391.300000000003,398.300000000003,726.8,630.8,509.8,712.8,621.8,525.8,577.8,554.8,457.8,649.8,490.0,357.0,262.0
26,Z0835,00HF,E06000053,Isles of Scilly,,,,,,,,,12.5,11.5,3.2,-9.8,-10.8,-10.8,-8.8,-9.8,-10.8,-10.8,-10.8,-10.8,-4.0,2.0,1.0
27,V2004,00FA,E06000010,"Kingston upon Hull, City of",-2.30000000000291,-42.3000000000029,619.700000000012,201.699999999997,620.699999999997,1038.7,870.699999999997,585.700000000012,235.699999999997,690.699999999997,398.3,252.3,266.3,819.3,569.3,644.3,1361.3,704.3,814.3,601.3,621.0,623.0,537.0
28,W2465,00FN,E06000016,Leicester,432.399999999994,972.400000000009,1233.39999999999,1103.40000000001,1272.39999999999,1356.39999999999,1083.40000000001,1349.39999999999,1071.40000000001,1329.39999999999,401.5,651.5,630.5,665.5,635.5,1064.5,1458.5,941.5,952.5,554.5,854.0,1645.0,592.0
29,B0230,00KA,E06000032,Luton,209.5,212.5,524.5,546.5,555.5,398.5,467.5,411.5,375.5,213.5,426.7,417.7,253.7,256.7,690.7,864.7,939.7,693.7,857.7,540.7,412.0,1146.0,390.0
30,A2280,00LC,E06000035,Medway,788.699999999997,758.699999999997,815.700000000012,728.699999999997,612.699999999997,673.699999999997,843.699999999997,996.700000000012,570.699999999997,739.699999999997,816.7,652.7,583.7,490.7,560.7,653.7,692.7,656.7,1141.7,1086.7,1103.0,960.0,1303.0
31,W0734,00EC,E06000002,Middlesbrough,90.5999999999985,-194.400000000001,18.6000000000058,152.599999999999,94.5999999999985,418.599999999999,274.599999999999,-46.3999999999942,112.599999999999,250.599999999999,93.1,253.1,139.1,645.1,524.1,503.1,374.1,510.1,612.1,423.1,600.0,603.0,513.0
32,Y0435,00MG,E06000042,Milton Keynes,1229.2,1214.2,1170.20000000001,1396.2,1831.2,1699.2,2337.2,1877.20000000001,1449.2,1331.2,1601.0,1323.0,1254.0,1442.0,1215.0,1250,1506,1802,2097.0,2014.0,2003.0,2895.0,2200.0
33,B2002,00FC,E06000012,North East Lincolnshire,346.899999999994,281.900000000009,401.899999999994,295.900000000009,252.899999999994,423.899999999994,624.900000000009,137.899999999994,313.900000000009,268.899999999994,132.3,250.3,159.3,211.3,202.3,121.3,31.3,153.3,93.3,89.3,524.0,423.0,459.0
34,Y2003,00FD,E06000013,North Lincolnshire,846.899999999994,670.900000000009,667.899999999994,587.900000000009,1266.89999999999,816.899999999994,601.900000000009,529.899999999994,511.900000000009,592.899999999994,323.4,228.4,260.4,241.4,281.4,174.4,258.4,226.4,320.4,343.4,410.0,500.0,529.0
35,A0017,A0017,E06000061,North Northamptonshire,,,,,,,,,,,,,,,,,,,,,1543.0,2024.0,1728.0
36,D0121,00HC,E06000024,North Somerset,815.0,1717.0,1014.0,807.0,1002.0,881.0,1223.0,684.0,521.0,386.0,605.8,617.8,852.8,764.8,659.8,942.8,953.8,819.8,958.8,1056.8,1017.0,979.0,754.0
37,E2702,E2702,E06000065,North Yorkshire,,,,,,,,,,,,,,,,,,,,,,,2978.0
38,P2935,00EM,E06000057,Northumberland,,,,,,,,,710.851976102946,1241.85197610295,476.4,539.4,477.4,1365.4,909.4,1449.4,1294.4,1720.4,1662.4,1197.4,1592.0,1594.0,1509.0
39,Q3060,00FY,E06000018,Nottingham,1305.7,1187.7,1031.70000000001,1222.7,1146.7,1440.7,1345.7,891.700000000012,1082.7,475.699999999997,-325.5,51.5,-284.5,275.5,199.5,226.5,645.5,708.5,1058.5,659.5,1722.0,1943.0,2015.0
40,J0540,00JA,E06000031,Peterborough,595.100000000006,659.099999999991,547.100000000006,844.099999999991,824.100000000006,1218.10000000001,959.099999999991,1015.10000000001,1084.09999999999,678.100000000006,852.4,883.4,974.4,1453.4,1031.4,1312.4,817.4,1215.4,1244.4,1358.4,997.0,765.0,856.0
41,N1160,00HG,E06000026,Plymouth,418.800000000003,427.800000000003,323.799999999988,963.800000000003,720.800000000003,1342.8,772.800000000003,892.799999999988,396.800000000003,517.800000000003,546.8,638.8,827.8,774.8,1202.8,602.8,1539.8,943.8,769.8,611.8,339.0,397.0,236.0
42,Q1255,00HP,E06000029,Poole,366.599999999999,298.599999999999,467.600000000006,383.599999999999,798.599999999999,636.599999999999,589.599999999999,823.600000000006,391.599999999991,227.600000000006,185.82206553724,206.82206553724,175.82206553724,298.82206553724,333.82206553724,627.82206553724,305.82206553724,424.82206553724,,,,,
43,Z1775,00MR,E06000044,Portsmouth,515.800000000003,623.800000000003,595.799999999988,755.800000000003,652.800000000003,544.800000000003,730.800000000003,1327.79999999999,751.800000000003,335.800000000003,270.3,345.3,230.3,413.3,414.3,387.3,402.3,177.3,162.3,279.3,144.0,-26.0,243.0
44,E0345,00MC,E06000038,Reading,529.372657342654,478.372657342661,533.372657342654,1086.37265734266,565.372657342654,546.372657342654,746.372657342661,691.372657342654,602.372657342661,307.646083916086,386.1,523.1,440.1,714.1,830.1,796.1,779.1,989.1,600.1,487.1,850.0,888.0,1021.0
45,V0728,00EE,E06000003,Redcar and Cleveland,159.199999999997,374.200000000004,-91.8000000000029,320.200000000004,143.199999999997,378.199999999997,192.200000000004,288.199999999997,139.200000000004,134.199999999997,309.9,77.9,250.9,488.9,240.9,539.9,444.9,518.9,390.9,379.9,444.0,452.0,482.0
46,A2470,00FP,E06000017,Rutland,195.1,97.1000000000004,185.099999999999,317.1,316.1,217.1,116.1,147.099999999999,131.1,137.1,33.9,86.9,144.9,202.9,197.9,234.9,228.9,190.9,165.9,91.9,96.0,96.0,110.0
47,L3245,00GG,E06000051,Shropshire,,,,,,,,,1344.19999999998,1229.20000000001,580.7,701.7,664.7,1005.7,1252.7,1760.7,1726.7,1666.7,1392.7,1432.7,1506.0,1426.0,1514.0
48,J0350,00MD,E06000039,Slough,666.699999999997,346.700000000004,487.699999999997,988.700000000004,540.699999999997,479.699999999997,1033.7,742.699999999997,422.700000000004,393.699999999997,178.6,114.6,328.6,403.6,721.6,456.6,778.6,466.6,435.6,471.6,532.0,322.0,827.0
49,E3301,E3301,E06000066,Somerset,,,,,,,,,,,,,,,,,,,,,,,1926.0
50,P0119,00HD,E06000025,South Gloucestershire,930.399999999994,1355.40000000001,852.399999999994,650.400000000009,740.399999999994,793.399999999994,1107.40000000001,1020.39999999999,846.400000000009,818.399999999994,863.3,763.3,1035.3,1164.3,1047.3,1570.3,1539.3,1513.3,1454.3,1581.3,1657.0,1785.0,1583.0
51,D1780,00MS,E06000045,Southampton,357.899999999994,848.900000000009,843.899999999994,856.900000000009,878.899999999994,1116.89999999999,748.900000000009,882.899999999994,373.900000000009,639.899999999994,552.4,345.4,380.4,1298.4,936.4,887.4,716.4,1506.4,350.4,535.4,413.0,367.0,261.0
52,D1590,00KF,E06000033,Southend-on-Sea,489.180723643163,513.180723643178,446.180723643163,620.180723643178,749.180723643163,582.180723643163,373.180723643178,454.180723643163,278.180723643178,226.373487211473,420.2,346.2,204.2,277.2,314.2,572.2,613.2,584.2,310.2,329.2,489.0,341.0,173.0
53,H0738,00EF,E06000004,Stockton-on-Tees,927.0,801.0,-134.0,439.0,481.0,648.0,1236.0,591.0,636.0,553.0,455.1,600.1,342.1,425.1,348.1,908.1,754.1,782.1,996.1,600.1,337.0,604.0,666.0
54,M3455,00GL,E06000021,Stoke-on-Trent,685.978014073495,261.978014073495,41.9780140734947,621.978014073495,570.978014073495,482.978014073495,510.978014073495,100.978014073495,-76.0219859265053,652.197873338548,276.734717868343,264.585031347962,475.585031347962,502.585031347962,432.585031347962,735.585031347962,662.585031347962,995.585031347962,892.585031347962,462.585031347962,455.0,429.0,450.0
55,U3935,00HX,E06000030,Swindon,879.5,1104.5,1318.5,1771.5,1613.5,2326.5,2006.5,1031.5,943.5,843.5,847.2,558.2,554.2,645.2,1400.2,1657.2,772.2,1082.2,681.2,525.2,1099.0,1008.0,720.0
56,C3240,00GF,E06000020,Telford and Wrekin,636.0,422.0,-21.0,52.0,446.0,347.0,232.0,324.0,342.0,413.0,794.6,681.6,916.6,1148.6,1329.6,1222.6,1121.6,1430.6,1065.6,910.6,1632.0,1548.0,1000.0
57,M1595,00KG,E06000034,Thurrock,818.900000000002,869.900000000002,397.899999999994,1079.9,651.900000000002,325.900000000001,74.9000000000015,42.8999999999942,0.900000000001455,200.900000000001,418.2,386.2,398.2,384.2,786.2,678.2,932.2,483.2,633.2,568.2,319.0,177.0,525.0
58,X1165,00HH,E06000027,Torbay,515.599999999999,482.599999999999,336.600000000006,297.599999999999,313.599999999999,337.599999999999,622.599999999999,344.600000000006,217.599999999999,297.599999999999,458.7,449.7,602.7,499.7,608.7,526.7,614.7,731.7,388.7,460.7,312.0,251.0,211.0
59,M0655,00EU,E06000007,Warrington,299.5,351.5,420.5,1059.5,1224.5,1352.5,1790.5,606.5,375.5,498.5,657.0,704.0,750.0,744.0,652.0,549,416,560,598.0,632.0,684.0,1473.0,655.0
60,W0340,00MB,E06000037,West Berkshire,349.0,382.0,618.0,948.0,1052.0,1045.0,664.0,509.0,227.0,180.0,165.2,555.2,450.2,499.2,628.2,488.2,529.2,530.2,401.2,620.2,723.0,638.0,673.0
61,A0018,A0018,E06000062,West Northamptonshire,,,,,,,,,,,,,,,,,,,,,2192.0,2227.0,1863.0
62,E0902,E0902,E06000064,Westmorland and Furness,,,,,,,,,,,,,,,,,,,,,,,800.0
63,Y3940,00HY,E06000054,Wiltshire,,,,,,,,,1369.69999999998,1795.70000000001,2035.0,1989.0,2519.0,2411.0,2086.0,3131,2717,2989,2090.0,2147.0,1854.0,2405.0,1795.0
64,T0355,00ME,E06000040,Windsor and Maidenhead,424.5,411.5,374.5,451.5,498.5,456.5,545.5,568.5,448.5,287.5,172.1,188.1,355.1,509.1,597.1,579.1,510.1,649.1,399.1,305.1,288.0,316.0,857.0
65,X0360,00MF,E06000041,Wokingham,203.099999999999,398.099999999999,406.100000000006,343.099999999999,622.099999999999,985.099999999999,455.099999999999,335.100000000006,193.099999999999,187.099999999999,314.4,442.4,534.4,495.4,679.4,974.4,1550.4,1291.4,1596.4,1170.4,1481.0,851.0,799.0
66,C2741,00FF,E06000014,York,821.0,939.0,1053.0,360.0,1173.0,795.0,602.0,385.0,642.0,486.0,232.5,31.5,12.5,227.5,634.5,321.5,1239.5,392.5,503.5,565.5,402.0,459.0,528.0
67,,,,London Boroughs,19688.1101379229,21648.1101379229,25775.1101379229,26873.1101379229,28852.1101379229,30927.110137923,31557.1101379229,32290.1101379229,28330.1101379229,21820.0087586939,29672.338946456,25844.9623392827,28382.9623392827,31648.9623392827,35195.9623392827,44365.9623392827,36528.9623392827,41423.9623392827,45675.9623392827,38828.9623392827,39173.0,35263.0,32162.0
68,Z5060,00AB,E09000002,Barking and Dagenham,227.699999999997,311.699999999997,61.7000000000116,361.699999999997,267.699999999997,306.699999999997,715.699999999997,287.700000000012,107.699999999997,132.699999999997,285.8,439.8,664.8,447.8,665.8,529.8,346.8,839.8,674.8,981.8,1206.0,1241.0,975.0
69,N5090,00AC,E09000003,Barnet,285.600000000006,1082.60000000001,972.599999999977,1046.60000000001,1038.60000000001,487.600000000006,1251.60000000001,1088.59999999998,847.600000000006,729.600000000006,2010.78093346574,1270.13545183714,1009.13545183714,1220.13545183714,1354.13545183714,1695.13545183714,2104.13545183714,2105.13545183714,1886.13545183714,2146.13545183714,2000.0,2246.0,2475.0
70,D5120,00AD,E09000004,Bexley,301.600000000006,315.599999999991,726.600000000006,270.599999999991,212.600000000006,312.600000000006,332.599999999991,292.600000000006,427.599999999991,238.600000000006,211.1,426.1,536.1,818.1,-123.9,772.1,285.1,494.1,216.1,640.1,710.0,572.0,697.0
71,T5150,00AE,E09000005,Brent,1401.10000000001,1018.09999999999,608.100000000006,639.099999999991,1674.10000000001,1202.10000000001,1067.09999999999,1207.10000000001,1170.09999999999,669.100000000006,817.6,919.6,991.6,1816.6,1308.6,1621.6,951.6,1998.6,2690.6,2661.6,3574.0,2288.0,864.0
72,G5180,00AF,E09000006,Bromley,257.199999999997,340.199999999997,494.200000000012,831.199999999997,747.199999999997,952.200000000012,773.199999999983,560.200000000012,625.199999999983,738.200000000012,740.2,856.2,313.2,575.2,864.2,1022.2,718.2,872.2,649.2,436.2,120.0,399.0,168.0
73,X5210,00AG,E09000007,Camden,772.100000000006,576.099999999991,381.100000000006,722.099999999991,787.100000000006,647.100000000006,519.099999999991,1040.10000000001,582.099999999991,689.100000000006,482.4,678.4,568.4,553.4,1079.4,1322.4,1059.4,941.4,1099.4,623.4,536.0,358.0,611.0
74,K5030,00AA,E09000001,City of London,108.1,9.09999999999945,137.1,111.099999999999,-0.899999999999636,1.10000000000036,46.0999999999995,46.1000000000004,-7.90000000000055,54.1000000000004,19.8,36.8,438.8,227.8,78.8,8.8,139.8,352.8,298.8,207.8,432.0,9.0,-3.0
75,L5240,00AH,E09000008,Croydon,123.600000000006,395.600000000006,357.599999999977,389.600000000006,394.600000000006,752.600000000006,1182.60000000001,1255.59999999998,1097.60000000001,849.600000000006,459.7,643.7,1047.7,1275.7,1796.7,2587.7,1828.7,1342.7,1409.7,1781.7,2122.0,2904.0,2087.0
76,A5270,00AJ,E09000009,Ealing,258.699999999997,332.699999999997,505.700000000012,481.699999999997,833.699999999997,1367.7,1419.7,849.700000000012,520.699999999997,285.699999999997,1018.2,1323.2,1102.2,1230.2,1054.2,1178.2,1790.2,2087.2,2141.2,2014.2,1066.0,1760.0,1521.0
77,Q5300,00AK,E09000010,Enfield,1182.89999999999,1142.90000000001,1063.89999999999,717.900000000009,557.899999999994,1053.89999999999,1278.90000000001,676.899999999994,619.900000000009,798.899999999994,356.0,608.0,571.0,458.0,731.0,957,445,559,479.0,850.0,697.0,856.0,810.0
78,E5330,00AL,E09000011,Greenwich,565.899999999994,773.900000000009,1435.89999999999,1624.90000000001,1386.89999999999,737.899999999994,325.900000000009,302.899999999994,90.9000000000087,534.899999999994,1580.6,371.6,1369.6,1405.6,1977.6,2637.6,2158.6,1771.6,3309.6,1248.6,1257.0,1190.0,856.0
79,U5360,00AM,E09000012,Hackney,1348.55650123776,1659.55650123778,1371.55650123778,1150.55650123776,1202.55650123776,1450.55650123778,1910.55650123778,2387.55650123776,1967.55650123776,750.991488860076,1473.34167776299,1116.73981358189,1441.73981358189,1574.73981358189,1142.73981358189,1512.73981358189,1583.73981358189,1838.73981358189,962.739813581891,1285.73981358189,1531.0,862.0,397.0
80,H5390,00AN,E09000013,Hammersmith and Fulham,192.300000000003,321.300000000003,589.299999999988,468.300000000003,648.300000000003,654.300000000003,541.300000000003,484.299999999988,907.300000000003,488.300000000003,584.7,533.7,739.7,1473.7,481.7,1087.7,1644.7,1159.7,1262.7,1534.7,2300.0,1398.0,1477.0
81,Y5420,00AP,E09000014,Haringey,682.684298007778,821.684298007778,571.684298007778,1454.68429800778,1170.68429800778,1487.68429800779,1132.68429800778,1334.68429800778,1135.68429800778,742.841317929982,1447.4,741.4,638.4,297.4,403.4,905.4,1364.4,732.4,1029.4,1596.4,1511.0,898.0,1185.0
82,M5450,00AQ,E09000015,Harrow,229.100000000006,561.099999999991,529.100000000006,651.099999999991,658.100000000006,709.100000000006,463.099999999991,860.100000000006,599.099999999991,530.100000000006,560.9,805.9,385.9,500.9,1000.9,746.9,790.9,1319.9,1290.9,865.9,432.0,657.0,751.0
83,B5480,00AR,E09000016,Havering,402.469338677358,358.469338677358,629.469338677343,544.469338677358,464.469338677358,940.469338677358,419.469338677358,737.469338677343,516.469338677358,378.775951903808,352.4,547.4,466.4,952.4,1322.4,753.4,587.4,776.4,818.4,796.4,624.0,1070.0,587.0
84,R5510,00AS,E09000017,Hillingdon,267.5,438.5,539.5,340.5,594.5,284.5,494.5,881.5,606.5,399.5,1226.6,1704.6,791.6,782.6,946.6,1001.6,1079.6,1194.6,1883.6,955.6,902.0,723.0,759.0
85,F5540,00AT,E09000018,Hounslow,711.199999999997,912.199999999997,1174.20000000001,901.199999999997,858.199999999997,1741.2,1992.2,868.200000000012,924.199999999997,999.199999999997,898.9,550.9,1004.9,715.9,798.9,875.9,1229.9,1582.9,1863.9,1718.9,1737.0,1238.0,1217.0
86,V5570,00AU,E09000019,Islington,1011.3,1728.3,1279.29999999999,679.300000000003,877.300000000003,1830.3,1728.3,2329.29999999999,1593.3,571.300000000003,1399.0,1094.0,1418.0,673.0,1202.0,849,542,1091,932.0,826.0,457.0,441.0,904.0
87,K5600,00AW,E09000020,Kensington and Chelsea,67.6999999999971,146.699999999997,397.700000000012,154.699999999997,77.6999999999971,34.6999999999971,-53.3000000000029,-24.2999999999884,203.699999999997,41.6999999999971,174.5,129.5,668.5,1056.5,456.5,427.5,407.5,187.5,583.5,339.5,187.0,275.0,245.0
88,Z5630,00AX,E09000021,Kingston upon Thames,146.599999999999,247.599999999999,536.600000000006,513.599999999999,330.599999999999,297.599999999999,265.599999999999,159.600000000006,114.599999999999,111.599999999999,239.1,218.1,276.1,541.1,254.1,288.1,232.1,516.1,628.1,494.1,307.0,294.0,1041.0
89,N5660,00AY,E09000022,Lambeth,1065.0,558.0,806.0,1020.0,1368.0,1348.0,1423.0,1311.0,1366.0,1558.0,1068.9,753.9,1472.9,1629.9,1565.9,1353.9,1761.9,1437.9,1735.9,1416.9,362.0,486.0,608.0
90,C5690,00AZ,E09000023,Lewisham,470.5,311.5,1061.5,786.5,1037.5,654.5,1083.5,1206.5,1063.5,1011.5,1378.5,1988.5,903.5,1658.5,1729.5,1794.5,716.5,1818.5,1441.5,371.5,435.0,289.0,408.0
91,T5720,00BA,E09000024,Merton,-186.800000000003,-126.800000000003,-142.799999999988,-61.8000000000029,270.199999999997,-6.80000000000291,149.199999999997,366.200000000012,-78.8000000000029,-51.8000000000029,620.3,523.3,550.3,535.3,618.3,544.3,758.3,383.3,456.3,714.3,920.0,535.0,281.0
92,G5750,00BB,E09000025,Newham,1219.39999999999,881.400000000009,1314.39999999999,572.400000000009,896.399999999994,720.399999999994,920.400000000009,1069.39999999999,1459.40000000001,768.399999999994,1194.3,955.3,2254.3,2335.3,1726.3,2662.3,2131.3,2790.3,3653.3,2098.3,3243.0,1983.0,2999.0
93,W5780,00BC,E09000026,Redbridge,693.199999999997,818.199999999997,695.200000000012,707.199999999997,762.199999999997,1022.2,626.199999999997,624.200000000012,951.199999999997,459.199999999997,696.2,434.2,428.2,427.2,224.2,925.2,632.2,934.2,794.2,645.2,287.0,223.0,337.0
94,L5810,00BD,E09000027,Richmond upon Thames,264.800000000003,280.800000000003,291.799999999988,628.800000000003,941.800000000003,285.800000000003,352.800000000003,395.799999999988,262.800000000003,365.800000000003,156.8,432.8,311.8,188.8,460.8,412.8,329.8,370.8,260.8,179.8,173.0,142.0,147.0
95,A5840,00BE,E09000028,Southwark,421.100000000006,927.099999999991,1678.10000000001,2017.09999999999,1568.10000000001,2311.10000000001,2147.09999999999,1468.10000000001,1755.09999999999,1853.10000000001,1377.0,1570.0,1974.0,1464.0,1705.0,2735,1141,3531,1781.0,1419.0,1450.0,1418.0,1732.0
96,P5870,00BF,E09000029,Sutton,33.3999999999942,121.400000000009,198.399999999994,299.400000000009,144.399999999994,135.399999999994,482.400000000009,328.399999999994,63.4000000000087,188.399999999994,668.0,308.0,381.0,508.0,472.0,734,778,656,654.0,394.0,541.0,477.0,361.0
97,E5900,00BG,E09000030,Tower Hamlets,1960.0,1474.0,1682.0,3039.0,2976.0,3017.0,2637.0,3461.0,3038.0,1870.0,3387.31633522727,1473.18707386364,1172.18707386364,1428.18707386364,2906.18707386364,5339.18707386364,2515.18707386364,2036.18707386364,5076.18707386364,3760.18707386364,4203.0,2584.0,1071.0
98,U5930,00BH,E09000031,Waltham Forest,417.300000000003,290.300000000003,291.299999999988,627.300000000003,762.300000000003,922.300000000003,978.300000000003,966.299999999988,376.300000000003,655.300000000003,724.0,688.0,609.0,891.0,1193.0,1253,932,833,1135.0,1635.0,981.0,1221.0,944.0
99,H5960,00BJ,E09000032,Wandsworth,875.600000000006,1201.59999999999,1316.60000000001,1742.59999999999,1362.60000000001,1702.60000000001,1280.59999999999,1833.59999999999,1825.60000000001,733.600000000006,948.2,923.2,1165.2,1050.2,2704.2,2302.2,2213.2,1879.2,1281.2,1381.2,1905.0,2138.0,2720.0
100,X5990,00BK,E09000033,Westminster,1910.7,1416.7,2219.70000000001,1439.7,1980.7,1562.7,1669.7,1633.70000000001,1597.7,1673.7,1113.8,778.8,716.8,935.8,1094.8,1528.8,1329.8,989.8,1296.8,808.8,965.0,2088.0,930.0
101,,,,Metropolitan Districts,18730.7638440487,21645.7638440486,26503.7638440488,30319.7278551221,33928.7638440487,40172.7638440487,44743.7638440486,32928.7638440488,23655.7638440486,20869.1613924884,17036.5019899664,17805.3886677815,19905.3886677815,25688.3886677815,29202.3886677815,34947.3886677815,36977.3886677815,42317.3886677815,44039.3886677815,35028.3886677815,39607.0,34228.0,39355.0
102,,,E11000001,Greater Manchester (Met County),5580.68526282779,6617.68526282776,7538.68526282783,8082.85997829992,8882.68526282779,12224.6852628278,14845.6852628278,8137.68526282783,4752.68526282776,4126.65791907779,3200.00626490353,5154.22152612183,3970.22152612183,5226.22152612183,5995.22152612183,7701.22152612183,8802.22152612183,11335.2215261218,13551.2215261218,11958.2215261218,11374.0,9336.0,10227.0
103,N4205,00BL,E08000001,Bolton,1061.60000000001,486.599999999991,518.600000000006,556.599999999991,891.600000000006,1057.60000000001,1304.59999999999,660.600000000006,502.599999999991,456.600000000006,590.2,407.2,392.2,533.2,576.2,501.2,547.2,608.2,527.2,611.2,609.0,737.0,574.0
104,T4210,00BM,E08000002,Bury,293.199999999997,658.199999999997,402.200000000012,754.199999999997,940.199999999997,376.199999999997,414.199999999997,303.200000000012,228.199999999997,283.199999999997,231.6,285.6,277.6,554.6,346.6,379.6,286.6,401.6,211.6,225.6,289.0,280.0,244.0
105,B4215,00BN,E08000003,Manchester,1929.70000000001,2592.69999999998,2407.70000000001,3303.69999999998,3006.70000000001,4900.70000000001,5471.69999999998,2215.70000000001,1820.69999999998,878.700000000012,656.2,2020.2,401.2,674.2,1545.2,1580.2,2762.2,2132.2,3793.2,3812.2,3757.0,1816.0,2531.0
106,F4220,00BP,E08000004,Oldham,181.199999999997,253.199999999997,320.200000000012,28.1999999999971,154.199999999997,213.199999999997,325.199999999997,323.200000000012,-157.800000000003,-13.8000000000029,128.4,372.4,446.4,613.4,380.4,446.4,465.4,649.4,848.4,500.4,506.0,400.0,417.0
107,P4225,00BQ,E08000005,Rochdale,253.199999999997,442.199999999997,199.200000000012,133.199999999997,484.199999999997,221.199999999997,511.199999999997,471.200000000012,126.199999999997,280.199999999997,560.8,554.8,373.8,419.8,414.8,421.8,905.8,939.8,756.8,626.8,553.0,594.0,681.0
108,U4230,00BR,E08000006,Salford,32.0,382.0,1006.0,597.0,524.0,1836.0,2724.0,1671.0,595.0,573.0,36.3,437.3,731.3,863.3,986.3,2370.3,1367.3,3096.3,3755.3,2913.3,2818.0,2214.0,2640.0
109,C4235,00BS,E08000007,Stockport,115.0,-20.0,183.0,260.0,342.0,647.0,482.0,180.0,57.0,37.0,188.9,364.9,362.9,420.9,312.9,649.9,727.9,718.9,1288.9,540.9,587.0,481.0,621.0
110,G4240,00BT,E08000008,Tameside,232.887220982142,182.887220982142,594.887220982142,464.887220982142,760.887220982142,640.887220982157,868.887220982142,729.887220982142,332.887220982142,461.015011160707,427.106264903532,568.32152612183,422.32152612183,418.32152612183,612.32152612183,384.32152612183,503.32152612183,665.32152612183,493.32152612183,387.32152612183,421.0,467.0,632.0
111,Q4245,00BU,E08000009,Trafford,553.398041845634,448.398041845649,836.398041845634,622.572757317816,560.398041845634,591.398041845634,813.398041845649,345.398041845634,284.398041845649,258.242907917069,91.4,-3.59999999999999,36.4,270.4,252.4,221.4,359.4,844.4,580.4,972.4,501.0,939.0,741.0
112,V4250,00BW,E08000010,Wigan,928.5,1191.5,1070.5,1362.5,1218.5,1740.5,1930.5,1237.5,963.5,912.5,289.1,147.1,526.1,458.1,568.1,746.1,877.1,1279.1,1296.1,1368.1,1333.0,1408.0,1146.0
113,,,E11000002,Merseyside (Met County),2413.72107043986,2113.72107043987,3039.72107043988,3074.51036604121,3405.72107043988,4801.72107043986,4158.72107043985,4128.72107043988,2762.72107043987,1794.72107043986,1777.0,1743.0,2288.0,3426.0,2958.0,5142,4666,4813,5613.0,4883.0,4456.0,3717.0,4138.0
114,V4305,00BX,E08000011,Knowsley,313.800000000003,56.7999999999956,-4.19999999999709,-251.200000000004,-36.1999999999971,408.800000000003,37.7999999999956,217.800000000003,-87.2000000000044,139.800000000003,354.5,319.5,484.5,657.5,417.5,599.5,750.5,964.5,1221.5,934.5,499.0,701.0,726.0
115,Z4310,00BY,E08000012,Liverpool,634.899999999994,714.899999999994,1140.90000000002,1821.89999999999,2182.89999999999,2769.89999999999,2151.89999999999,2943.90000000002,1589.89999999999,893.899999999994,302.4,256.4,362.4,869.4,1380.4,2845.4,2108.4,1577.4,1896.4,1723.4,2392.0,1149.0,1940.0
116,M4320,00CA,E08000014,Sefton,459.199999999997,497.199999999997,463.200000000012,318.199999999997,291.199999999997,152.199999999997,569.199999999997,113.200000000012,403.199999999997,237.199999999997,576.8,548.8,485.8,627.8,-15.2,779.8,592.8,750.8,887.8,902.8,677.0,729.0,735.0
117,H4315,00BZ,E08000013,St. Helens,433.22107043986,206.221070439875,728.22107043986,607.010366041213,442.221070439875,512.22107043986,348.22107043986,152.22107043986,311.221070439875,69.2210704398603,459.5,304.5,591.5,672.5,615.5,527.5,448.5,815.5,798.5,686.5,259.0,430.0,223.0
118,W4325,00CB,E08000015,Wirral,572.600000000006,638.600000000006,711.599999999977,578.600000000006,525.600000000006,958.600000000006,1051.60000000001,701.599999999977,545.600000000006,454.600000000006,83.8,313.8,363.8,598.8,559.8,389.8,765.8,704.8,808.8,635.8,629.0,708.0,514.0
119,,,E11000003,South Yorkshire (Met County),1397.8,3401.79999999999,2977.80000000002,3213.79999999999,3948.8,4079.8,5654.79999999999,4519.80000000002,3142.79999999999,3055.8,1817.2,1742.2,2372.2,3309.2,3541.2,4251.2,4492.2,4212.2,5403.2,3266.2,4649.0,4388.0,5277.0
120,B4405,00CC,E08000016,Barnsley,576.600000000006,536.599999999991,1257.60000000001,1327.59999999999,951.600000000006,959.600000000006,1170.59999999999,878.600000000006,562.599999999991,1011.60000000001,886.3,717.3,809.3,680.3,766.3,910.3,1069.3,1048.3,1112.3,650.3,595.0,681.0,637.0
121,F4410,00CE,E08000017,Doncaster,-335.300000000003,1744.7,-2285.29999999999,1425.7,1379.7,1284.7,1413.7,1708.70000000001,505.699999999997,816.699999999997,522.1,381.1,719.1,857.1,1227.1,1114.1,1273.1,1392.1,1278.1,826.1,1190.0,1295.0,1388.0
122,P4415,00CF,E08000018,Rotherham,1187.0,792.0,577.0,561.0,400.0,624.0,596.0,685.0,394.0,543.0,786.7,693.7,737.7,817.7,769.7,789.7,656.7,606.7,740.7,750.7,1090.0,745.0,784.0
123,U4420,00CG,E08000019,Sheffield,-30.5,328.5,3428.5,-100.5,1217.5,1211.5,2474.5,1247.5,1680.5,684.5,-377.9,-49.9,106.1,954.1,778.1,1437.1,1493.1,1165.1,2272.1,1039.1,1774.0,1667.0,2468.0
124,,,E11000004,Tyne and Wear (Met County),839.89999999998,1423.90000000002,2717.89999999999,2931.90000000002,2415.89999999998,2619.89999999998,2544.90000000002,1574.89999999999,1645.90000000002,1831.89999999998,797.295725062865,600.96714165968,1033.96714165968,1937.96714165968,2683.96714165968,4584.96714165968,4024.96714165968,3409.96714165968,2803.96714165968,2406.96714165968,3418.0,3506.0,2530.0
125,H4505,00CH,E08000037,Gateshead,229.899999999994,693.900000000009,942.899999999994,853.900000000009,280.899999999994,619.899999999994,592.900000000009,314.899999999994,267.900000000009,220.899999999994,107.4,188.4,0.400000000000006,-16.6,161.4,179.4,71.4,304.4,211.4,257.4,406.0,448.0,344.0
126,M4510,00CJ,E08000021,Newcastle upon Tyne,207.899999999994,176.900000000009,138.899999999994,619.900000000009,743.899999999994,667.899999999994,620.900000000009,211.899999999994,251.900000000009,517.899999999994,-84.904274937135,-412.23285834032,19.7671416596801,260.76714165968,759.76714165968,2289.76714165968,1848.76714165968,1274.76714165968,1044.76714165968,790.76714165968,1327.0,1278.0,706.0
127,W4515,00CK,E08000022,North Tyneside,33.1999999999971,254.199999999997,916.200000000012,945.199999999997,965.199999999997,773.199999999997,823.199999999997,530.200000000012,503.199999999997,472.199999999997,341.8,396.8,324.8,359.8,481.8,837.8,910.8,878.8,499.8,508.8,504.0,619.0,425.0
128,A4520,00CL,E08000023,South Tyneside,-17.0,-118.0,302.0,110.0,148.0,403.0,287.0,186.0,200.0,212.0,224.6,143.6,133.6,392.6,351.6,414.6,268.6,211.6,200.6,146.6,207.0,175.0,191.0
129,J4525,00CM,E08000024,Sunderland,385.899999999994,416.900000000009,417.899999999994,402.900000000009,277.899999999994,155.899999999994,220.900000000009,331.899999999994,422.900000000009,408.899999999994,208.4,284.4,555.4,941.4,929.4,863.4,925.4,740.4,847.4,703.4,974.0,986.0,864.0
130,,,E11000005,West Midlands (Met County),2618.19999999998,3963.2,3934.20000000004,6730.2,7911.19999999998,6505.19999999998,7395.2,5945.20000000004,5521.2,4685.19999999998,4592.9,4651.9,4944.9,6434.9,7234.9,5756.9,7680.9,9261.9,9064.9,6506.9,8503.0,6899.0,8790.0
131,P4605,00CN,E08000025,Birmingham,1434.29999999999,1216.29999999999,1760.30000000005,2625.29999999999,3319.29999999999,2007.29999999999,3166.29999999999,2634.30000000005,1111.29999999999,1163.29999999999,934.9,1119.9,1345.9,1556.9,2586.9,1498.9,2907.9,3934.9,3542.9,3228.9,3177.0,3062.0,4546.0
132,U4610,00CQ,E08000026,Coventry,566.0,624.0,-8.0,308.0,631.0,918.0,1133.0,710.0,794.0,759.0,758.9,825.9,935.9,955.9,1252.9,975.9,941.9,1345.9,2087.9,435.9,1851.0,1446.0,1301.0
133,C4615,00CR,E08000027,Dudley,-317.0,624.0,587.0,751.0,688.0,901.0,678.0,823.0,288.0,653.0,573.7,697.7,662.7,694.7,478.7,587.7,688.7,729.7,696.7,567.7,219.0,302.0,743.0
134,G4620,00CS,E08000028,Sandwell,-80.3999999999942,448.599999999991,517.600000000006,914.599999999991,1221.60000000001,1305.60000000001,1331.59999999999,629.600000000006,652.599999999991,609.600000000006,700.9,689.9,632.9,1020.9,659.9,982.9,777.9,895.9,568.9,755.9,661.0,340.0,647.0
135,Q4625,00CT,E08000029,Solihull,585.5,324.5,376.5,554.5,835.5,679.5,513.5,448.5,309.5,193.5,322.7,390.7,187.7,729.7,741.7,633.7,769.7,852.7,694.7,718.7,756.0,571.0,443.0
136,V4630,00CU,E08000030,Walsall,85.8999999999942,531.900000000009,247.899999999994,831.900000000009,489.899999999994,171.899999999994,-11.0999999999913,48.8999999999942,1894.90000000001,1025.89999999999,551.8,426.8,730.8,779.8,931.8,480.8,778.8,790.8,635.8,165.8,524.0,453.0,388.0
137,D4635,00CW,E08000031,Wolverhampton,343.899999999994,193.900000000009,452.899999999994,744.900000000009,725.899999999994,521.899999999994,583.900000000009,650.899999999994,470.900000000009,280.899999999994,750.0,501.0,449.0,697.0,583.0,597,816,712,838.0,634.0,1315.0,725.0,722.0
138,,,E11000006,West Yorkshire (Met County),5880.45751078105,4125.45751078099,6295.45751078104,6286.45751078099,7364.45751078105,9941.45751078105,10144.457510781,8622.45751078104,5830.45751078099,5374.88240297079,4852.1,3913.1,5296.1,5354.1,6789.1,7511.1,7311.1,9285.1,7603.1,6007.1,7207.0,6382.0,8393.0
139,W4705,00CX,E08000032,Bradford,1752.10000000001,1048.10000000001,1293.09999999998,1186.10000000001,1046.10000000001,2337.10000000001,1397.10000000001,2199.09999999998,1758.10000000001,1455.10000000001,919.9,907.9,1060.9,1320.9,1093.9,1674.9,1807.9,1800.9,1196.9,708.9,1325.0,1044.0,1396.0
140,A4710,00CY,E08000033,Calderdale,357.800000000003,399.800000000003,608.799999999988,858.800000000003,1059.8,1275.8,1310.8,490.799999999988,573.800000000003,510.800000000003,387.3,510.3,342.3,579.3,344.3,391.3,309.3,571.3,362.3,278.3,443.0,332.0,411.0
141,J4715,00CZ,E08000034,Kirklees,1348.75751078103,747.757510781026,1091.75751078103,1212.75751078103,1377.75751078103,2661.75751078103,2680.75751078103,1493.75751078103,1087.75751078103,1251.18240297076,617.4,258.4,713.4,198.4,811.4,660.4,1007.4,1227.4,808.4,698.4,704.0,985.0,1204.0
142,N4720,00DA,E08000035,Leeds,1270.40000000002,1031.39999999997,2554.40000000002,2127.39999999997,2932.40000000002,2824.40000000002,3070.39999999997,3322.40000000002,1732.39999999997,1184.40000000002,1996.3,1623.3,2294.3,2044.3,2539.3,2889.3,2348.3,3492.3,3398.3,3015.3,3238.0,2697.0,4327.0
143,X4725,00DB,E08000036,Wakefield,1151.39999999999,898.399999999994,747.400000000023,901.399999999994,948.399999999994,842.399999999994,1685.39999999999,1116.40000000002,678.399999999994,973.399999999994,931.2,613.2,885.2,1211.2,2000.2,1895.2,1838.2,2193.2,1837.2,1306.2,1497.0,1324.0,1055.0
144,,,,Shire Districts,82732.1126678093,89027.6126678093,90608.6126678094,96970.4643428158,105468.612667809,106446.612667809,109703.612667809,87395.4316016329,59125.7945611916,60550.4972742684,61107.2037845816,55272.0776553383,61264.0776553383,76916.0776553384,86627.0776553384,94043.0776553384,99811.0776553384,108588.077655338,103278.887387076,93621.0873870757,96524.0,103159.0,86201.0
145,,,E10000001,Bedfordshire,2071.50000000001,1346.49999999999,2045.50000000001,1740.49999999999,2183.50000000001,1721.5,2094.50000000001,1441.49999999999,,,,,,,,,,,,,,,
146,W0205,09UD,E07000002,Bedford,772.300000000003,467.299999999996,837.300000000003,677.299999999996,507.300000000003,497.300000000003,672.300000000003,448.299999999988,,,,,,,,,,,,,,,
147,J0215,09UC,E07000001,Mid Bedfordshire,623.50386731208,674.50386731208,776.50386731208,479.503867312073,911.50386731208,874.50386731208,748.50386731208,748.50386731208,,,,,,,,,,,,,,,
148,N0220,09UE,E07000003,South Bedfordshire,675.696132687925,204.696132687917,431.696132687925,583.696132687917,764.696132687925,349.696132687917,673.696132687925,244.696132687917,,,,,,,,,,,,,,,
149,,,E10000002,Buckinghamshire,1595.0,1095.0,1415.0,1243.0,1283.0,1619.0,1981.0,1648.0,1274.0,1558.0,1970.8,1739.8,1608.8,2149.8,1872.8,2962.8,2598.8,3305.8,2322.8,,,,
150,J0405,11UB,E07000004,Aylesbury Vale,670.0,406.0,785.0,513.0,489.0,462.0,668.0,590.0,641.0,631.0,1119.86761489859,949.867614898589,1006.86761489859,1439.86761489859,1207.86761489859,1339.86761489859,1430.86761489859,1774.86761489859,1731.86761489859,,,,
151,X0415,11UC,E07000005,Chiltern,153.199999999997,144.200000000004,286.199999999997,247.200000000004,264.199999999997,263.199999999997,226.200000000004,141.199999999997,122.200000000004,128.199999999997,185.984187799929,318.984187799929,167.984187799929,123.984187799929,182.984187799929,242.984187799929,294.984187799929,365.984187799929,103.984187799929,,,,
152,N0410,11UE,E07000006,South Bucks,219.700000000001,102.700000000001,-74.3000000000029,207.700000000001,168.700000000001,231.700000000001,414.700000000001,230.699999999997,145.700000000001,161.700000000001,134.502020522585,232.502020522585,148.502020522585,146.502020522585,89.5020205225854,575.502020522585,305.502020522585,334.502020522585,104.502020522585,,,,
153,K0425,11UF,E07000007,Wycombe,552.100000000006,442.099999999991,418.100000000006,275.099999999991,361.100000000006,662.100000000006,672.099999999991,686.100000000006,365.099999999991,637.100000000006,530.446176778897,238.446176778897,285.446176778897,439.446176778897,392.446176778897,804.446176778897,567.446176778897,830.446176778897,382.446176778897,,,,
154,,,E10000003,Cambridgeshire,2206.6,2777.6,3322.6,2859.60000000001,3888.59999999999,3650.59999999999,4217.60000000001,2775.59999999999,2128.60000000001,2475.59999999999,2597.2,2212.2,3262.2,2983.2,2656.2,3166.2,3479.2,3954.2,3689.2,3644.2,3894.0,4941.0,3973.0
155,Q0505,12UB,E07000008,Cambridge,104.5,342.5,496.5,616.5,745.5,684.5,538.5,604.5,303.5,405.5,365.0,518.0,1332.0,749.0,918.0,1212,1186,911,498.0,434.0,613.0,839.0,249.0
156,V0510,12UC,E07000009,East Cambridgeshire,746.400000000002,538.399999999998,580.400000000002,348.399999999998,743.400000000002,635.400000000002,700.400000000002,422.399999999994,153.400000000001,315.400000000001,385.0,303.0,207.0,178.0,196.0,247,304,388,485.0,420.0,619.0,785.0,616.0
157,D0515,12UD,E07000010,Fenland,488.199999999997,667.200000000004,701.199999999997,625.200000000004,770.199999999997,748.199999999997,923.200000000004,301.199999999997,242.200000000004,287.199999999997,238.7,348.7,367.7,634.7,298.7,442.7,476.7,423.7,590.7,385.7,394.0,596.0,526.0
158,H0520,12UE,E07000011,Huntingdonshire,293.900000000001,540.900000000002,534.899999999994,657.900000000009,701.899999999994,608.899999999994,714.900000000009,781.899999999994,768.900000000009,757.899999999994,965.7,508.7,772.7,605.7,625.7,772.7,836.7,1130.7,1100.7,1131.7,1055.0,1250.0,1239.0
159,W0530,12UG,E07000012,South Cambridgeshire,573.599999999999,688.599999999999,1009.60000000001,611.599999999999,927.599999999999,973.599999999999,1340.6,665.600000000006,660.599999999999,709.599999999999,642.8,533.8,582.8,815.8,617.8,491.8,675.8,1100.8,1014.8,1272.8,1213.0,1471.0,1343.0
160,,,E10000004,Cheshire,1015.29999999999,2852.30000000002,3069.29999999999,2833.30000000002,3237.29999999998,2564.30000000002,2509.29999999999,1850.29999999999,,,,,,,,,,,,,,,
161,X0605,13UB,E07000013,Chester,485.141439973224,344.141439973231,372.141439973224,518.141439973224,617.141439973224,275.141439973231,235.141439973224,307.141439973224,,,,,,,,,,,,,,,
162,B0610,13UC,E07000014,Congleton,222.211075024992,627.211075024999,674.211075024992,369.211075024999,418.211075024992,257.211075024999,283.211075024992,200.211075024992,,,,,,,,,,,,,,,
163,K0615,13UD,E07000015,Crewe and Nantwich,-367.361666089433,513.638333910567,717.638333910567,843.638333910567,890.63833391056,963.638333910567,915.638333910567,580.638333910567,,,,,,,,,,,,,,,
164,P0620,13UE,E07000016,Ellesmere Port & Neston,6.945022445012,114.945022445019,285.945022445012,331.945022445019,302.945022445012,161.945022445019,246.945022445012,250.945022445012,,,,,,,,,,,,,,,
165,C0630,13UG,E07000017,Macclesfield,72.9505910644366,508.950591064437,539.950591064437,363.950591064451,541.950591064437,409.950591064437,518.950591064437,312.950591064437,,,,,,,,,,,,,,,
166,L0635,13UH,E07000018,Vale Royal,595.413537581757,743.413537581764,479.413537581757,406.413537581757,466.413537581757,496.413537581764,309.413537581757,198.413537581757,,,,,,,,,,,,,,,
167,,,E10000005,Cornwall and Isles of Scilly,3370.5,2969.5,2127.5,2834.5,2413.49999999999,2851.50000000001,3482.5,3049.50000000001,,,,,,,,,,,,,,,
168,K0805,15UB,E07000019,Caradon,461.007128640747,323.00712864074,275.007128640747,424.007128640747,392.00712864074,301.007128640747,508.007128640747,495.007128640747,,,,,,,,,,,,,,,
169,P0810,15UC,E07000020,Carrick,495.960415230315,382.960415230315,361.960415230315,496.960415230315,311.960415230315,572.960415230315,593.960415230315,242.960415230315,,,,,,,,,,,,,,,
170,Z0835,15UH,E07000025,Isles of Scilly,11.5,27.5,11.5,32.5,24.5,15.5,29.5,13.5,,,,,,,,,,,,,,,
171,Y0815,15UD,E07000021,Kerrier,494.732042893258,402.732042893258,384.732042893258,331.732042893251,304.732042893258,429.732042893258,514.732042893258,570.732042893258,,,,,,,,,,,,,,,
172,C0820,15UE,E07000022,North Cornwall,751.493849162471,654.493849162471,392.493849162471,481.493849162471,449.493849162471,560.493849162478,588.493849162471,275.493849162471,,,,,,,,,,,,,,,
173,L0825,15UF,E07000023,Penwith,366.682424258193,324.68242425819,278.682424258193,345.682424258193,356.68242425819,337.682424258193,490.682424258193,612.682424258193,,,,,,,,,,,,,,,
174,Q0830,15UG,E07000024,Restormel,789.124139815016,854.124139815023,423.124139815016,722.124139815023,574.124139815016,634.124139815023,757.124139815016,839.124139815023,,,,,,,,,,,,,,,
175,,,E10000006,Cumbria,820.000492156258,1792.00049215626,1630.00049215626,1611.99557059366,1740.00049215627,1459.00049215626,1317.00049215627,1345.00049215625,1429.00049215627,1166.00049215626,963.9,1129.9,1113.9,1514.9,1773.9,1595.9,1838.9,1886.9,1913.9,1511.9,1715.0,1624.0,
176,R0905,16UB,E07000026,Allerdale,309.699999999997,316.700000000004,241.699999999997,151.700000000004,402.699999999997,190.699999999997,278.700000000004,231.699999999997,320.700000000004,194.699999999997,192.3,208.3,211.3,313.3,394.3,262.3,492.3,349.3,268.3,312.3,230.0,247.0,
177,W0910,16UC,E07000027,Barrow-in-Furness,-85.0999999999985,110.899999999998,102.900000000001,85.8999999999978,33.9000000000015,92.9000000000015,64.9000000000015,66.8999999999942,42.9000000000015,72.9000000000015,-24.5,90.5,119.5,128.5,133.5,111.5,142.5,168.5,149.5,134.5,178.0,106.0,
178,E0915,16UD,E07000028,Carlisle,-584.0,469.0,621.0,678.0,652.0,522.0,450.0,591.0,418.0,445.0,333.6,120.6,94.6,323.6,406.6,445.6,409.6,496.6,567.6,375.6,523.0,398.0,
179,J0920,16UE,E07000029,Copeland,125.5,141.5,97.5,241.5,96.5,111.5,77.5,21.5,60.5,61.5,83.9,202.9,189.9,172.9,171.9,197.9,175.9,160.9,208.9,150.9,154.0,143.0,
180,T0925,16UF,E07000030,Eden,659.5,197.5,187.5,179.5,124.5,162.5,148.5,99.5,106.5,108.5,227.5,295.5,278.5,252.5,383.5,315.5,308.5,429.5,485.5,385.5,324.0,386.0,
181,X0930,16UG,E07000031,South Lakeland,394.400492156259,556.400492156259,379.400492156259,275.395570593661,430.400492156266,379.400492156259,297.400492156259,334.400492156259,480.400492156259,283.400492156259,151.1,212.1,220.1,324.1,284.1,263.1,310.1,282.1,234.1,153.1,306.0,344.0,
182,,,E10000007,Derbyshire,2707.00000000001,2311.0,2523.99999999999,2957.0,3542.00000000001,3549.00000000001,3714.0,2307.99999999999,1743.0,1990.00000000001,1214.2,1405.2,1281.2,1766.2,2571.2,2722.2,3211.2,3524.2,3816.2,3503.2,3757.0,4076.0,3514.0
183,M1005,17UB,E07000032,Amber Valley,382.900000000001,314.900000000001,364.899999999994,301.900000000001,434.900000000001,576.900000000002,591.900000000002,381.899999999994,261.900000000001,303.900000000001,173.5,176.5,241.5,243.5,403.5,535.5,626.5,566.5,430.5,481.5,481.0,446.0,622.0
184,R1010,17UC,E07000033,Bolsover,365.799999999999,153.799999999999,263.800000000003,248.799999999999,317.799999999999,258.800000000003,270.799999999996,290.800000000003,246.799999999996,250.800000000003,144.5,140.5,156.5,273.5,346.5,313.5,268.5,311.5,459.5,466.5,537.0,491.0,364.0
185,A1015,17UD,E07000034,Chesterfield,395.400000000001,528.400000000002,484.399999999994,368.400000000001,422.400000000001,399.400000000001,448.400000000001,84.3999999999942,44.4000000000015,93.4000000000015,22.0,124.0,126.0,155.0,177.0,101,81,183,275.0,247.0,379.0,313.0,386.0
186,P1045,17UF,E07000035,Derbyshire Dales,161.200000000001,172.200000000001,228.199999999997,346.200000000001,306.200000000001,310.200000000001,365.200000000001,293.199999999997,267.200000000004,311.199999999997,76.1,167.1,52.1,60.1,87.1,168.1,254.1,356.1,380.1,368.1,258.0,252.0,156.0
187,N1025,17UG,E07000036,Erewash,111.099999999999,91.0999999999985,162.100000000006,263.099999999999,701.099999999999,377.099999999999,497.099999999999,429.100000000006,208.099999999999,227.099999999999,177.2,133.2,191.2,190.2,337.2,147.2,141.2,289.2,214.2,176.2,243.0,253.0,107.0
188,T1030,17UH,E07000037,High Peak,227.900000000001,308.900000000001,157.899999999994,321.900000000001,424.900000000001,549.900000000002,307.900000000001,121.899999999994,76.9000000000015,111.900000000001,99.8,204.8,33.8,134.8,157.8,327.8,495.8,383.8,308.8,242.8,386.0,427.0,273.0
189,B1035,17UJ,E07000038,North East Derbyshire,221.900000000001,45.9000000000015,195.899999999994,230.900000000001,329.900000000001,506.900000000001,304.900000000001,229.899999999994,207.900000000001,141.900000000001,154.3,196.3,106.3,300.3,504.3,320.3,434.3,227.3,474.3,503.3,555.0,776.0,543.0
190,F1040,17UK,E07000039,South Derbyshire,840.800000000003,695.799999999996,666.800000000003,875.799999999996,604.800000000003,569.800000000003,927.799999999996,476.800000000003,429.799999999996,549.800000000003,366.8,262.8,373.8,408.8,557.8,808.8,909.8,1206.8,1273.8,1017.8,918.0,1118.0,1063.0
191,,,E10000008,Devon,2881.57388463853,3343.57388463853,2935.57388463851,3536.57388463853,3393.57388463853,3401.57388463853,3080.57388463853,2798.57388463852,2274.57388463853,2653.83503825325,2251.8,2149.8,3326.8,3798.8,3834.8,3439.8,4307.8,4265.8,4919.8,3641.8,4135.0,4186.0,3961.0
192,U1105,18UB,E07000040,East Devon,419.47388463853,637.47388463853,554.473884638523,754.47388463853,607.47388463853,427.47388463853,307.47388463853,370.473884638523,278.47388463853,365.735038253246,369.9,506.9,885.9,1125.9,1063.9,760.9,902.9,965.9,1101.9,908.9,1047.0,961.0,634.0
193,Y1110,18UC,E07000041,Exeter,183.900000000001,310.900000000001,163.899999999994,274.900000000001,526.900000000002,683.900000000002,304.900000000001,202.899999999994,95.9000000000015,345.900000000001,450.3,95.3,408.3,572.3,504.3,303.3,560.3,655.3,990.3,373.3,719.0,463.0,614.0
194,H1135,18UD,E07000042,Mid Devon,480.599999999999,364.600000000002,470.599999999999,440.600000000002,549.599999999999,465.599999999999,463.599999999999,66.6000000000058,313.599999999999,301.599999999999,215.4,313.4,314.4,311.4,332.4,306.4,482.4,412.4,405.4,337.4,238.0,249.0,499.0
195,G1115,18UE,E07000043,North Devon,417.5,580.5,263.5,480.5,475.5,520.5,455.5,374.5,366.5,260.5,148.3,280.3,395.3,314.3,235.3,442.3,605.3,664.3,858.3,527.3,599.0,597.0,370.0
196,V1125,18UG,E07000044,South Hams,256.199999999997,282.200000000004,366.199999999997,345.200000000004,257.199999999997,197.199999999997,166.200000000004,338.199999999997,267.200000000004,219.199999999997,265.2,151.2,153.2,135.2,387.2,285.2,510.2,430.2,465.2,504.2,546.0,591.0,610.0
197,Z1130,18UH,E07000045,Teignbridge,403.300000000003,392.299999999996,495.300000000003,520.299999999996,389.300000000003,437.300000000003,342.299999999996,362.300000000003,376.299999999996,446.300000000003,383.2,527.2,883.2,703.2,703.2,759.2,767.2,685.2,489.2,514.2,529.0,627.0,546.0
198,W1145,18UK,E07000046,Torridge,482.900000000001,444.899999999998,316.900000000001,467.899999999998,356.900000000001,405.900000000001,449.899999999998,667.900000000002,291.899999999998,239.900000000001,314.3,189.3,170.3,508.3,442.3,374.3,295.3,299.3,319.3,169.3,191.0,324.0,402.0
199,A1150,18UL,E07000047,West Devon,237.700000000001,330.700000000001,304.699999999997,252.700000000001,230.700000000001,263.700000000001,590.700000000001,415.699999999997,284.700000000001,474.700000000001,105.2,86.2,116.2,128.2,166.2,208.2,184.2,153.2,290.2,307.2,266.0,374.0,286.0
200,,,E10000009,Dorset,2334.5,2098.49999999999,2149.50000000001,1815.49999999999,2031.5,1499.5,1463.49999999999,1467.50000000001,991.499999999989,1243.5,1250.19026826272,878.19026826272,1025.19026826272,973.19026826272,1450.19026826272,1333.19026826272,1339.19026826272,1712.19026826272,,,,,
201,E1210,19UC,E07000048,Christchurch,152.299999999999,91.2999999999993,225.300000000003,99.2999999999993,139.299999999999,136.299999999999,197.299999999999,108.300000000003,109.299999999999,110.299999999999,61.5902682627203,70.5902682627203,147.59026826272,152.59026826272,108.59026826272,194.59026826272,99.5902682627203,186.59026826272,,,,,
202,U1240,19UD,E07000049,East Dorset,679.800000000003,290.799999999996,332.800000000003,231.799999999996,176.800000000003,129.800000000003,167.799999999996,100.800000000003,85.7999999999956,163.800000000003,103.631085139571,26.6310851395712,155.631085139571,170.631085139571,209.631085139571,126.631085139571,314.631085139571,291.631085139571,,,,,
203,N1215,19UE,E07000050,North Dorset,543.0,445.0,594.0,523.0,584.0,298.0,223.0,232.0,221.0,301.0,377.052273415128,146.052273415128,228.052273415128,181.052273415128,222.052273415128,144.052273415128,161.052273415128,225.052273415128,,,,,
204,B1225,19UG,E07000051,Purbeck,111.799999999999,92.7999999999993,109.800000000003,106.799999999999,179.799999999999,205.799999999999,226.799999999999,210.800000000003,191.799999999999,96.7999999999993,108.494053965963,79.4940539659628,73.4940539659628,68.4940539659628,233.494053965963,90.4940539659628,125.494053965963,74.4940539659628,,,,,
205,F1230,19UH,E07000052,West Dorset,610.300000000003,945.299999999996,545.300000000003,587.299999999996,614.300000000003,568.300000000003,396.299999999996,434.300000000003,255.299999999996,387.300000000003,375.329804670221,363.329804670221,279.329804670221,251.329804670221,468.329804670221,606.329804670221,424.329804670221,643.329804670221,,,,,
206,P1235,19UJ,E07000053,Weymouth and Portland,237.299999999999,233.299999999999,342.300000000003,267.299999999999,337.299999999999,161.299999999999,252.299999999999,381.300000000003,128.299999999999,184.299999999999,224.092782809117,192.092782809117,141.092782809117,149.092782809117,208.092782809117,171.092782809117,214.092782809117,291.092782809117,,,,,
207,,,E10000010,Durham,1141.7661305147,1170.7661305147,1123.76613051471,1424.76613051471,2019.7661305147,2313.76613051471,2867.76613051469,1486.10482536765,,,,,,,,,,,,,,,
208,G1305,20UB,E07000054,Chester-le-Street,163.78993982905,71.7899398290465,3.78993982905013,53.7899398290465,59.7899398290501,120.78993982905,167.789939829047,126.78993982905,,,,,,,,,,,,,,,
209,V1315,20UD,E07000055,Derwentside,386.429570931803,348.429570931803,330.42957093181,236.429570931803,394.429570931803,116.429570931803,642.429570931803,464.42957093181,,,,,,,,,,,,,,,
210,Z1320,20UE,E07000056,Durham,180.933305397099,180.933305397091,329.933305397099,277.933305397091,477.933305397099,506.933305397099,494.933305397091,137.272000250043,,,,,,,,,,,,,,,
211,H1325,20UF,E07000057,Easington,82.9548768799068,73.9548768799068,191.954876879907,304.954876879914,449.954876879907,701.954876879907,525.954876879907,280.954876879907,,,,,,,,,,,,,,,
212,M1330,20UG,E07000058,Sedgefield,166.103550526001,350.103550526008,-8.89644947399938,162.103550526008,179.103550526001,246.103550526008,249.103550526001,163.103550526001,,,,,,,,,,,,,,,
213,W1335,20UH,E07000059,Teesdale,72.7191752944873,56.7191752944891,73.7191752944873,107.719175294489,71.7191752944873,69.7191752944873,47.7191752944891,55.7191752944873,,,,,,,,,,,,,,,
214,A1340,20UJ,E07000060,Wear Valley,88.8357116563566,88.8357116563566,202.835711656357,281.835711656357,386.835711656357,551.835711656357,739.835711656357,257.835711656357,,,,,,,,,,,,,,,
215,,,E10000011,East Sussex,1599.09999999999,1957.10000000001,1815.10000000001,1968.10000000001,1928.09999999999,1955.09999999999,2242.10000000001,1876.10000000001,1422.10000000001,1737.09999999999,1620.9,1302.9,1225.9,1422.9,1511.9,1447.9,1292.9,1766.9,1884.9,1551.9,1552.0,2416.0,2079.0
216,T1410,21UC,E07000061,Eastbourne,201.599999999999,670.599999999999,674.600000000006,832.599999999999,621.599999999999,465.599999999999,356.599999999999,463.600000000006,294.599999999999,197.599999999999,229.5,173.5,257.5,172.5,225.5,215.5,139.5,142.5,212.5,242.5,127.0,165.0,254.0
217,B1415,21UD,E07000062,Hastings,308.5,374.5,354.5,303.5,431.5,296.5,376.5,334.5,248.5,177.5,314.1,102.1,102.1,121.1,198.1,145.1,158.1,138.1,73.1,65.1,163.0,116.0,146.0
218,P1425,21UF,E07000063,Lewes,272.199999999997,199.200000000004,195.199999999997,238.200000000004,271.199999999997,365.199999999997,484.200000000004,325.199999999997,244.200000000004,228.199999999997,218.7,190.7,84.7,248.7,257.7,175.7,282.7,325.7,253.7,280.7,340.0,606.0,523.0
219,U1430,21UG,E07000064,Rother,428.099999999999,285.099999999999,247.100000000006,311.099999999999,276.099999999999,443.099999999999,455.099999999999,248.100000000006,143.099999999999,270.099999999999,215.5,136.5,195.5,222.5,284.5,321.5,224.5,293.5,285.5,213.5,237.0,391.0,170.0
220,C1435,21UH,E07000065,Wealden,388.699999999997,427.700000000004,343.699999999997,282.700000000004,327.699999999997,384.699999999997,569.700000000004,504.699999999997,491.700000000004,863.699999999997,643.1,700.1,586.1,658.1,546.1,590.1,488.1,867.1,1060.1,750.1,685.0,1138.0,986.0
221,,,E10000012,Essex,3586.01832501559,4955.01832501561,4149.01832501559,4681.01832501559,5064.01832501559,4953.0183250156,5033.01832501562,4458.01832501558,3402.0183250156,3515.83507485964,4102.4,3311.4,3171.4,4651.4,5066.4,5199.4,6192.4,7373.4,6536.4,5640.4,6540.0,6609.0,7207.0
222,V1505,22UB,E07000066,Basildon,167.800000000003,315.800000000003,203.799999999988,177.800000000003,515.800000000003,225.800000000003,357.800000000003,520.799999999988,510.800000000003,214.800000000003,702.5,698.5,172.5,731.5,869.5,465.5,394.5,393.5,513.5,370.5,438.0,222.0,245.0
223,Z1510,22UC,E07000067,Braintree,788.599999999999,783.599999999999,680.600000000006,834.599999999999,648.599999999999,799.599999999999,769.599999999999,483.600000000006,569.599999999999,589.599999999999,246.8,122.8,127.8,354.8,468.8,236.8,436.8,479.8,829.8,791.8,1081.0,1088.0,1148.0
224,H1515,22UD,E07000068,Brentwood,195.400000000001,269.399999999998,226.400000000001,164.399999999998,129.400000000001,231.400000000001,257.399999999998,276.400000000001,182.399999999998,407.400000000001,163.4,245.4,136.4,190.4,142.4,181.4,244.4,242.4,426.4,199.4,407.0,385.0,625.0
225,M1520,22UE,E07000069,Castle Point [note 18],181.199999999997,183.200000000004,83.1999999999971,219.200000000004,307.199999999997,118.199999999997,115.200000000004,124.199999999997,125.200000000004,451.199999999997,25.9,84.9,139.9,176.9,87.9,83.9,132.9,172.9,43.9,140.9,205.0,156.0,-58.0
226,W1525,22UF,E07000070,Chelmsford,489.118325015588,990.118325015603,675.118325015603,717.118325015588,427.118325015588,464.118325015603,701.118325015603,582.118325015588,144.118325015588,143.935074859648,191.8,236.8,454.8,809.8,775.8,985.8,991.8,1239.8,815.8,812.8,866.0,822.0,1015.0
227,A1530,22UG,E07000071,Colchester,532.5,920.5,1105.5,1243.5,862.5,1216.5,1209.5,1003.5,477.5,635.5,1061.7,606.7,705.7,720.7,922.7,901.7,1037.7,1164.7,774.7,730.7,1034.0,718.0,1097.0
228,J1535,22UH,E07000072,Epping Forest,255.900000000001,289.900000000001,227.899999999994,258.900000000001,304.900000000001,295.900000000001,144.900000000001,158.899999999994,265.900000000001,391.900000000001,320.5,151.5,336.5,259.5,296.5,178.5,593.5,455.5,252.5,227.5,328.0,170.0,346.0
229,N1540,22UJ,E07000073,Harlow,138.800000000003,184.799999999996,131.800000000003,137.799999999996,393.800000000003,194.800000000003,180.799999999996,294.800000000003,142.799999999996,142.800000000003,377.4,145.4,110.4,197.4,218.4,333.4,274.4,669.4,718.4,528.4,416.0,560.0,436.0
230,X1545,22UK,E07000074,Maldon,225.599999999999,197.600000000002,194.599999999999,245.600000000002,232.599999999999,207.599999999999,224.600000000002,225.599999999999,172.600000000002,101.599999999999,61.0,89.0,44.0,38.0,218.0,227,145,287,437.0,395.0,324.0,443.0,405.0
231,B1550,22UL,E07000075,Rochford,139.099999999999,171.099999999999,192.100000000006,68.0999999999985,272.099999999999,459.099999999999,180.099999999999,112.100000000006,97.0999999999985,52.0999999999985,91.8,31.8,241.8,329.8,157.8,114.8,297.8,260.8,345.8,347.8,456.0,495.0,282.0
232,P1560,22UN,E07000076,Tendring,271.400000000001,219.400000000001,65.3999999999942,232.400000000001,369.400000000001,368.399999999994,307.400000000009,191.399999999994,147.400000000009,36.3999999999942,342.0,354.0,314.0,377.0,355.0,768,675,1025,894.0,756.0,777.0,810.0,838.0
233,C1570,22UQ,E07000077,Uttlesford,200.599999999999,429.600000000002,362.599999999999,381.600000000002,600.599999999999,371.599999999999,584.600000000002,484.599999999999,566.600000000002,348.599999999999,517.6,544.6,387.6,465.6,553.6,722.6,968.6,982.6,484.6,339.6,208.0,740.0,828.0
234,,,E10000013,Gloucestershire,2028.85,1931.35,2353.35000000001,2123.35,2123.35,3000.35,3310.35,2365.35000000001,1670.35,1649.35,2139.2,2323.2,2693.2,2829.2,2819.2,2818.2,3574.2,3871.2,2726.2,3115.2,3069.0,3487.0,2885.0
235,B1605,23UB,E07000078,Cheltenham,322.699999999997,274.700000000004,439.699999999997,442.700000000004,309.699999999997,790.699999999997,413.700000000004,208.699999999997,127.700000000004,-5.30000000000291,22.4,260.4,399.4,273.4,383.4,283.4,479.4,769.4,443.4,372.4,114.0,273.0,315.0
236,F1610,23UC,E07000079,Cotswold,295.800000000003,403.799999999996,326.800000000003,393.799999999996,192.800000000003,325.800000000003,218.799999999996,555.800000000003,186.799999999996,239.800000000003,526.7,515.7,384.7,451.7,587.7,742.7,899.7,794.7,300.7,366.7,348.0,350.0,375.0
237,P1615,23UD,E07000080,Forest of Dean,163.0,146.0,274.0,267.0,262.0,239.0,439.0,341.0,136.0,262.0,304.2,269.2,382.2,411.2,342.2,286.2,295.2,309.2,375.2,397.2,493.0,517.0,431.0
238,U1620,23UE,E07000081,Gloucester,310.099999999999,473.099999999999,535.100000000006,470.099999999999,705.099999999999,877.099999999999,968.099999999999,533.100000000006,566.099999999999,503.099999999999,630.1,462.1,516.1,602.1,506.1,477.1,513.1,582.1,505.1,648.1,420.0,534.0,366.0
239,C1625,23UF,E07000082,Stroud,567.400000000002,369.400000000001,493.399999999994,314.400000000001,294.400000000001,296.400000000001,534.400000000002,539.399999999994,300.400000000001,266.400000000001,395.9,401.9,470.9,566.9,423.9,349.9,490.9,557.9,656.9,742.9,771.0,632.0,446.0
240,G1630,23UG,E07000083,Tewkesbury,369.849999999999,264.349999999999,284.350000000006,235.349999999999,359.349999999999,471.349999999999,736.349999999999,187.350000000006,353.349999999999,383.349999999999,259.9,413.9,539.9,523.9,575.9,678.9,895.9,857.9,444.9,587.9,923.0,1181.0,952.0
241,,,E10000014,Hampshire,3843.70000000001,4005.69999999998,5196.70000000001,5885.69999999998,5354.70000000001,5571.70000000002,5468.69999999998,4570.70000000001,3789.69999999998,3558.70000000002,3752.3,2976.3,3164.3,3835.3,4905.3,5488.3,6005.3,6969.3,7623.3,6064.3,5484.0,5434.0,4602.0
242,H1705,24UB,E07000084,Basingstoke and Deane,591.099999999999,478.099999999999,669.100000000006,766.099999999999,802.099999999999,606.100000000006,1296.09999999999,1180.10000000001,1104.09999999999,683.100000000006,726.0,333.0,563.0,454.0,501.0,585,858,1230,1604.0,1271.0,741.0,991.0,690.0
243,M1710,24UC,E07000085,East Hampshire,309.800000000003,246.799999999996,559.800000000003,514.799999999996,398.800000000003,316.800000000003,582.799999999996,616.800000000003,302.799999999996,308.800000000003,328.4,332.4,354.4,537.4,397.4,475.4,884.4,1103.4,795.4,410.4,576.0,494.0,252.0
244,W1715,24UD,E07000086,Eastleigh,245.800000000003,231.799999999996,630.800000000003,985.799999999996,620.800000000003,821.800000000003,496.799999999996,595.800000000003,517.799999999996,440.800000000003,305.0,186.0,300.0,68.0,359.0,420,796,1065,1126.0,749.0,707.0,683.0,566.0
245,A1720,24UE,E07000087,Fareham,326.800000000003,245.799999999996,285.800000000003,307.799999999996,321.800000000003,597.800000000003,564.799999999996,336.800000000003,204.799999999996,380.800000000003,275.1,238.1,152.1,285.1,369.1,347.1,289.1,288.1,283.1,115.1,86.0,144.0,244.0
246,J1725,24UF,E07000088,Gosport,517.5,540.5,464.5,491.5,561.5,747.5,338.5,262.5,85.5,104.5,293.9,29.9,-78.1,-13.1,134.9,115.9,173.9,9.9,89.9,232.9,19.0,21.0,119.0
247,N1730,24UG,E07000089,Hart,281.0,445.0,569.0,644.0,529.0,398.0,231.0,54.0,-15.0,72.0,330.0,201.0,270.0,342.0,709.0,632,555,612,611.0,585.0,582.0,574.0,434.0
248,X1735,24UH,E07000090,Havant,173.400000000001,141.400000000001,290.399999999994,240.400000000001,311.400000000001,270.400000000001,424.400000000001,286.399999999994,179.400000000001,265.400000000001,133.8,214.8,165.8,457.8,549.8,614.8,255.8,232.8,331.8,259.8,259.0,495.0,368.0
249,B1740,24UJ,E07000091,New Forest,845.0,520.0,691.0,614.0,521.0,417.0,553.0,647.0,354.0,377.0,297.6,259.6,180.6,211.6,246.6,420.6,353.6,448.6,418.6,483.6,94.0,225.0,241.0
250,P1750,24UL,E07000092,Rushmoor,-143.199999999997,33.7999999999956,-74.1999999999971,287.799999999996,399.800000000003,585.800000000003,55.7999999999956,59.8000000000029,309.799999999996,11.8000000000029,191.2,275.2,214.2,319.2,193.2,384.2,470.2,323.2,750.2,245.2,426.0,367.0,436.0
251,C1760,24UN,E07000093,Test Valley,342.400000000001,622.400000000002,513.399999999994,345.400000000001,404.400000000001,320.400000000001,369.400000000001,178.399999999994,466.400000000001,417.400000000001,526.4,671.4,542.4,883.4,1005.4,892.4,794.4,818.4,949.4,880.4,853.0,396.0,275.0
252,L1765,24UP,E07000094,Winchester,354.099999999999,500.099999999999,597.100000000006,688.099999999999,484.099999999999,490.099999999999,556.099999999999,353.100000000006,280.099999999999,497.099999999999,344.9,234.9,499.9,289.9,439.9,600.9,574.9,837.9,663.9,831.9,1141.0,1044.0,977.0
253,,,E10000015,Hertfordshire,3205.39999999999,3371.40000000001,3759.39999999999,4256.40000000001,4267.39999999999,4556.39999999999,4490.40000000001,3805.39999999999,2981.40000000001,3480.39999999999,2986.1,2941.1,2626.1,2910.1,3493.1,4357.1,3374.1,4504.1,4577.1,4231.1,4141.0,4519.0,4932.0
254,W1905,26UB,E07000095,Broxbourne,173.0,144.0,234.0,911.0,492.0,265.0,286.0,184.0,322.0,276.0,176.2,188.2,101.2,182.2,180.2,257.2,302.2,462.2,153.2,205.2,313.0,482.0,663.0
255,A1910,26UC,E07000096,Dacorum,420.5,744.5,535.5,403.5,269.5,515.5,493.5,516.5,338.5,705.5,350.9,149.9,113.9,275.9,557.9,640.9,489.9,460.9,391.9,614.9,793.0,615.0,483.0
256,J1915,26UD,E07000242,East Hertfordshire,639.300000000003,400.299999999996,289.300000000003,392.299999999996,580.300000000003,811.300000000003,591.299999999996,587.300000000003,504.299999999996,234.300000000003,375.2,691.2,358.2,536.2,666.2,611.2,455.2,909.2,947.2,797.2,876.0,889.0,1261.0
257,N1920,26UE,E07000098,Hertsmere,282.5,91.5,161.5,179.5,307.5,265.5,346.5,224.5,272.5,147.5,154.6,260.6,419.6,360.6,352.6,373.6,504.6,598.6,483.6,424.6,294.0,112.0,149.0
258,X1925,26UF,E07000099,North Hertfordshire,687.199999999997,613.200000000004,453.199999999997,413.200000000004,554.199999999997,586.199999999997,685.200000000004,425.199999999997,297.200000000004,377.199999999997,421.2,316.2,284.2,205.2,366.2,564.2,306.2,247.2,458.2,618.2,335.0,447.0,426.0
259,B1930,26UG,E07000240,St Albans,414.900000000001,351.900000000001,311.899999999994,659.900000000002,387.900000000001,435.900000000001,351.900000000001,456.899999999994,330.900000000001,440.900000000001,382.3,345.3,377.3,315.3,398.3,342.3,387.3,626.3,439.3,518.3,314.0,401.0,438.0
260,K1935,26UH,E07000243,Stevenage,188.199999999997,117.200000000004,44.1999999999971,176.200000000004,136.199999999997,361.199999999997,394.200000000004,376.199999999997,241.200000000004,308.199999999997,184.7,79.7,167.7,140.7,147.7,684.7,69.7,279.7,315.7,135.7,69.0,154.0,163.0
261,P1940,26UJ,E07000102,Three Rivers,208.699999999997,235.700000000004,195.699999999997,75.7000000000044,198.699999999997,337.699999999997,256.700000000004,333.699999999997,50.7000000000044,109.699999999997,204.3,195.3,166.3,304.3,235.3,163.3,283.3,169.3,426.3,119.3,126.0,205.0,274.0
262,Y1945,26UK,E07000103,Watford,140.599999999999,239.599999999999,316.600000000006,434.599999999999,663.599999999999,324.599999999999,369.599999999999,405.600000000006,594.599999999999,711.599999999999,472.1,596.1,453.1,301.1,300.1,401.1,367.1,323.1,319.1,474.1,763.0,772.0,751.0
263,C1950,26UL,E07000241,Welwyn Hatfield,50.5,433.5,1217.5,610.5,677.5,653.5,715.5,295.5,29.5,169.5,264.6,118.6,184.6,288.6,288.6,318.6,208.6,427.6,642.6,323.6,258.0,442.0,324.0
264,,,E10000016,Kent,6476.26201048951,5810.26201048951,6213.26201048951,7442.26201048951,6906.26201048951,6845.26201048951,8113.26201048951,7329.26201048951,4772.26201048951,5611.64190559441,4665.2,3734.2,3633.2,4771.2,6799.2,7247.2,8067.2,6885.2,6773.2,7263.2,7775.0,7687.0,6896.0
265,E2205,29UB,E07000105,Ashford,826.099999999999,773.099999999999,764.100000000006,1018.1,646.099999999999,415.099999999999,622.099999999999,591.100000000006,557.099999999999,611.099999999999,678.3,329.3,182.3,450.3,1067.3,741.3,636.3,923.3,753.3,1144.3,627.0,1001.0,471.0
266,J2210,29UC,E07000106,Canterbury,549.400000000002,560.400000000002,434.399999999994,708.400000000002,465.400000000001,571.400000000002,1215.4,898.399999999994,244.400000000001,384.400000000001,506.1,406.1,418.1,214.1,177.1,298.1,1020.1,311.1,417.1,319.1,692.0,644.0,660.0
267,T2215,29UD,E07000107,Dartford,411.800000000003,539.799999999996,840.800000000003,656.799999999996,215.800000000003,690.800000000003,634.799999999996,641.800000000003,195.799999999996,393.800000000003,269.6,368.6,548.6,511.6,917.6,1108.6,977.6,959.6,486.6,552.6,540.0,738.0,637.0
268,X2220,29UE,E07000108,Dover,509.900000000001,474.900000000001,376.899999999994,569.900000000002,674.900000000002,567.900000000002,582.900000000002,509.899999999994,502.900000000001,417.900000000001,170.1,149.1,119.1,286.1,673.1,340.1,374.1,374.1,370.1,411.1,625.0,543.0,719.0
269,K2230,29UG,E07000109,Gravesham,103.699999999997,188.700000000004,207.699999999997,463.700000000004,273.699999999997,304.699999999997,234.700000000004,435.699999999997,191.700000000004,184.699999999997,186.8,410.8,144.8,255.8,189.8,174.8,283.8,301.8,173.8,249.8,421.0,419.0,293.0
270,U2235,29UH,E07000110,Maidstone,639.76201048951,805.76201048951,567.76201048951,874.76201048951,816.76201048951,772.76201048951,1050.76201048951,499.76201048951,639.76201048951,838.141905594406,942.2,699.2,494.2,651.2,590.2,1214.2,1355.2,1215.2,1424.2,1446.2,1627.0,1064.0,1040.0
271,G2245,29UK,E07000111,Sevenoaks,240.699999999997,230.700000000004,200.699999999997,257.700000000004,501.699999999997,178.699999999997,294.700000000004,323.699999999997,246.700000000004,314.699999999997,222.2,186.2,277.2,244.2,462.2,368.2,432.2,299.2,477.2,260.2,267.0,261.0,114.0
272,L2250,29UL,E07000112,Folkestone and Hythe,1338.6,296.599999999999,927.600000000006,400.599999999999,777.599999999999,170.599999999999,426.599999999999,586.600000000006,164.599999999999,156.599999999999,196.1,195.1,87.1,313.1,303.1,647.1,434.1,435.1,451.1,478.1,454.0,454.0,373.0
273,V2255,29UM,E07000113,Swale,782.800000000003,641.799999999996,655.800000000003,426.799999999996,905.800000000003,886.800000000003,818.799999999996,545.800000000003,761.799999999996,484.800000000003,679.1,573.1,649.1,821.1,871.1,837.1,867.1,956.1,1065.1,892.1,989.0,818.0,757.0
274,Z2260,29UN,E07000114,Thanet,315.400000000001,249.400000000001,370.399999999994,559.400000000002,483.400000000001,769.400000000002,724.400000000002,844.399999999994,638.400000000002,1007.4,376.4,250.4,377.4,439.4,406.4,445.4,294.4,352.4,427.4,596.4,548.0,617.0,844.0
275,H2265,29UP,E07000115,Tonbridge and Malling,334.599999999999,494.599999999999,449.600000000006,951.599999999999,708.599999999999,824.599999999999,813.599999999999,863.600000000006,347.599999999999,325.599999999999,383.1,329.1,508.1,418.1,851.1,769.1,1105.1,361.1,410.1,380.1,467.0,492.0,377.0
276,M2270,29UQ,E07000116,Tunbridge Wells,423.5,554.5,417.5,554.5,436.5,692.5,694.5,588.5,281.5,492.5,55.2,-162.8,-172.8,166.2,290.2,303.2,287.2,396.2,317.2,533.2,518.0,636.0,611.0
277,,,E10000017,Lancashire,2982.51729503474,3568.51729503474,4979.51729503471,4079.44716276776,3649.51729503472,2666.51729503474,3285.51729503475,2597.51729503471,1702.51729503474,1775.41447695437,1872.6,1856.6,2646.6,3771.6,3706.6,4464.6,4308.6,4471.6,5233.6,4608.6,5225.0,6025.0,5547.0
278,Z2315,30UD,E07000117,Burnley,-50.9000000000015,-69.9000000000015,105.100000000006,-0.900000000001455,62.0999999999985,77.0999999999985,148.099999999999,124.100000000006,-93.9000000000015,-86.9000000000015,0.600000000000001,61.6,204.6,69.6,255.6,248.6,382.6,298.6,212.6,281.6,329.0,256.0,248.0
279,D2320,30UE,E07000118,Chorley,515.400000000002,466.400000000001,605.399999999994,499.400000000001,509.400000000001,141.400000000001,346.400000000001,375.399999999994,460.400000000001,547.400000000002,532.4,618.4,562.4,703.4,586.4,497.4,641.4,553.4,620.4,286.4,228.0,312.0,291.0
280,M2325,30UF,E07000119,Fylde,281.900000000001,364.900000000001,427.899999999994,351.900000000001,235.900000000001,262.900000000001,481.900000000001,401.899999999994,242.900000000001,212.900000000001,117.4,138.4,210.4,183.4,280.4,431.4,446.4,466.4,610.4,268.4,389.0,645.0,348.0
281,R2330,30UG,E07000120,Hyndburn,47.2703683035725,104.270368303572,133.270368303572,178.270368303572,122.270368303565,42.2703683035725,78.2703683035725,104.270368303572,0.270368303572468,17.5666852678551,54.4,11.4,193.4,145.4,94.4,147.4,89.4,152.4,159.4,177.4,205.0,197.0,253.0
282,A2335,30UH,E07000121,Lancaster,107.5,467.5,479.5,263.5,174.5,101.5,254.5,250.5,25.5,0.5,171.2,242.2,210.2,501.2,551.2,704.2,599.2,379.2,777.2,506.2,441.0,202.0,214.0
283,E2340,30UJ,E07000122,Pendle,227.199999999997,78.2000000000044,96.1999999999971,171.200000000004,262.199999999997,197.199999999997,134.200000000004,-102.800000000003,-128.799999999996,0.19999999999709,71.3,39.3,73.3,93.3,137.3,179.3,149.3,324.3,218.3,352.3,285.0,285.0,122.0
284,N2345,30UK,E07000123,Preston,282.699999999997,325.700000000004,442.699999999997,904.700000000004,890.699999999997,738.699999999997,644.700000000004,561.699999999997,304.700000000004,414.699999999997,-44.0,-120.0,-59.0,295.0,264.0,584,518,565,527.0,689.0,1064.0,1405.0,1630.0
285,T2350,30UL,E07000124,Ribble Valley,158.314057213167,118.314057213163,1197.31405721316,84.1734850815155,116.314057213163,36.314057213167,13.314057213167,29.3140572131633,43.3140572131633,23.314057213167,164.7,189.7,193.7,361.7,317.7,407.7,417.7,420.7,576.7,470.7,499.0,690.0,544.0
286,B2355,30UM,E07000125,Rossendale,244.697262380807,132.697262380803,304.697262380807,333.724638572749,279.697262380803,188.697262380807,262.697262380807,132.697262380807,243.697262380803,144.697262380807,118.1,152.1,240.1,233.1,121.1,190.1,148.1,106.1,93.1,76.1,123.0,191.0,201.0
287,F2360,30UN,E07000126,South Ribble,377.900000000001,505.900000000001,530.899999999994,664.900000000002,496.900000000001,285.900000000001,331.900000000001,318.899999999994,176.900000000001,275.900000000001,158.8,113.8,170.8,436.8,389.8,196.8,271.8,396.8,371.8,383.8,513.0,701.0,579.0
288,P2365,30UP,E07000127,West Lancashire,340.900000000001,542.900000000002,307.899999999994,397.900000000001,220.900000000001,304.900000000001,220.900000000001,159.899999999994,130.900000000001,92.9000000000015,244.4,146.4,379.4,379.4,306.4,336.4,195.4,333.4,626.4,461.4,418.0,444.0,476.0
289,U2370,30UQ,E07000128,Wyre,449.635607137192,531.635607137192,348.635607137192,230.67867080991,278.635607137192,289.635607137199,368.635607137192,241.635607137192,296.635607137192,132.236472092547,283.3,263.3,267.3,369.3,402.3,541.3,449.3,475.3,440.3,655.3,731.0,697.0,641.0
290,,,E10000018,Leicestershire,2230.77400652253,2467.77400652252,2151.77400652254,2609.77400652252,2528.77400652253,2901.77400652253,3025.77400652252,2416.77400652253,2476.77400652252,1833.03394129726,1868.9,1563.9,2085.9,3094.9,3715.9,3678.9,3699.9,3558.9,3503.9,3643.9,4024.0,4121.0,3585.0
291,T2405,31UB,E07000129,Blaby,396.0,280.0,218.0,243.0,334.0,304.0,415.0,283.0,267.0,292.0,207.4,232.4,243.4,347.4,671.4,681.4,526.4,460.4,365.4,230.4,364.0,275.0,423.0
292,X2410,31UC,E07000130,Charnwood,461.300000000003,455.299999999996,715.300000000003,925.299999999996,718.300000000003,980.300000000003,937.300000000003,726.299999999988,657.300000000003,575.300000000003,652.7,458.7,557.7,678.7,786.7,858.7,1025.7,987.7,760.7,1035.7,629.0,624.0,840.0
293,F2415,31UD,E07000131,Harborough,213.574006522525,368.574006522525,252.574006522533,283.574006522525,340.574006522525,507.574006522525,643.574006522526,320.574006522533,636.574006522526,313.833941297256,253.0,308.0,359.0,509.0,649.0,481,593,742,919.0,987.0,1026.0,929.0,717.0
294,K2420,31UE,E07000132,Hinckley and Bosworth,511.5,768.5,447.5,609.5,480.5,464.5,424.5,500.5,379.5,253.5,346.3,200.3,453.3,725.3,566.3,542.3,396.3,398.3,258.3,221.3,500.0,884.0,357.0
295,Y2430,31UG,E07000133,Melton,132.799999999999,192.799999999999,175.800000000003,141.799999999999,169.799999999999,208.799999999999,254.799999999999,301.800000000003,254.799999999999,174.799999999999,135.9,41.9,29.9,55.9,118.9,124.9,115.9,199.9,311.9,287.9,365.0,368.0,390.0
296,G2435,31UH,E07000134,North West Leicestershire,526.800000000003,417.799999999996,352.800000000003,348.799999999996,452.800000000003,365.800000000003,396.799999999996,277.800000000003,273.799999999996,229.800000000003,201.9,285.9,402.9,669.9,813.9,822.9,942.9,684.9,725.9,673.9,987.0,706.0,571.0
297,L2440,31UJ,E07000135,Oadby and Wigston,-11.2000000000007,-15.2000000000007,-10.1999999999971,57.7999999999993,32.7999999999993,70.7999999999993,-46.2000000000007,6.80000000000291,7.79999999999927,-6.20000000000073,71.7,36.7,39.7,108.7,109.7,167.7,99.7,85.7,162.7,207.7,153.0,335.0,287.0
298,,,E10000019,Lincolnshire,4016.0,3495.0,3434.0,3906.0,4414.0,4762.0,4525.0,3408.0,3353.0,2613.0,4402.7,3930.7,4285.7,4676.7,4404.7,4547.7,4871.7,6061.7,5834.7,5068.7,3248.0,3857.0,3486.0
299,Z2505,32UB,E07000136,Boston,365.5,326.5,481.5,367.5,348.5,342.5,579.5,358.5,170.5,172.5,104.7,77.7,187.7,122.7,193.7,364.7,407.7,442.7,337.7,307.7,318.0,346.0,286.0
300,D2510,32UC,E07000137,East Lindsey,749.699999999997,671.700000000004,313.699999999997,575.700000000004,610.699999999997,802.699999999997,608.700000000004,663.699999999997,998.700000000004,311.699999999997,2199.7,2163.7,2275.7,2428.7,2260.7,2285.7,2408.7,2418.7,2469.7,2374.7,570.0,531.0,531.0
301,M2515,32UD,E07000138,Lincoln,218.099999999999,355.099999999999,371.100000000006,442.099999999999,482.099999999999,603.099999999999,572.099999999999,332.100000000006,432.099999999999,468.099999999999,456.5,233.5,267.5,187.5,154.5,151.5,286.5,387.5,241.5,192.5,150.0,158.0,135.0
302,R2520,32UE,E07000139,North Kesteven,809.300000000003,725.299999999996,786.300000000003,576.299999999996,982.300000000003,921.300000000003,713.299999999996,540.300000000003,521.299999999996,618.300000000003,586.2,334.2,252.2,458.2,487.2,504.2,593.2,708.2,775.2,502.2,469.0,773.0,703.0
303,A2525,32UF,E07000140,South Holland,613.599999999999,732.599999999999,499.600000000006,564.599999999999,550.599999999999,380.599999999999,589.599999999999,446.600000000006,318.599999999999,242.599999999999,179.3,211.3,266.3,267.3,305.3,278.3,308.3,840.3,529.3,583.3,667.0,726.0,648.0
304,E2530,32UG,E07000141,South Kesteven,739.900000000002,508.900000000001,572.899999999994,647.900000000002,628.900000000002,913.900000000002,840.900000000002,607.899999999994,473.900000000001,499.900000000001,552.8,571.8,610.8,723.8,573.8,556.8,506.8,754.8,807.8,524.8,485.0,642.0,575.0
305,N2535,32UH,E07000142,West Lindsey,519.900000000002,174.900000000001,408.899999999994,731.900000000002,810.900000000002,797.900000000002,620.900000000002,458.899999999994,437.900000000001,299.900000000001,323.5,338.5,425.5,488.5,429.5,406.5,360.5,509.5,673.5,583.5,589.0,681.0,608.0
306,,,E10000020,Norfolk,3283.89999999999,3811.9,4103.90000000001,4199.89999999999,3945.9,4203.9,5645.89999999999,4044.90000000001,3385.89999999999,3071.9,2578.7,2205.7,2479.7,3086.7,3620.7,4049.7,3602.7,4704.7,4027.7,3162.7,3745.0,4594.0,4627.0
307,F2605,33UB,E07000143,Breckland,368.300000000003,429.299999999996,1155.3,666.299999999996,417.300000000003,345.300000000003,450.299999999996,432.300000000003,353.299999999996,200.300000000003,375.9,358.9,455.9,521.9,647.9,823.9,560.9,783.9,617.9,581.9,697.0,968.0,1175.0
308,K2610,33UC,E07000144,Broadland,323.699999999997,483.700000000004,475.699999999997,356.700000000004,218.699999999997,359.699999999997,334.700000000004,385.699999999997,287.700000000004,229.699999999997,211.6,166.6,352.6,418.6,756.6,684.6,663.6,624.6,647.6,483.6,654.0,923.0,889.0
309,U2615,33UD,E07000145,Great Yarmouth,232.099999999999,178.099999999999,261.100000000006,392.099999999999,371.099999999999,371.099999999999,376.099999999999,356.100000000006,407.099999999999,295.099999999999,434.5,428.5,399.5,436.5,461.5,456.5,455.5,575.5,629.5,683.5,362.0,340.0,348.0
310,V2635,33UE,E07000146,King's Lynn and West Norfolk,969.099999999999,1062.1,925.100000000006,1257.09999999999,1120.10000000001,1075.10000000001,1538.09999999999,1025.10000000001,751.099999999991,997.100000000006,280.8,-21.2,30.8,-58.2,161.8,51.8,40.8,88.8,247.8,-3.19999999999999,340.0,616.0,606.0
311,Y2620,33UF,E07000147,North Norfolk,509.5,559.5,368.5,392.5,588.5,483.5,693.5,400.5,558.5,320.5,255.3,160.3,240.3,421.3,397.3,360.3,461.3,449.3,326.3,384.3,456.0,299.0,226.0
312,G2625,33UG,E07000148,Norwich,347.199999999997,621.200000000004,484.199999999997,699.200000000004,888.199999999997,963.199999999997,1049.2,536.199999999997,381.200000000004,386.199999999997,332.0,429.0,312.0,301.0,417.0,497,289,957,561.0,216.0,320.0,234.0,498.0
313,L2630,33UH,E07000149,South Norfolk,534.0,478.0,434.0,436.0,342.0,606.0,1204.0,909.0,647.0,643.0,688.6,683.6,688.6,1045.6,778.6,1175.6,1131.6,1225.6,997.6,816.6,916.0,1214.0,885.0
314,,,E10000021,Northamptonshire,2987.8586181906,3333.8586181906,2644.85861819061,2873.8586181906,4227.8586181906,4613.8586181906,3702.8586181906,2395.85861819062,1817.8586181906,1852.27243628457,2425.35149787499,2473.29427801389,3249.29427801389,3491.29427801389,4054.29427801389,4437.29427801389,4783.29427801389,4672.29427801389,3291.29427801389,3710.29427801389,,,
315,U2805,34UB,E07000150,Corby,28.2999999999993,131.299999999999,280.300000000003,237.299999999999,438.299999999999,691.299999999999,446.299999999999,425.300000000003,307.299999999999,534.299999999999,506.4,507.4,357.4,414.4,393.4,399.4,621.4,656.4,395.4,442.4,,,
316,Y2810,34UC,E07000151,Daventry,407.023746829327,440.023746829327,256.023746829327,241.023746829327,332.023746829327,255.023746829327,309.023746829327,173.023746829327,164.023746829327,135.786278536056,218.2,193.2,301.2,457.2,649.2,636.2,927.2,869.2,622.2,660.2,,,
317,G2815,34UD,E07000152,East Northamptonshire,488.900000000001,640.900000000002,521.899999999994,608.900000000002,691.900000000002,497.900000000001,575.900000000002,209.899999999994,250.900000000001,255.900000000001,244.9,308.9,373.9,519.9,625.9,521.9,512.9,533.9,283.9,518.9,,,
318,L2820,34UE,E07000153,Kettering,633.034871361277,569.034871361277,507.034871361277,515.034871361277,696.034871361277,801.034871361269,744.034871361277,481.034871361277,454.034871361277,411.686157748518,312.7,350.7,539.7,281.7,546.7,705.7,494.7,643.7,349.7,441.7,,,
319,V2825,34UF,E07000154,Northampton,875.199999999997,521.199999999997,793.200000000012,467.199999999997,1493.2,1775.2,960.199999999997,647.200000000012,288.199999999997,261.199999999997,564.6,657.6,975.6,977.6,880.6,1132.6,1007.6,730.6,717.6,794.6,,,
320,Z2830,34UG,E07000155,South Northamptonshire,319.800000000003,960.799999999996,251.800000000003,566.799999999996,257.800000000003,228.800000000003,219.799999999996,191.800000000003,229.799999999996,178.800000000003,402.251497874987,305.19427801389,412.19427801389,422.19427801389,544.19427801389,760.19427801389,911.19427801389,865.19427801389,534.19427801389,471.19427801389,,,
321,H2835,34UH,E07000156,Wellingborough,235.599999999999,70.6000000000022,34.5999999999985,237.600000000002,318.599999999999,364.599999999999,447.600000000002,267.600000000002,123.599999999999,74.5999999999985,176.3,150.3,289.3,418.3,414.3,281.3,308.3,373.3,388.3,381.3,,,
322,,,E10000022,Northumberland,619.851976102944,1071.85197610294,765.85197610294,859.851976102938,965.851976102944,1419.85197610294,1315.85197610294,999.332215073524,,,,,,,,,,,,,,,
323,A2905,35UB,E07000157,Alnwick,117.494232237965,198.494232237965,137.494232237965,127.494232237965,130.494232237965,195.494232237967,191.494232237965,178.494232237965,,,,,,,,,,,,,,,
324,E2910,35UC,E07000158,Berwick-upon-Tweed,61.9928210727358,119.992821072736,71.9928210727358,32.9928210727376,74.9928210727358,75.9928210727358,146.992821072736,93.4730600433231,,,,,,,,,,,,,,,
325,N2915,35UD,E07000159,Blyth Valley,242.695101654666,268.695101654659,139.695101654666,69.6951016546591,148.695101654666,245.695101654659,235.695101654666,123.695101654659,,,,,,,,,,,,,,,
326,T2920,35UE,E07000160,Castle Morpeth,163.044924823545,177.044924823545,6.04492482354181,129.044924823545,164.044924823545,238.044924823545,232.044924823542,167.044924823545,,,,,,,,,,,,,,,
327,B2925,35UF,E07000161,Tynedale,228.940430967345,147.940430967345,227.940430967345,300.940430967345,216.940430967345,305.940430967345,192.940430967341,173.940430967345,,,,,,,,,,,,,,,
328,F2930,35UG,E07000162,Wansbeck,-194.315534653313,159.684465346687,182.684465346687,199.684465346687,230.684465346687,358.684465346687,316.684465346687,262.684465346687,,,,,,,,,,,,,,,
329,,,E10000023,North Yorkshire,1866.69999999999,2838.7,2392.7,2551.70000000001,2754.69999999999,3153.69999999999,2704.70000000001,2010.7,1896.70000000001,1943.69999999999,1483.4,875.4,1076.4,2046.4,1844.4,2552.4,2760.4,2838.4,3293.4,2787.4,3411.0,3251.0,
330,M2705,36UB,E07000163,Craven,189.099999999999,193.100000000002,461.099999999999,301.100000000002,273.099999999999,261.099999999999,219.100000000002,399.099999999999,182.100000000002,210.099999999999,241.4,85.4,-0.600000000000001,143.4,154.4,197.4,206.4,217.4,258.4,155.4,303.0,285.0,
331,R2710,36UC,E07000164,Hambleton,352.699999999997,367.700000000004,297.699999999997,317.700000000004,461.699999999997,429.699999999997,454.700000000004,337.699999999997,282.700000000004,284.699999999997,130.5,104.5,158.5,294.5,350.5,535.5,407.5,462.5,647.5,586.5,495.0,607.0,
332,E2734,36UD,E07000165,Harrogate,525.699999999997,596.699999999997,535.700000000012,453.699999999997,425.699999999997,409.699999999997,444.699999999997,353.700000000012,446.699999999997,253.699999999997,249.2,154.2,208.2,376.2,302.2,370.2,656.2,727.2,1020.2,924.2,1235.0,1097.0,
333,E2720,36UE,E07000166,Richmondshire,375.099999999999,226.100000000002,245.099999999999,240.100000000002,231.099999999999,260.099999999999,293.100000000002,184.099999999999,140.100000000002,138.099999999999,118.3,13.3,39.3,47.3,69.3,178.3,210.3,127.3,-15.7,25.3,59.0,100.0,
334,Y2736,36UF,E07000167,Ryedale,3.09999999999855,314.100000000002,221.099999999999,190.100000000002,178.099999999999,201.099999999999,284.100000000002,169.099999999999,181.100000000002,243.099999999999,225.1,200.1,216.1,253.1,238.1,313.1,271.1,264.1,444.1,200.1,387.0,227.0,
335,T2730,36UG,E07000168,Scarborough,329.300000000003,825.299999999996,373.300000000003,559.299999999996,531.300000000003,723.300000000003,407.299999999996,316.300000000003,328.299999999996,355.300000000003,177.7,67.7,156.7,324.7,260.7,365.7,366.7,384.7,416.7,381.7,476.0,487.0,
336,N2739,36UH,E07000169,Selby,91.7000000000007,315.700000000001,258.699999999997,489.700000000004,653.699999999997,868.699999999997,601.700000000004,250.699999999997,335.700000000004,458.699999999997,341.2,250.2,298.2,607.2,469.2,592.2,642.2,655.2,522.2,514.2,456.0,448.0,
337,,,E10000024,Nottinghamshire,1601.0180698152,2475.01806981518,1947.0180698152,2483.01806981518,2651.0180698152,3070.0180698152,2870.01806981518,1710.0180698152,1632.01806981518,1844.83737166326,2127.8,1896.8,2092.8,2239.8,2616.8,2999.8,2992.8,3216.8,3043.8,3631.8,3983.0,4508.0,4556.0
338,W3005,37UB,E07000170,Ashfield,514.300000000003,573.299999999996,410.300000000003,360.299999999996,547.300000000003,647.300000000003,570.299999999996,279.300000000003,389.299999999996,348.300000000003,405.5,426.5,446.5,417.5,551.5,536.5,389.5,292.5,165.5,257.5,412.0,351.0,451.0
339,A3010,37UC,E07000171,Bassetlaw,235.400000000001,430.400000000001,147.399999999994,294.400000000001,389.400000000001,387.400000000001,452.400000000001,297.399999999994,98.4000000000015,209.400000000001,359.8,297.8,316.8,307.8,409.8,533.8,622.8,505.8,765.8,847.8,766.0,1046.0,981.0
340,J3015,37UD,E07000172,Broxtowe,76.0999999999985,125.099999999999,87.1000000000058,270.099999999999,336.099999999999,324.099999999999,331.099999999999,196.100000000006,50.0999999999985,177.099999999999,156.4,85.4,165.4,89.4,117.4,301.4,330.4,231.4,208.4,271.4,303.0,302.0,391.0
341,N3020,37UE,E07000173,Gedling,90.8000000000029,159.799999999996,315.800000000003,192.799999999996,201.800000000003,253.800000000003,404.799999999996,161.800000000003,231.799999999996,298.800000000003,266.6,218.6,312.6,302.6,165.6,189.6,228.6,277.6,351.6,301.6,357.0,691.0,604.0
342,X3025,37UF,E07000174,Mansfield,263.800000000003,278.799999999996,297.800000000003,179.799999999996,336.800000000003,508.800000000003,271.799999999996,220.800000000003,215.799999999996,365.800000000003,306.8,247.8,332.8,308.8,443.8,293.8,292.8,446.8,457.8,529.8,362.0,380.0,390.0
343,B3030,37UG,E07000175,Newark and Sherwood,313.818069815192,625.818069815199,469.818069815192,761.818069815199,629.818069815192,543.818069815192,397.818069815199,414.818069815192,470.818069815199,287.637371663244,323.8,396.8,304.8,487.8,426.8,601.8,520.8,684.8,585.8,797.8,807.0,588.0,629.0
344,P3040,37UJ,E07000176,Rushcliffe,106.800000000003,281.799999999996,218.800000000003,423.799999999996,209.800000000003,404.800000000003,441.799999999996,139.800000000003,175.799999999996,157.800000000003,308.9,223.9,213.9,325.9,501.9,542.9,607.9,777.9,508.9,625.9,976.0,1150.0,1110.0
345,,,E10000025,Oxfordshire,1719.10000000001,1492.09999999999,1645.10000000001,2635.09999999999,3278.10000000001,2960.10000000001,2571.09999999999,1986.10000000001,1454.09999999999,1301.10000000001,1730.3,1535.3,1626.3,2944.3,3661.3,4177.3,4489.3,5064.3,5201.3,4236.3,4849.0,5095.0,3959.0
346,C3105,38UB,E07000177,Cherwell,343.300000000003,295.299999999996,269.300000000003,585.299999999996,925.300000000003,713.300000000003,305.299999999996,286.300000000003,298.299999999996,230.300000000003,393.5,379.5,447.5,983.5,1462.5,1139.5,1424.5,1526.5,1196.5,1229.5,1175.0,1322.0,792.0
347,G3110,38UC,E07000178,Oxford,349.099999999999,303.099999999999,458.100000000006,524.099999999999,804.099999999999,715.099999999999,423.099999999999,554.100000000006,150.099999999999,111.099999999999,172.7,126.7,-16.3,185.7,285.7,233.7,97.7,163.7,135.7,377.7,517.0,415.0,365.0
348,Q3115,38UD,E07000179,South Oxfordshire,348.800000000003,316.799999999996,195.800000000003,188.799999999996,216.800000000003,216.800000000003,539.799999999996,280.800000000003,220.799999999996,238.800000000003,472.8,468.8,506.8,603.8,577.8,714.8,893.8,1353.8,1421.8,780.8,968.0,1280.0,980.0
349,V3120,38UE,E07000180,Vale of White Horse,139.900000000001,167.900000000001,319.899999999994,748.900000000002,635.900000000002,541.900000000002,463.900000000001,327.899999999994,441.900000000001,337.900000000001,312.0,262.0,482.0,755.0,1069.0,1551,1509,1187,1341.0,960.0,1187.0,1338.0,1130.0
350,D3125,38UF,E07000181,West Oxfordshire,538.0,409.0,402.0,588.0,696.0,773.0,839.0,537.0,343.0,383.0,379.3,298.3,206.3,416.3,266.3,538.3,564.3,833.3,1106.3,888.3,1002.0,740.0,692.0
351,,,E10000026,Shropshire,1238.2,1235.2,1183.2,1314.2,1561.2,1484.2,1325.2,1496.2,,,,,,,,,,,,,,,
352,J3205,39UB,E07000182,Bridgnorth,179.981424513553,219.981424513549,125.981424513553,108.981424513553,168.981424513549,214.981424513553,245.981424513553,171.981424513549,,,,,,,,,,,,,,,
353,N3210,39UC,E07000183,North Shropshire,219.696117418815,243.696117418818,182.696117418815,328.696117418818,450.696117418815,334.696117418818,336.696117418815,420.696117418818,,,,,,,,,,,,,,,
354,X3215,39UD,E07000184,Oswestry,222.237555357275,209.237555357275,277.237555357275,287.237555357275,268.237555357275,291.237555357275,219.237555357271,226.237555357275,,,,,,,,,,,,,,,
355,B3220,39UE,E07000185,Shrewsbury and Atcham,349.413942256528,252.413942256535,234.413942256528,416.413942256528,432.413942256535,334.413942256528,336.413942256535,410.413942256528,,,,,,,,,,,,,,,
356,K3225,39UF,E07000186,South Shropshire,266.870960453827,309.870960453827,362.870960453827,172.870960453827,240.870960453827,308.870960453827,186.870960453827,266.870960453827,,,,,,,,,,,,,,,
357,,,E10000027,Somerset,2330.65082953666,1858.65082953667,2222.65082953666,2044.65082953667,2357.65082953666,2191.65082953666,2473.65082953667,2163.65082953666,1749.65082953667,2398.14253417003,2377.45438617837,2076.72729042463,2138.72729042463,3103.72729042463,2727.72729042463,2794.72729042463,2826.72729042463,2345.72729042463,2258.72729042463,2564.72729042463,2480.0,3041.0,
358,Q3305,40UB,E07000187,Mendip,630.5,263.5,449.5,326.5,541.5,503.5,560.5,531.5,357.5,441.5,442.4,365.4,345.4,677.4,507.4,431.4,717.4,550.4,425.4,359.4,353.0,522.0,
359,V3310,40UC,E07000188,Sedgemoor,323.400000000001,409.400000000001,488.399999999994,505.400000000001,569.400000000002,516.400000000002,626.400000000002,565.399999999994,510.400000000001,591.400000000002,790.2,678.2,517.2,631.2,540.2,575.2,494.2,525.2,604.2,589.2,712.0,678.0,
360,R3325,40UD,E07000189,South Somerset,746.399999999994,542.400000000009,792.399999999994,764.400000000009,782.399999999994,702.399999999994,712.400000000009,650.399999999994,511.400000000009,1058.39999999999,479.1,454.1,539.1,776.1,612.1,620.1,560.1,647.1,656.1,1090.1,687.0,869.0,
361,D3315,40UE,E07000190,Taunton Deane,491.099999999999,511.099999999999,374.100000000006,403.099999999999,348.099999999999,321.099999999999,502.099999999999,370.100000000006,391.099999999999,351.099999999999,553.395715511073,507.395715511073,630.395715511073,841.395715511073,946.395715511073,1013.39571551107,929.395715511073,560.395715511073,,,,,
362,H3320,40UF,E07000191,West Somerset,139.250829536664,132.250829536661,118.250829536664,45.2508295366606,116.250829536664,148.250829536664,72.2508295366606,46.2508295366642,-20.7491704633394,-44.2574658299636,112.358670667293,71.6315749135528,106.631574913553,177.631574913553,121.631574913553,154.631574913553,125.631574913553,62.6315749135528,,,,,
363,A0013,A0013,E07000246,Somerset West and Taunton,,,,,,,,,,,,,,,,,,,573.027290424626,526.027290424626,728.0,972.0,
364,,,E10000028,Staffordshire,2911.8237461938,3119.82374619377,2650.8237461938,3319.75047502992,3839.8237461938,3054.82374619379,3365.82374619378,2949.8237461938,2180.82374619377,2121.65955541976,1189.77648902821,1300.13594566353,1295.13594566353,2052.13594566353,1498.13594566353,2812.13594566353,3178.13594566353,3078.13594566353,3956.13594566353,3365.13594566353,4260.0,4168.0,3288.0
365,X3405,41UB,E07000192,Cannock Chase,564.953609058983,553.953609058975,394.953609058983,378.417518469178,331.953609058983,606.953609058975,296.953609058983,295.953609058983,227.953609058975,316.953609058983,24.0,149.0,243.0,238.0,-23.0,355,608,217,913.0,302.0,620.0,437.0,188.0
366,B3410,41UC,E07000193,East Staffordshire,575.050825172337,311.050825172344,270.050825172337,371.513644598286,792.050825172337,385.050825172337,648.050825172344,566.050825172337,409.050825172344,429.079754022998,207.177899686518,222.53578892372,186.53578892372,304.53578892372,411.53578892372,487.53578892372,633.53578892372,715.53578892372,695.53578892372,641.53578892372,705.0,935.0,785.0
367,K3415,41UD,E07000194,Lichfield,530.619311962473,478.619311962466,627.619311962473,591.619311962473,646.619311962473,336.619311962466,577.619311962473,269.619311962473,147.619311962466,243.426192337764,197.1,235.1,318.1,177.1,196.1,318.1,548.1,736.1,577.1,544.1,743.0,756.0,716.0
368,P3420,41UE,E07000195,Newcastle-under-Lyme,136.300000000003,143.299999999996,283.300000000003,226.299999999996,244.300000000003,219.300000000003,153.299999999996,288.300000000003,227.299999999996,191.300000000003,171.098589341694,126.100156739812,173.100156739812,434.100156739812,-6.89984326018822,273.100156739812,127.100156739812,102.100156739812,184.100156739812,494.100156739812,576.0,234.0,304.0
369,C3430,41UF,E07000196,South Staffordshire,314.300000000003,288.299999999996,171.300000000003,227.299999999996,315.300000000003,175.300000000003,371.299999999996,329.300000000003,366.299999999996,197.300000000003,194.6,192.6,164.6,295.6,221.6,234.6,259.6,277.6,230.6,253.6,530.0,573.0,356.0
370,Y3425,41UG,E07000197,Stafford,824.300000000003,839.299999999996,434.300000000003,699.299999999996,735.300000000003,454.300000000003,702.299999999996,601.300000000003,305.299999999996,339.300000000003,321.2,208.2,156.2,328.2,598.2,920.2,773.2,609.2,662.2,524.2,506.0,631.0,423.0
371,L3435,41UH,E07000198,Staffordshire Moorlands,340.800000000003,225.799999999996,236.800000000003,405.799999999996,443.800000000003,319.800000000003,320.799999999996,295.800000000003,244.799999999996,170.800000000003,43.7,69.7,51.7,250.7,71.7,100.7,114.7,140.7,184.7,181.7,175.0,244.0,237.0
372,Z3445,41UK,E07000199,Tamworth,-374.5,279.5,232.5,419.5,330.5,557.5,295.5,303.5,252.5,233.5,30.9,96.9,1.9,23.9,28.9,122.9,113.9,279.9,508.9,423.9,405.0,358.0,279.0
373,,,E10000029,Suffolk,2687.84859638179,3036.84859638178,3009.84859638178,2671.84859638178,3700.84859638178,4510.84859638179,4593.84859638178,3470.84859638178,2539.84859638178,2458.36263256395,1911.45184318315,1638.28312853521,1871.28312853521,2246.28312853521,2297.28312853521,2364.28312853521,2410.28312853521,3266.28312853521,2901.28312853521,2903.28312853521,3477.0,3900.0,3142.0
374,D3505,42UB,E07000200,Babergh,281.548596381785,536.548596381785,251.548596381785,226.548596381785,228.548596381777,314.548596381785,295.548596381785,328.548596381785,224.548596381785,272.062632563946,244.551843183151,209.383128535205,281.383128535205,162.383128535205,147.383128535205,216.383128535205,321.383128535205,569.383128535206,283.383128535205,393.383128535205,758.0,644.0,588.0
375,H3510,42UC,E07000201,Forest Heath,206.099999999999,119.100000000002,114.099999999999,260.100000000002,393.099999999999,324.099999999999,607.100000000002,369.099999999999,412.100000000002,431.099999999999,359.28228985352,329.28228985352,257.28228985352,180.28228985352,203.28228985352,348.28228985352,397.28228985352,430.28228985352,,,,,
376,R3515,42UD,E07000202,Ipswich,401.400000000001,510.400000000001,606.399999999994,771.400000000002,836.400000000002,1039.4,1467.4,998.399999999994,443.400000000001,542.400000000002,219.0,32.0,103.0,406.0,432.0,192,77,159,357.0,179.0,171.0,209.0,206.0
377,W3520,42UE,E07000203,Mid Suffolk,389.599999999999,359.599999999999,475.600000000006,455.599999999999,628.599999999999,881.599999999999,586.599999999999,502.600000000006,496.599999999999,383.599999999999,366.2,273.2,523.2,390.2,278.2,279.2,400.2,664.2,425.2,649.2,862.0,1248.0,1008.0
378,E3525,42UF,E07000204,St Edmundsbury,434.800000000003,552.799999999996,723.800000000003,266.799999999996,463.800000000003,632.800000000003,642.799999999996,481.800000000003,449.799999999996,387.800000000003,165.01771014648,216.01771014648,229.01771014648,449.01771014648,442.01771014648,419.01771014648,253.01771014648,463.01771014648,,,,,
379,J3530,42UG,E07000205,Suffolk Coastal,435.0,568.0,467.0,359.0,914.0,1162.0,706.0,562.0,268.0,228.0,319.293831053788,373.293831053788,264.293831053788,476.293831053788,613.293831053788,599.293831053788,631.293831053788,637.293831053788,,,,,
380,T3535,42UH,E07000206,Waveney,539.400000000002,390.400000000001,371.399999999994,332.400000000001,236.400000000001,156.400000000001,288.400000000001,228.399999999994,245.400000000001,213.400000000001,238.106168946212,205.106168946212,213.106168946212,182.106168946212,181.106168946212,310.106168946212,330.106168946212,343.106168946212,,,,,
381,A0011,A0011,E07000244,East Suffolk,,,,,,,,,,,,,,,,,,,914.4,807.4,822.0,810.0,857.0
382,A0012,A0012,E07000245,West Suffolk,,,,,,,,,,,,,,,,,,,921.3,874.3,864.0,989.0,483.0
383,,,E10000030,Surrey,2400.52706876458,2560.52706876455,2782.52706876458,2840.52706876456,3822.52706876458,3949.52706876458,3240.52706876456,3167.52706876458,2079.52706876455,1931.2563811189,2573.67930005426,2977.14674443842,2385.14674443842,2247.14674443842,3387.14674443842,3599.14674443842,3976.14674443842,3763.14674443842,3666.14674443842,4504.14674443842,5131.0,5071.0,4212.0
384,K3605,43UB,E07000207,Elmbridge,359.800000000003,269.799999999996,395.800000000003,443.799999999996,342.800000000003,363.800000000003,259.799999999996,239.800000000003,181.799999999996,335.800000000003,332.7,291.7,286.7,285.7,275.7,302.7,158.7,462.7,431.7,345.7,768.0,236.0,406.0
385,P3610,43UC,E07000208,Epsom and Ewell,272.900000000001,257.899999999998,198.900000000001,229.899999999998,249.900000000001,344.900000000001,317.899999999998,257.900000000001,139.899999999998,287.900000000001,261.2,489.2,203.2,172.2,131.2,279.2,132.2,137.2,157.2,101.2,117.0,317.0,138.0
386,Y3615,43UD,E07000209,Guildford,131.5,212.5,210.5,307.5,463.5,306.5,604.5,113.5,191.5,150.5,240.4,162.4,64.4,132.4,320.4,433.4,231.4,284.4,284.4,795.4,736.0,704.0,715.0
387,C3620,43UE,E07000210,Mole Valley,205.300000000003,258.299999999996,212.300000000003,228.299999999996,212.300000000003,608.300000000003,296.299999999996,194.300000000003,143.299999999996,140.300000000003,205.0,144.0,97.0,160.0,128.0,177,356,296,128.0,244.0,254.0,217.0,163.0
388,L3625,43UF,E07000211,Reigate and Banstead,270.327068764571,378.327068764564,288.327068764571,380.327068764571,533.327068764564,524.327068764571,519.327068764571,753.327068764571,347.327068764564,335.056381118884,482.9,496.9,463.9,447.9,562.9,544.9,580.9,562.9,486.9,828.9,728.0,644.0,508.0
389,Q3630,43UG,E07000212,Runnymede,33.2999999999993,77.2999999999993,159.300000000003,142.299999999996,442.300000000003,125.300000000003,173.299999999996,153.300000000003,260.299999999996,94.3000000000029,176.779300054258,161.246744438416,68.2467444384158,122.246744438416,403.246744438416,158.246744438416,752.246744438416,426.246744438416,295.246744438416,267.246744438416,488.0,511.0,439.0
390,Z3635,43UH,E07000213,Spelthorne,248.0,78.0,417.0,216.0,78.0,124.0,128.0,131.0,155.0,83.0,168.6,179.6,200.6,274.6,317.6,356.6,259.6,298.6,237.6,517.6,336.0,138.0,286.0
391,D3640,43UJ,E07000214,Surrey Heath,116.0,337.0,186.0,128.0,391.0,340.0,107.0,329.0,22.0,32.0,221.8,259.8,169.8,146.8,304.8,263.8,266.8,410.8,418.8,394.8,370.0,403.0,322.0
392,M3645,43UK,E07000215,Tandridge,177.5,211.5,211.5,226.5,275.5,416.5,268.5,280.5,154.5,146.5,168.4,266.4,302.4,187.4,363.4,259.4,352.4,289.4,307.4,162.4,238.0,307.0,238.0
393,R3650,43UL,E07000216,Waverley,215.900000000001,271.900000000001,292.899999999994,305.900000000001,325.900000000001,454.900000000001,330.900000000001,388.899999999994,257.900000000001,217.900000000001,112.1,222.1,129.1,222.1,224.1,395.1,511.1,334.1,597.1,676.1,710.0,966.0,729.0
394,A3655,43UM,E07000217,Woking,370.0,208.0,210.0,232.0,508.0,341.0,235.0,326.0,226.0,108.0,203.8,303.8,399.8,95.8,355.8,428.8,374.8,260.8,321.8,170.8,386.0,628.0,268.0
395,,,E10000031,Warwickshire,2768.1,1953.1,2212.1,2720.1,2979.1,3145.1,2335.1,1602.1,1247.1,1264.1,943.2,1187.2,1160.2,2369.2,2840.2,3389.2,3540.2,4296.2,4086.2,3168.2,4483.0,4689.0,4045.0
396,R3705,44UB,E07000218,North Warwickshire,161.099999999999,114.100000000002,123.099999999999,136.100000000002,81.0999999999985,173.099999999999,145.100000000002,109.099999999999,97.1000000000022,101.099999999999,98.9,54.9,71.9,216.9,224.9,342.9,243.9,353.9,231.9,153.9,200.0,162.0,265.0
397,W3710,44UC,E07000219,Nuneaton and Bedworth,547.800000000003,661.799999999996,698.800000000003,515.799999999996,725.800000000003,358.800000000003,333.799999999996,331.800000000003,176.799999999996,369.800000000003,258.0,298.0,172.0,421.0,431.0,419,516,667,638.0,620.0,809.0,1003.0,1016.0
398,E3715,44UD,E07000220,Rugby,524.900000000002,173.900000000001,517.899999999994,385.900000000001,561.900000000002,1474.9,681.900000000002,356.899999999994,392.900000000001,400.900000000001,356.2,362.2,423.2,460.2,562.2,409.2,606.2,967.2,899.2,860.2,939.0,1306.0,866.0
399,J3720,44UE,E07000221,Stratford-on-Avon,573.199999999997,607.200000000004,673.199999999997,896.200000000004,766.199999999997,565.199999999997,501.200000000004,301.199999999997,305.200000000004,223.199999999997,146.7,359.7,321.7,699.7,1049.7,1210.7,1327.7,1399.7,1333.7,834.7,1572.0,1445.0,1011.0
400,T3725,44UF,E07000222,Warwick,961.099999999999,396.099999999999,199.100000000006,786.099999999999,844.099999999999,573.099999999999,673.099999999999,503.100000000006,275.099999999999,169.099999999999,83.4,112.4,171.4,571.4,572.4,1007.4,846.4,908.4,983.4,699.4,963.0,773.0,887.0
401,,,E10000032,West Sussex,2038.59999999999,3171.60000000001,2731.6,2497.60000000001,3045.59999999999,2736.59999999999,3212.60000000001,3185.6,2319.60000000001,2348.59999999999,2654.3,2213.3,2566.3,3215.3,4650.3,3988.3,4117.3,4221.3,3921.3,3977.3,3851.0,3885.0,4059.0
402,Y3805,45UB,E07000223,Adur,60.0999999999985,46.1000000000022,79.0999999999985,140.100000000002,220.099999999999,236.099999999999,166.100000000002,143.099999999999,81.1000000000022,83.0999999999985,188.9,146.9,87.9,92.9,26.9,59.9,109.9,108.9,8.9,204.9,98.0,105.0,120.0
403,C3810,45UC,E07000224,Arun,528.399999999994,754.400000000009,649.399999999994,332.400000000009,220.399999999994,296.399999999994,569.400000000009,526.399999999994,393.400000000009,495.399999999994,754.4,512.4,397.4,642.4,935.4,648.4,743.4,639.4,542.4,721.4,662.0,929.0,1005.0
404,L3815,45UD,E07000225,Chichester,430.599999999999,570.599999999999,482.600000000006,529.599999999999,560.599999999999,429.599999999999,504.599999999999,671.600000000006,398.599999999999,507.599999999999,452.8,397.8,328.8,560.8,679.8,663.8,789.8,734.8,641.8,629.8,701.0,916.0,762.0
405,Q3820,45UE,E07000226,Crawley,9.19999999999709,47.2000000000044,51.1999999999971,151.200000000004,164.199999999997,444.199999999997,655.200000000004,344.199999999997,385.200000000004,357.199999999997,154.0,32.0,120.0,168.0,509.0,549,322,465,405.0,521.0,358.0,190.0,139.0
406,Z3825,45UF,E07000227,Horsham,494.0,1038.0,586.0,461.0,781.0,523.0,351.0,436.0,362.0,289.0,226.8,449.8,791.8,819.8,1177.8,761.8,1097.8,1357.8,920.8,736.8,664.0,414.0,457.0
407,D3830,45UG,E07000228,Mid Sussex,390.800000000003,428.799999999996,685.800000000003,604.799999999996,757.800000000003,483.800000000003,648.799999999996,626.800000000003,389.799999999996,317.800000000003,719.7,487.7,580.7,565.7,828.7,943.7,557.7,608.7,991.7,1041.7,1122.0,1062.0,1237.0
408,M3835,45UH,E07000229,Worthing,125.5,286.5,197.5,278.5,341.5,323.5,317.5,437.5,309.5,298.5,157.7,186.7,259.7,365.7,492.7,361.7,496.7,306.7,410.7,121.7,246.0,269.0,339.0
409,,,E10000033,Wiltshire,2319.7,1542.7,2063.70000000001,1730.69999999999,1905.7,1780.7,2385.7,1584.70000000001,,,,,,,,,,,,,,,
410,E3905,46UB,E07000230,Kennet,469.889072649199,263.889072649203,443.889072649199,278.889072649199,236.889072649199,282.889072649203,548.889072649195,353.889072649203,,,,,,,,,,,,,,,
411,J3910,46UC,E07000231,North Wiltshire,458.97972121714,439.97972121714,456.979721217147,679.97972121714,791.97972121714,768.97972121714,759.97972121714,463.979721217147,,,,,,,,,,,,,,,
412,T3915,46UD,E07000232,Salisbury,696.387005209472,184.387005209464,254.387005209472,155.387005209464,359.387005209472,295.387005209464,384.387005209472,409.387005209472,,,,,,,,,,,,,,,
413,F3925,46UF,E07000233,West Wiltshire,694.44420092419,654.44420092419,908.44420092419,616.44420092419,517.44420092419,433.44420092419,692.44420092419,357.44420092419,,,,,,,,,,,,,,,
414,,,E10000034,Worcestershire,1845.87161845191,2206.87161845192,1857.87161845192,2418.87161845192,2463.87161845191,2329.87161845191,1738.87161845192,1630.87161845192,1411.87161845191,1153.15543393276,1453.4,1437.4,2172.4,2724.4,2847.4,2409.4,2972.4,3009.4,2276.4,2121.4,2295.0,1975.0,1646.0
415,P1805,47UB,E07000234,Bromsgrove,516.199999999997,511.200000000004,299.199999999997,525.200000000004,695.199999999997,293.199999999997,152.200000000004,176.199999999997,89.2000000000044,139.199999999997,323.4,197.4,248.4,281.4,544.4,364.4,580.4,269.4,331.4,218.4,164.0,193.0,125.0
416,J1860,47UC,E07000235,Malvern Hills,121.799999999999,369.799999999999,201.800000000003,209.799999999999,179.799999999999,298.799999999999,320.799999999999,270.800000000003,236.799999999996,150.800000000003,214.6,161.6,169.6,243.6,308.6,348.6,440.6,562.6,377.6,448.6,407.0,227.0,179.0
417,Q1825,47UD,E07000236,Redditch,248.0,290.0,422.0,325.0,292.0,482.0,245.0,109.0,178.0,130.0,64.8,132.8,173.8,340.8,186.8,188.8,389.8,395.8,284.8,204.8,127.0,103.0,279.0
418,D1835,47UE,E07000237,Worcester,3.3716184519144,250.371618451914,219.371618451922,284.371618451914,476.371618451914,522.371618451914,432.371618451914,476.371618451922,386.371618451914,239.655433932756,318.9,146.9,287.9,467.9,616.9,477.9,255.9,239.9,221.9,351.9,414.0,273.0,384.0
419,H1840,47UF,E07000238,Wychavon,555.0,427.0,426.0,481.0,358.0,349.0,309.0,271.0,236.0,256.0,274.8,514.8,851.8,870.8,902.8,712.8,1102.8,1296.8,802.8,599.8,861.0,663.0,311.0
420,R1845,47UG,E07000239,Wyre Forest,401.5,358.5,289.5,593.5,462.5,384.5,279.5,327.5,285.5,237.5,256.9,283.9,440.9,519.9,287.9,316.9,202.9,244.9,257.9,297.9,322.0,516.0,368.0
421,,,,,,,,,,,,,,,,,,,,,,,,,,,
422,,,,,,,,,,,,,,,,,,,,,,,,,,,
423,,,,,,,,,,,,,,,,,,,,,,,,,,,
424,,,,,,,,,,,,,,,,,,,,,,,,,,,
425,,,,,,,,,,,,,,,,,,,,,,,,,,,
426,,,,,,,,,,,,,,,,,,,,,,,,,,,
427,,,,,,,,,,,,,,,,,,,,,,,,,,,
428,,,,,,,,,,,,,,,,,,,,,,,,,,,
429,,,,,,,,,,,,,,,,,,,,,,,,,,,
430,,,,,,,,,,,,,,,,,,,,,,,,,,,
431,,,,,,,,,,,,,,,,,,,,,,,,,,,
432,,,,,,,,,,,,,,,,,,,,,,,,,,,
433,,,,,,,,,,,,,,,,,,,,,,,,,,,
434,,,,,,,,,,,,,,,,,,,,,,,,,,,
435,,,,,,,,,,,,,,,,,,,,,,,,,,,
436,,,,,,,,,,,,,,,,,,,,,,,,,,,
437,,,,,,,,,,,,,,,,,,,,,,,,,,,
438,,,,,,,,,,,,,,,,,,,,,,,,,,,
439,,,,,,,,,,,,,,,,,,,,,,,,,,,
440,,,,,,,,,,,,,,,,,,,,,,,,,,,
441,,,,,,,,,,,,,,,,,,,,,,,,,,,
442,,,,,,,,,,,,,,,,,,,,Latest update,24/11/2023,,,,,,
443,,,,,,,,,,,,,,,,,,,,Next update,,Nov 2024,,,,,
